,file,category,features,feat_len,category
2333,data/audio_cat-classification/NAYA_DATA_AUG1X/Mating/cat03116.mp3,cat,"[-416.00640869140625, 125.64179229736328, -2.634927272796631, 3.393033027648926, 7.298089504241943, -8.754055976867676, -7.117441177368164, 1.9483158588409424, -3.6584880352020264, -9.33415412902832, -9.711899757385254, 2.1227259635925293, 2.4076268672943115, -0.45557695627212524, -1.5992742776870728, -6.402819633483887, -0.5321210622787476, -5.938443183898926, 0.08769172430038452, -2.276900291442871, 0.29272642731666565, 0.11673218756914139, -0.08398441225290298, -0.11575958877801895, -0.020169705152511597, -0.06390783935785294, 0.004880316089838743, -0.004247888457030058, 0.0017042752588167787, 0.001991508761420846, -0.04086965322494507, -0.042076870799064636, -0.01563340239226818, -0.045706700533628464, -0.015927771106362343, 0.035378798842430115, 0.013962988741695881, 0.017118459567427635, 0.048372942954301834, 0.04532301425933838, -0.43845677375793457, -0.10213429480791092, 0.03039630688726902, 0.021203555166721344, 0.02237521857023239, 0.012431377544999123, -0.0010267820907756686, -0.0018792335176840425, 0.024288084357976913, 0.020915979519486427, 0.023282205685973167, 0.00920903030782938, -0.011495502665638924, -0.0032075042836368084, -0.019238531589508057, -0.022499937564134598, -0.018708709627389908, -0.004934962838888168, -0.02687753364443779, 0.031217338517308235, 1713.8483765678604, 0.015005779452621937, 3347.7958922173566]",63,cat
1268,data/audio_cat-classification/NAYA_DATA_AUG1X/Happy/Edit9102Hpy_aug1(1).mp3,cat,"[-314.7190246582031, 83.96440887451172, -27.685272216796875, 19.3883113861084, -13.427407264709473, 12.019762992858887, -9.532001495361328, 5.524891376495361, -4.032205581665039, 0.8878766894340515, -2.3210020065307617, -2.1962311267852783, 0.9912760257720947, -5.541618824005127, 3.6131646633148193, -1.6928448677062988, 4.015973091125488, -3.391742467880249, -2.3048152923583984, -2.9739859104156494, 2.1432182788848877, 0.747043251991272, -0.20809079706668854, 0.19577360153198242, -0.17553023993968964, 0.06819575279951096, -0.06579489260911942, 0.03182967007160187, -0.05789337307214737, -0.002749689621850848, 0.013698503375053406, -0.031289830803871155, 0.020795224234461784, -0.007045702543109655, 0.008334091864526272, -0.03779012709856033, 0.019870104268193245, -0.03316420689225197, -0.01512951496988535, -0.03608768805861473, -0.04738137871026993, -0.039028480648994446, 0.03067072667181492, 0.026372266933321953, 0.046208705753088, -0.019849631935358047, 0.015032337047159672, -0.004538957495242357, 0.0019131499575451016, -0.005077345762401819, 0.02178102545440197, 0.010900222696363926, 0.020478950813412666, 0.030916880816221237, 0.011435630731284618, 0.015237865038216114, -0.014172215014696121, -0.004996152129024267, -0.028286421671509743, -0.01834130473434925, 1171.9471331243453, 0.39327943325042725, 2151.3015747070312]",63,cat
4078,data/audio_cat-classification/NAYA_DATA_AUG1X/HuntingMind/Cat_YoutubeLLT42391.mp3,cat,"[-380.6581726074219, 125.11058044433594, -12.571922302246094, 21.307329177856445, 7.134706020355225, 14.410858154296875, 3.9766316413879395, 4.9948530197143555, 5.159163951873779, -1.2262428998947144, 1.4090977907180786, 8.139904022216797, 7.166516304016113, 3.356799364089966, 1.1806820631027222, -0.16795119643211365, -5.193596363067627, -1.1502565145492554, -1.2276732921600342, 1.4275749921798706, 0.3494550585746765, 0.25012272596359253, 0.23172800242900848, -0.10936908423900604, 0.021702272817492485, 0.015518301166594028, 0.0315445214509964, -0.07145668566226959, 0.0008415805641561747, 0.0768275111913681, 0.1738109439611435, 0.12477296590805054, 0.0814560204744339, 0.20134182274341583, -0.026594804599881172, -0.05032338574528694, 0.04103383421897888, 0.03288353979587555, 0.062338147312402725, 0.06472385674715042, -0.6522699594497681, -0.33296942710876465, -0.008662979118525982, 0.0038766220677644014, -0.03257696330547333, -0.031176771968603134, 0.056164905428886414, 0.01046229898929596, -0.04293813556432724, -0.04481391981244087, -0.01264923345297575, -0.04273548722267151, -0.03628247231245041, 0.0023780609481036663, 0.04720861464738846, 0.03480725362896919, -0.011029710061848164, -0.00864484068006277, -0.014454130083322525, -0.0793927013874054, 1641.4387140998608, 0.008125628344714642, 2966.8220600328946]",63,cat
4447,data/audio_cat-classification/NAYA_DATA_AUG1X/Fighting/car_extcoll0256.mp3,cat,"[-107.70047760009766, -18.80122184753418, -62.367462158203125, 27.354244232177734, -32.48727798461914, 12.520456314086914, -15.836955070495605, 14.17545223236084, -16.747283935546875, 8.209722518920898, -26.24875831604004, 7.764054775238037, -11.665005683898926, -6.743517875671387, -3.7129924297332764, -3.851126194000244, -1.6877260208129883, -4.254892826080322, 7.669334411621094, 1.6336251497268677, -0.6486068367958069, 1.328182578086853, 0.5382216572761536, -0.8521373271942139, 0.13342733681201935, -0.2932325601577759, 0.25550809502601624, -0.336262971162796, -0.30832377076148987, 0.6385927796363831, 0.5412620902061462, -0.01488548144698143, 0.0510670505464077, -0.11640740931034088, 0.015629803761839867, 0.35562437772750854, -0.1628427356481552, -0.09032578766345978, -0.19249217212200165, -0.27066531777381897, -0.437903493642807, 0.012099078856408596, -0.26995325088500977, 0.033996883779764175, -0.10222231596708298, -0.1668388843536377, -0.13415536284446716, 0.07583945989608765, -0.007139679044485092, 0.04731384664773941, -0.07792925834655762, -0.11552643030881882, 0.023760180920362473, 0.08787915110588074, 0.07472150772809982, 0.1254565268754959, 0.04907563328742981, -0.05228036642074585, 0.036004241555929184, -0.08604037016630173, 4207.498041085506, 0.06889671087265015, 6961.586692116477]",63,cat
4006,data/audio_cat-classification/NAYA_DATA_AUG1X/HuntingMind/cat_youtube01273.mp3,cat,"[-278.23944091796875, 79.52576446533203, -38.5294075012207, 33.408302307128906, -14.378211975097656, 2.7730960845947266, 4.673893451690674, 18.04959487915039, -6.0569353103637695, -5.74052619934082, -13.219585418701172, 6.707946300506592, 9.115522384643555, 1.847601056098938, -4.399775505065918, 2.530211925506592, -9.25303840637207, -5.434858798980713, 0.3393482267856598, 3.8793110847473145, 0.5972801446914673, 0.028186049312353134, -0.02862711250782013, 0.08523333072662354, -0.08040671795606613, 0.08217981457710266, 0.15631899237632751, 0.05667538195848465, -0.08673012256622314, 0.08539918065071106, 0.06276515126228333, -0.06837481260299683, -0.09158137440681458, -0.04994671791791916, 0.0045392513275146484, -0.019695483148097992, -0.00826197862625122, 0.040102988481521606, 0.07306322455406189, -0.0273953378200531, -0.7559490203857422, 0.017859462648630142, 0.10687361657619476, -0.0289524644613266, 0.007946420460939407, 0.013504508882761002, -0.012016728520393372, -0.09784705191850662, -0.04722459241747856, 0.02611890435218811, 0.039125390350818634, -0.05479816347360611, -0.07050858438014984, 0.01704912818968296, 0.06335961818695068, -0.002222854644060135, -0.03339084982872009, 0.04612461104989052, -0.017017286270856857, -0.0855114758014679, 2628.14153372239, 0.039051130414009094, 4587.41340637207]",63,cat
3365,data/audio_cat-classification/NAYA_DATA_AUG1X/Angry/LastEntry_cat1278Ang.mp3,cat,"[-188.485107421875, 128.19119262695312, -27.62259864807129, -3.240039348602295, -16.07923126220703, -0.7911171913146973, -7.200599193572998, -6.457209587097168, -0.8187510967254639, -7.207533359527588, -7.410843849182129, -0.6281976103782654, -7.549439907073975, -11.366711616516113, -10.746809959411621, 8.298991203308105, -3.244844913482666, 6.218461990356445, 5.833554744720459, 3.343808174133301, 0.2793915867805481, 0.09779313951730728, -0.09838110208511353, -0.019379872828722, 0.0514550544321537, 0.04086431488394737, -0.008181162178516388, 0.0349317267537117, -0.026471393182873726, -0.06902270019054413, -0.04784397408366203, -0.06326723098754883, -0.014468472450971603, 0.0375160314142704, 0.012466620653867722, 0.012912834994494915, 0.038753192871809006, -0.022971129044890404, -0.08009243756532669, -0.008304156363010406, -0.31133779883384705, -0.07765166461467743, 0.052958182990550995, -0.03193072974681854, 0.023164398968219757, -0.03374651446938515, -0.028419874608516693, -0.02092895656824112, -0.0027495240792632103, -0.00026714365230873227, 0.02522869221866131, 0.025922510772943497, 0.015778085216879845, 0.032658446580171585, 0.030651474371552467, 0.007598054129630327, -0.0034297266975045204, 0.027802538126707077, 0.014099330641329288, -0.012844511307775974, 1535.5232657884164, 0.005921153351664543, 2789.3389796711385]",63,cat
3247,data/audio_cat-classification/NAYA_DATA_AUG1X/Angry/cat_flickr01479.mp3,cat,"[-198.80311584472656, 195.1132354736328, -51.84786605834961, -24.278846740722656, 16.564977645874023, -22.43412971496582, -7.338010311126709, 5.656144618988037, -21.00588607788086, -5.592294692993164, 8.779033660888672, -9.779580116271973, -4.779818534851074, 2.001748561859131, -10.322416305541992, -3.92730450630188, 1.3725553750991821, -9.213214874267578, -5.325282096862793, -1.7210432291030884, 0.3508693277835846, 0.20953033864498138, -0.16241857409477234, 0.01644127629697323, 0.08944307267665863, -0.07196268439292908, -0.04521913826465607, -0.011412927880883217, -0.07251846045255661, -0.03101334720849991, -0.014400888234376907, -0.08934357017278671, -0.04929179325699806, 0.03979630768299103, 0.007722976617515087, -0.01831742562353611, -0.009688619524240494, -0.01930207572877407, -0.008168680593371391, -0.0037952284328639507, -0.159537672996521, -0.11608792096376419, 0.05118805542588234, -0.005730622448027134, -0.04739029332995415, 0.030983375385403633, 0.02512258104979992, 0.004867112264037132, 0.042067211121320724, 0.022120343521237373, 0.003420888911932707, 0.031559303402900696, 0.023813655599951744, 0.005102908238768578, 0.01843484677374363, 0.020448654890060425, 0.018515590578317642, 0.020777985453605652, 0.006810749880969524, 0.0004521107766777277, 995.2061476600514, 0.0003282868128735572, 1648.62509765625]",63,cat
3841,data/audio_cat-classification/NAYA_DATA_AUG1X/HuntingMind/catchatter237.mp3,cat,"[-632.3541259765625, 95.50902557373047, -20.3548583984375, 13.146668434143066, -4.48096227645874, 18.107505798339844, -19.012582778930664, -1.5622402429580688, -1.3229496479034424, -6.569398880004883, -11.79942512512207, -10.82075023651123, 3.0481839179992676, -8.511540412902832, 0.010224159806966782, -4.922229290008545, -1.254562258720398, -3.778298854827881, -3.9040915966033936, -3.625541925430298, -0.49072882533073425, -0.11121634393930435, 0.2390785962343216, 0.2989330589771271, 0.18693093955516815, 0.0477079339325428, 0.07458361238241196, -0.0819581001996994, -0.04112546890974045, -0.041815467178821564, -0.020837362855672836, 0.058762047439813614, 0.12279468029737473, 0.08686932176351547, -0.05274117365479469, 0.02265670709311962, -0.11504131555557251, -0.11488908529281616, -0.08690862357616425, -0.08470597863197327, -0.14679747819900513, 0.06269720941781998, 0.06342001259326935, -0.03747453913092613, -0.02103669010102749, -0.08550607413053513, -0.057801779359579086, -0.07025932520627975, -0.05862652137875557, 0.0035161185078322887, 0.03035474568605423, 0.026994137093424797, 0.03192663565278053, 0.0132595868781209, -0.012096993625164032, 0.0072694034315645695, 0.019981196150183678, -0.014906099066138268, -0.006693895906209946, -0.027698606252670288, 2286.9201720776314, 0.031724538654088974, 4915.125420752992]",63,cat
5040,data/audio_cat-classification/NAYA_DATA_AUG1X/MotherCall/Online_Cat0447Pil.mp3,cat,"[-321.9049987792969, 60.14496612548828, -36.267051696777344, 23.621240615844727, 15.564457893371582, 7.505926132202148, 16.19315528869629, 25.179101943969727, -4.50302791595459, 6.138250350952148, -12.446492195129395, 26.44957160949707, 1.3051495552062988, 3.4795565605163574, -2.195108413696289, 0.22663933038711548, -2.5203189849853516, 2.2967140674591064, 1.6508324146270752, 8.997958183288574, 0.627280056476593, 0.2847987413406372, 0.07285100221633911, 0.21151898801326752, -0.05820769816637039, 0.027077751234173775, 0.01395694725215435, -0.051040470600128174, -0.05342838168144226, 0.2003955841064453, 0.015158846974372864, -0.05659935250878334, -0.036495041102170944, 0.013923325575888157, 0.052518244832754135, -0.0009686429402790964, 0.11063472926616669, 0.032110199332237244, 0.06665655970573425, -0.09957356005907059, -1.3897624015808105, -0.6208940148353577, 0.07058877497911453, -0.2512638568878174, 0.03372781723737717, -0.09155231714248657, -0.039217256009578705, -0.08580464869737625, -0.07603081315755844, -0.1706371158361435, -0.0415787510573864, 0.029241206124424934, -0.017334073781967163, -0.07748843729496002, -0.061365436762571335, -0.003236751537770033, -0.1069328635931015, 0.005299595184624195, 0.06808899343013763, -0.003982975613325834, 2748.281154713149, 0.032198403030633926, 4558.335329451651]",63,cat
2858,data/audio_cat-classification/NAYA_DATA_AUG1X/Warning/cat_flickr01311_aug1(1).mp3,cat,"[-141.33627319335938, 65.07861328125, -22.956382751464844, 17.272523880004883, -0.28199464082717896, 33.333457946777344, -10.05982780456543, 14.065546989440918, 27.129304885864258, 8.2529935836792, 18.15032958984375, 1.7578177452087402, 19.32136344909668, 9.440027236938477, -2.772073268890381, 11.546675682067871, 9.24140453338623, 6.397961139678955, 1.3187540769577026, 0.6814019083976746, 0.9274484515190125, 0.13910284638404846, 0.045438311994075775, -0.06536972522735596, 0.20777538418769836, -0.11493060737848282, -0.24748334288597107, -0.040616266429424286, 0.196780264377594, 0.1680336892604828, -0.01655726321041584, 0.046903010457754135, 0.017146145924925804, 0.06667809933423996, -0.003669662866741419, -0.03553176298737526, -0.14893296360969543, -0.034788407385349274, 0.1393035650253296, 0.053781673312187195, -1.4832795858383179, -0.22931620478630066, 0.19382864236831665, 0.06450062990188599, 0.2531227469444275, 0.29041606187820435, 0.15576249361038208, 0.07052645087242126, -0.09031950682401657, -0.1161404624581337, 0.03076576441526413, 0.15056680142879486, 0.019909339025616646, -0.013901953585445881, -0.024792246520519257, -0.11338544636964798, -0.01212310791015625, 0.011404450982809067, -0.11044175922870636, -0.16131719946861267, 2609.8287559320283, 0.011467423290014267, 5523.2666015625]",63,cat
84,data/audio_cat-classification/NAYA_DATA_AUG1X/Paining/Last_addCat129587Res_aug1(1).mp3,cat,"[-182.73074340820312, 84.72416687011719, -21.980276107788086, -1.4206098318099976, -1.6792852878570557, -8.510652542114258, -10.93999195098877, -11.275821685791016, -1.6717344522476196, -1.2853193283081055, -7.337551116943359, -7.151467323303223, -2.9817445278167725, -5.909440517425537, -3.213228702545166, -4.1883697509765625, -8.210454940795898, -5.660312175750732, -7.42470121383667, -5.757980823516846, 2.9735238552093506, 0.646575391292572, -0.16097205877304077, 0.060681335628032684, -0.03154085949063301, -0.11962723731994629, -0.1325071007013321, -0.14347708225250244, 0.0707673653960228, 0.06685955822467804, 0.01526410598307848, -0.032956562936306, -0.01627945527434349, -0.1195765882730484, -0.12648895382881165, -0.07893456518650055, -0.021691512316465378, -0.006266433745622635, 0.03004419058561325, 0.043040405958890915, -0.01391359232366085, 0.01921425387263298, 0.02805306576192379, 0.018420729786157608, 0.030972493812441826, 0.0203535333275795, -0.02408364973962307, 0.0442587211728096, -0.010173555463552475, -0.019099045544862747, -0.017160216346383095, -0.006698281038552523, -0.005525065120309591, -0.016572916880249977, -0.022840816527605057, 0.03425774723291397, 0.010298473760485649, 0.01192136388272047, -0.0034985640086233616, 0.0019320625578984618, 1969.7342838361706, 0.15490539371967316, 3793.8259177011987]",63,cat
800,data/audio_cat-classification/NAYA_DATA_AUG1X/Defence/Cat_Hiss100613.mp3,cat,"[-380.40960693359375, 49.64463806152344, 15.122194290161133, 7.935657978057861, 6.253054618835449, 7.6877217292785645, -4.639066219329834, 1.0762698650360107, -0.9307369589805603, 5.806509971618652, -0.5152102112770081, -1.3576550483703613, -2.6762406826019287, -0.804498553276062, -1.6996060609817505, -0.8735693097114563, 0.28081926703453064, 0.3853071331977844, -0.04590217024087906, 1.6063259840011597, -0.31844183802604675, 0.22703886032104492, 0.21012094616889954, -0.09216649830341339, 0.09178920835256577, -0.13800813257694244, 0.09428057819604874, -0.11706170439720154, -0.11313830316066742, 0.05738513916730881, -0.02833363227546215, -0.040702369064092636, -0.0377846397459507, -0.16149842739105225, 0.12420124560594559, -0.08163010329008102, -0.06765872985124588, 0.09589755535125732, -0.129701629281044, -0.03634584695100784, -0.21595655381679535, 0.09462229162454605, 0.047843895852565765, -0.037758082151412964, -0.06128041073679924, -0.048502322286367416, 0.04837970808148384, -0.05226654186844826, -0.022523662075400352, -0.016074029728770256, -0.1325540840625763, -0.020084524527192116, 0.028270665556192398, 0.02895493432879448, 0.03171059116721153, 0.006262620445340872, -0.032757051289081573, -0.023694999516010284, -0.018078094348311424, 0.052353352308273315, 3875.8739300530474, 0.16960863769054413, 7985.141958841464]",63,cat
553,data/audio_cat-classification/NAYA_DATA_AUG1X/Paining/Online_Cat0515Hlp_aug1(1).mp3,cat,"[-257.6430969238281, 93.1336441040039, -37.51633834838867, 3.273186683654785, 15.649343490600586, -11.401349067687988, -3.0104310512542725, 1.8048611879348755, -5.278491973876953, -6.276451587677002, -17.23862075805664, -0.8026749491691589, 4.716641902923584, 22.50248908996582, 8.176775932312012, 14.407550811767578, -11.237011909484863, -1.0123968124389648, -3.6877777576446533, 12.371810913085938, 10.418252944946289, 3.0542993545532227, -1.5485037565231323, -0.18720747530460358, 0.17084969580173492, -0.7123166918754578, -1.084071159362793, 0.12185114622116089, 0.17771033942699432, -0.4499538838863373, -0.9537588357925415, -0.6299393773078918, -0.12020973116159439, 0.3887144923210144, 0.3997248709201813, 0.6448991298675537, 0.6341170072555542, 0.042404938489198685, -0.5821717977523804, 0.3192386031150818, -3.101719617843628, -1.1906994581222534, -0.008109299466013908, -0.22234700620174408, -0.15995626151561737, -0.290005624294281, -0.18669754266738892, 0.02212124690413475, 0.16946199536323547, -0.16137449443340302, -0.1470181941986084, -0.30016013979911804, -0.27232131361961365, -0.2048446089029312, 0.2612244188785553, 0.2644723355770111, 0.38755762577056885, 0.423921674489975, 0.03471273183822632, -0.3305724263191223, 1736.7031120109577, 0.05406670644879341, 2500.401547080592]",63,cat
2721,data/audio_cat-classification/NAYA_DATA_AUG1X/Warning/car_extcoll0291_aug1(1).mp3,cat,"[-144.74188232421875, 140.60877990722656, -28.03255844116211, 3.7079811096191406, -31.2069149017334, -5.43527364730835, -21.825040817260742, 3.492001533508301, -9.963056564331055, -8.352672576904297, -16.82356834411621, -1.6420084238052368, -16.296682357788086, -0.7991253733634949, -7.906291961669922, 2.7941837310791016, -12.014399528503418, -0.8270854949951172, -7.503810405731201, -2.305856466293335, 0.07789670675992966, -0.04836227744817734, 0.033178336918354034, -0.021474124863743782, -0.015585551038384438, 0.023448964580893517, 0.002138629322871566, 0.009392835199832916, -0.015377960167825222, -0.006614584010094404, 0.0110812122002244, 0.018004290759563446, 0.005021598190069199, -0.009505648165941238, -0.06446534395217896, 0.0078668724745512, 0.010409008711576462, 0.04752446338534355, -0.009852859191596508, -0.01446068100631237, -0.3730911314487457, -0.026588352397084236, 0.0081279082223773, 0.008999057114124298, 0.012703882530331612, 0.010036244057118893, 0.03031463362276554, -0.01474001631140709, 0.049940988421440125, -0.0021977529395371675, 0.029332298785448074, -0.0014083595015108585, 0.015952805057168007, -0.011710526421666145, 0.029515238478779793, -0.00431951554492116, 0.008054651319980621, -0.01205240935087204, 0.005005460698157549, -0.0070673213340342045, 1555.7975714140046, 0.005727487616240978, 2890.334504921531]",63,cat
4776,data/audio_cat-classification/NAYA_DATA_AUG1X/MotherCall/Last_addCat266Pill.mp3,cat,"[-387.6160888671875, 51.64339065551758, 7.233912944793701, 9.721437454223633, -0.007059662137180567, 4.824539661407471, 2.406043291091919, 3.556783437728882, 2.488055467605591, 1.7828092575073242, -4.140233516693115, -4.928547382354736, -0.1330704689025879, -2.535144805908203, 0.211361825466156, -0.39257946610450745, 1.5305219888687134, 0.30839723348617554, -1.0252838134765625, 3.301703453063965, 0.3152427077293396, 0.10670347511768341, 0.009998148307204247, 0.023722847923636436, 0.08003609627485275, 0.1095438003540039, 0.007868478074669838, -0.12271387875080109, -0.057678647339344025, -0.08991234749555588, -0.07548419386148453, 0.08123189210891724, 0.0773664340376854, 0.005885320249944925, -0.10613784939050674, 0.012359170243144035, 0.010504626668989658, -0.05874833092093468, -0.012715577147901058, 0.03310101851820946, -0.13160152733325958, -0.007168736774474382, -0.019438188523054123, -0.022456742823123932, -0.022682901471853256, -0.009636822156608105, 0.017339510843157768, 0.007590431720018387, -0.03472529724240303, -0.009946117177605629, -0.022576892748475075, 0.0021367946173995733, 0.027213292196393013, 0.04069458693265915, 0.011788733303546906, -0.03490087762475014, -0.012264871038496494, 0.02801317535340786, -0.0043860324658453465, -0.05470138415694237, 3707.3104758930526, 0.1467454433441162, 7620.878191692073]",63,cat
3049,data/audio_cat-classification/NAYA_DATA_AUG1X/Angry/car_extcoll0174_aug1(1).mp3,cat,"[-171.22621154785156, 151.06605529785156, -44.534812927246094, 34.3471565246582, -29.040843963623047, 18.812732696533203, 6.911881923675537, -9.415356636047363, 24.25794219970703, -0.4658656418323517, 7.3709716796875, 1.0833654403686523, 1.0208691358566284, 2.784254789352417, -1.9768083095550537, 3.8762128353118896, 0.49508291482925415, 1.9541916847229004, -2.18847393989563, -1.1779004335403442, 0.2963928282260895, 0.09184382110834122, -0.0737108588218689, 0.05147192254662514, -0.04218617454171181, -0.0034413617104291916, 0.007024663966149092, 0.010207254439592361, 0.020419221371412277, -0.026987720280885696, -0.0019522610818967223, -0.010881570167839527, 0.017350807785987854, 0.013416268862783909, -0.018595028668642044, 0.007961170747876167, -0.025784192606806755, 0.0014144224114716053, 0.008819282986223698, -0.0284440740942955, 0.5744927525520325, 0.23922818899154663, -0.08567960560321808, 0.0664735808968544, -0.0668649822473526, -0.0070214467123150826, -0.005643470212817192, -0.017016282305121422, 0.020836947485804558, -0.04806419834494591, 0.002704306272789836, 0.00017148607003036886, 0.007346266880631447, 0.0536244735121727, 0.038694966584444046, 0.02694103494286537, -0.0034607297275215387, -0.006048668175935745, 0.007045048289000988, 0.015903986990451813, 1342.7885379447123, 0.06196631118655205, 2859.482709099265]",63,cat
5341,data/audio_cat-classification/NAYA_DATA_AUG1X/Resting/cat_flickr01382_aug1(1).mp3,cat,"[-355.6066589355469, 124.14335632324219, 28.51283073425293, 24.359952926635742, -6.462849140167236, 14.662758827209473, -5.9457011222839355, 9.270520210266113, -13.733492851257324, 6.871757984161377, -9.898360252380371, 7.852685451507568, -5.886949062347412, -1.5192375183105469, -7.097387313842773, -1.038824200630188, -11.975920677185059, 6.772695541381836, -4.619563102722168, 3.2603533267974854, -2.361675500869751, -0.8084423542022705, -0.20494812726974487, -0.22504468262195587, 0.07331549376249313, -0.23438917100429535, 0.10700056701898575, -0.10517783463001251, 0.0655410885810852, -0.046565428376197815, 0.07647521793842316, -0.034714244306087494, 0.06599938124418259, 0.021891223266720772, 0.032755929976701736, 0.018856601789593697, 0.075385183095932, -0.0018330595921725035, 0.0215334203094244, -0.007165140938013792, -0.29054024815559387, -0.04803556576371193, 0.042197030037641525, -0.02675047516822815, -0.011006579734385014, -0.0034165324177592993, 0.043630409985780716, 0.01251082494854927, 0.03788259997963905, -0.031762607395648956, -0.0014540255069732666, -0.016065968200564384, 0.007345977239310741, -0.009637441486120224, 0.028209399431943893, 0.0169354360550642, 0.00968107394874096, 0.004896213300526142, -0.0009066110360436141, 0.006779063958674669, 1043.3534555187368, 0.15306806564331055, 2001.1808915571733]",63,cat
2316,data/audio_cat-classification/NAYA_DATA_AUG1X/Mating/YashLL_Cat0242Mating.mp3,cat,"[-409.18023681640625, 43.386207580566406, 13.30276107788086, 1.449997901916504, 7.265832901000977, -13.415243148803711, 4.6665730476379395, -15.370379447937012, -5.304101467132568, -6.39890193939209, -7.945197105407715, -3.296335458755493, -5.483357906341553, -2.842477798461914, -5.458676338195801, -2.991382598876953, -3.8637447357177734, -4.847211837768555, -0.6999695897102356, -4.9511895179748535, 0.4110071659088135, 0.07201538980007172, 0.012163451872766018, 0.03715774789452553, -0.029995523393154144, -0.014893499203026295, -0.038546089082956314, -0.09120836853981018, -0.01911463961005211, 0.005161177832633257, -0.02146017737686634, -0.010172775946557522, 0.004800587892532349, 0.0299519170075655, 0.00870930589735508, 0.04060317948460579, 0.01094950083643198, -0.01569565013051033, -0.01315613929182291, 0.007337858434766531, -0.37037286162376404, -0.022024424746632576, -0.012781444005668163, -0.020131835713982582, 0.005378056317567825, -0.008479557000100613, -0.0007812699186615646, 0.027291301637887955, 0.008678019978106022, 0.023874955251812935, 0.03126295283436775, -0.021709062159061432, -0.027402836829423904, -0.01688474230468273, 0.007013197522610426, 0.00987182091921568, 0.01576583832502365, 0.003522068029269576, 0.017313631251454353, -0.00596466613933444, 4648.352462826814, 0.2686763405799866, 9487.807144657258]",63,cat
157,data/audio_cat-classification/NAYA_DATA_AUG1X/Paining/cat_flickr0194_aug1(1).mp3,cat,"[-341.5890808105469, 48.02158737182617, -8.897668838500977, 24.52135467529297, 29.269561767578125, 16.633464813232422, -2.026712417602539, 13.257404327392578, 3.633326768875122, 11.040000915527344, -10.50755786895752, 5.612675189971924, 6.572759628295898, 11.976503372192383, 5.520655632019043, -0.5535500049591064, -1.808799386024475, -1.739047884941101, -1.2483829259872437, 2.764178514480591, -2.5659189224243164, -0.4012834131717682, 0.0784580186009407, -0.07622931152582169, -0.21899636089801788, -0.10231062024831772, 0.017380889505147934, -0.11006432771682739, 0.05112573876976967, -0.09442232549190521, -0.0589895062148571, -0.09696366637945175, 0.0763423964381218, 0.005987612530589104, 0.06542817503213882, 0.05332913249731064, 0.10756484419107437, -0.07069266587495804, -0.0003350359038449824, 0.025869913399219513, -0.5169451832771301, -0.01761246658861637, 0.038878846913576126, -0.0025729655753821135, -0.023139195516705513, -0.00977921299636364, -0.030958589166402817, 0.03223004564642906, 0.016565661877393723, -0.07138386368751526, -0.019014568999409676, 0.07915160059928894, 0.01016823761165142, 0.02012975513935089, 0.01442697737365961, 0.008063576184213161, -0.09080594033002853, -0.04052793234586716, 0.002709859749302268, 0.02100478671491146, 2552.460087855741, 0.1108875423669815, 5507.410333806818]",63,cat
1657,data/audio_cat-classification/NAYA_DATA_AUG1X/Happy/cat_140_aug1(1).mp3,cat,"[-204.87017822265625, 88.28704071044922, -110.62963104248047, 14.08682918548584, -31.1529541015625, 11.852858543395996, -31.877294540405273, 23.563827514648438, -11.12332534790039, 4.958433628082275, -4.958413600921631, -10.63935375213623, -2.056004285812378, 4.019510746002197, -0.84317547082901, -0.013592609204351902, 5.554299831390381, -0.022320792078971863, 4.281130790710449, -2.042971611022949, 2.6632239818573, 0.35744509100914, -0.6922094821929932, 0.15363959968090057, 0.12176252156496048, 0.1265011429786682, -0.4437257945537567, 0.5052088499069214, 0.0005225192871876061, -0.12807315587997437, 0.0898272767663002, -0.12731516361236572, 0.10067833214998245, 0.326795756816864, 0.05400536209344864, -0.161695197224617, -0.1879717856645584, 0.21411795914173126, 0.0004914264427497983, -0.07019467651844025, -5.803391933441162, -2.9390218257904053, 1.3455387353897095, 0.12965069711208344, 0.15607957541942596, 0.11865976452827454, 0.5394333600997925, 0.09482935816049576, 0.09546738862991333, 0.17354343831539154, -0.16439883410930634, 0.35088565945625305, 0.13351036608219147, -0.04305814951658249, -0.2898511290550232, -0.022501640021800995, -0.19338935613632202, -0.009982623159885406, 0.11996550858020782, -0.02010704204440117, 2280.232073978159, 0.023582076653838158, 3550.4746547965115]",63,cat
1406,data/audio_cat-classification/NAYA_DATA_AUG1X/Happy/cat_flickr0134.mp3,cat,"[-219.68109130859375, 145.7393341064453, -89.72698211669922, 51.1106071472168, -19.092769622802734, 11.326919555664062, 2.9691555500030518, -5.043898105621338, 20.257549285888672, -9.227887153625488, 8.227595329284668, -9.16921615600586, -2.6976664066314697, 4.816853046417236, -3.064532518386841, 2.1585307121276855, -11.027236938476562, 1.8224414587020874, 1.1125378608703613, -2.1101901531219482, 1.1201982498168945, 0.15044796466827393, -0.380605548620224, 0.09081932157278061, -0.024251973256468773, 0.13903698325157166, -0.11561110615730286, -0.009900670498609543, 0.06266594678163528, -0.048963144421577454, 0.04786478728055954, -0.08000735193490982, -0.01027018204331398, -0.05868581682443619, -0.08143679797649384, 0.004398523364216089, 0.038036949932575226, 0.09797098487615585, -0.03309624269604683, -0.0767674371600151, -0.5363398194313049, -0.13407179713249207, 0.16600657999515533, -0.16908471286296844, -0.006720860488712788, -0.0899764820933342, -0.016513187438249588, 0.006496298126876354, -0.029496777802705765, 0.02328762784600258, -0.03913474082946777, 0.056983377784490585, 0.04144700616598129, 0.0008574741659685969, 0.0008590221405029297, -0.04106568917632103, -0.05593559890985489, -0.05219724774360657, 0.0655592754483223, 0.10812204331159592, 1828.0832946670303, 0.0005421020905487239, 3214.1842139028286]",63,cat
2673,data/audio_cat-classification/NAYA_DATA_AUG1X/Warning/cat_flickr01462_aug1(1).mp3,cat,"[-239.08389282226562, 91.60027313232422, 22.82500457763672, 7.305085182189941, 14.77958869934082, -4.610218524932861, -10.907955169677734, -6.5378098487854, 3.8549160957336426, 5.592801094055176, 2.1468191146850586, -2.52549409866333, -1.0244401693344116, 5.689751625061035, -1.3509851694107056, -4.247836112976074, -2.901087999343872, 1.48710298538208, -1.7022355794906616, -2.885089159011841, 0.15397848188877106, -0.1795167475938797, -0.04688507318496704, 0.043800726532936096, -0.10546347498893738, 0.02979111485183239, 0.10498359054327011, 0.045776717364788055, -0.009053925983607769, 0.028299203142523766, 0.0060952203348279, 0.01612888090312481, 0.05161433666944504, 0.011020633392035961, 0.04038045555353165, 0.01494417805224657, 0.02630588784813881, -0.040029603987932205, -0.02566715143620968, -0.045508090406656265, -0.4349078834056854, -0.18299350142478943, -0.06743785738945007, -0.016584772616624832, 0.011630412191152573, 0.022172294557094574, 0.006957016885280609, 0.01662502996623516, 0.02908647060394287, 0.05748015642166138, 0.04338834434747696, 0.006597633007913828, -0.031857483088970184, -0.010769902728497982, -0.0007656766101717949, 0.02398061752319336, 0.030702700838446617, 0.025373606011271477, 0.020606696605682373, 0.058449018746614456, 2208.9403064961357, 0.03393467143177986, 4605.940118715083]",63,cat
604,data/audio_cat-classification/NAYA_DATA_AUG1X/Defence/Last_addCat259His.mp3,cat,"[-381.2881164550781, 17.91523551940918, -8.85053539276123, 14.2278470993042, -5.526617050170898, -14.166305541992188, -11.432046890258789, 0.6135903000831604, -17.88982391357422, -13.788111686706543, -9.09036636352539, -6.157057762145996, -13.53696346282959, -12.438628196716309, -3.716461181640625, -10.187994956970215, -11.542405128479004, -4.051326274871826, -8.434404373168945, -6.34552001953125, 2.89223051071167, 0.6391389966011047, 0.6966629028320312, 0.7302621603012085, -0.3776702284812927, -0.47795310616493225, -0.3095649480819702, -0.019333533942699432, -0.31527072191238403, -0.03221943601965904, 0.11867809295654297, 0.061417482793331146, -0.25034159421920776, -0.19292597472667694, 0.04620486497879028, 0.043220918625593185, -0.0773119404911995, 0.024554245173931122, 0.09137312322854996, 0.08337037265300751, -0.40419772267341614, -0.174258291721344, -0.019065244123339653, 0.173902228474617, -0.0736614465713501, -0.16004005074501038, 0.03231959044933319, 0.22383666038513184, 0.01628223992884159, 0.059832651168107986, 0.11875510960817337, 0.11971857398748398, 0.14875608682632446, 0.034930698573589325, 0.0884576216340065, -0.017640188336372375, 0.024975959211587906, 0.01197030209004879, -0.029611464589834213, 0.04500577971339226, 4182.367178061235, 0.2418946772813797, 7774.2138012035475]",63,cat
535,data/audio_cat-classification/NAYA_DATA_AUG1X/Paining/cat_flickr0118_aug1(1).mp3,cat,"[-222.49493408203125, 47.87997817993164, 0.36448466777801514, -5.865995407104492, 7.127837657928467, 5.448061466217041, 0.0899428278207779, -5.134685516357422, -2.4455769062042236, 15.314480781555176, 9.547377586364746, 4.917967796325684, -3.259523868560791, -1.6270114183425903, -0.5681918263435364, -0.9959670305252075, -0.6168559193611145, 1.6443212032318115, 8.70309066772461, 5.694965362548828, -0.7170708775520325, -0.8697552680969238, -0.27569490671157837, 0.17488889396190643, 0.2509966194629669, 0.14625665545463562, 0.3164611756801605, 0.3185940980911255, 0.3440011441707611, 0.27829644083976746, -0.050281040370464325, -0.18803341686725616, -0.3296726942062378, -0.29957687854766846, 0.06475506722927094, 0.22702980041503906, 0.18897397816181183, -0.12318909913301468, 0.023885676637291908, 0.3187602758407593, -0.4531761705875397, -0.040020719170570374, 0.07348397374153137, 0.09707526117563248, -0.03394452482461929, -0.08532845973968506, 0.06510432064533234, -0.03364446014165878, -0.016462605446577072, -0.047970857471227646, -0.19159924983978271, -0.16753557324409485, -0.06520908325910568, 0.07753893733024597, 0.10754580795764923, -0.006500227376818657, -0.06951157748699188, -0.011185221374034882, 0.17303620278835297, 0.07871559262275696, 3242.359898636946, 0.04612083360552788, 6891.234430277123]",63,cat
5762,data/audio_cat-classification/NAYA_DATA_AUG1X/Resting/LastEntry_cat1218Purr_aug1(1).mp3,cat,"[-153.59048461914062, 137.7760467529297, 47.465171813964844, -13.94572639465332, -14.39849853515625, -4.718569755554199, -16.23715591430664, -17.636991500854492, -0.920465886592865, -0.455330491065979, 4.64189338684082, -6.425926685333252, -12.530839920043945, -9.524056434631348, -11.634702682495117, -6.81950044631958, -7.819899559020996, -5.896816730499268, -3.052189826965332, -7.943580627441406, 0.13214804232120514, 0.10922680795192719, 0.06341423094272614, -0.10932957381010056, -0.02760723978281021, -0.004776727873831987, -0.09317056834697723, -0.09194484353065491, -0.03937724605202675, -0.022027812898159027, -0.027390392497181892, -0.045796431601047516, -0.010552780702710152, -0.013616878539323807, -0.01387074962258339, -0.010597861371934414, -0.0434410385787487, 0.026377668604254723, 0.013487621210515499, -0.01603095792233944, -0.19169297814369202, -0.07797732949256897, -0.06531773507595062, 0.02861202508211136, 0.0019832001999020576, 0.006944867316633463, 0.05976095423102379, 0.04181651026010513, 0.017315346747636795, 0.04383556544780731, -0.01076827384531498, -0.006892852950841188, 0.03829216584563255, 0.03040406107902527, 0.035301323980093, 0.008889136835932732, 0.01461706031113863, -0.008180907927453518, 0.0340142585337162, 0.03598272055387497, 1800.0512982799396, 0.019736798480153084, 3432.009535569411]",63,cat
2457,data/audio_cat-classification/NAYA_DATA_AUG1X/Warning/cat_youtube01269.mp3,cat,"[-283.7472229003906, 200.3985595703125, -41.421817779541016, 19.774765014648438, 10.284684181213379, -36.14592742919922, -4.206528186798096, -8.255535125732422, -13.919539451599121, 1.4884848594665527, -2.6122660636901855, -10.266576766967773, -7.980875492095947, -2.685940742492676, -7.293694019317627, -4.595167636871338, 0.06308852136135101, -10.521642684936523, -5.557270050048828, -2.9347171783447266, 0.02437491901218891, 0.05928123742341995, 0.01564742811024189, 0.08965180069208145, 0.04744559898972511, 0.02439356967806816, -0.022250337526202202, -0.1651557981967926, -0.13859184086322784, -0.028858084231615067, -0.055327124893665314, -0.027985163033008575, 0.047934241592884064, 0.03736844286322594, 0.011272624135017395, 0.010877396911382675, -0.01047361921519041, 0.01410555001348257, 0.08157964795827866, 0.0587175227701664, -0.2606786787509918, -0.11674485355615616, 0.113539919257164, -0.037003252655267715, -0.05231261998414993, -0.04206925630569458, -0.07023698091506958, 0.024505222216248512, 0.045355506241321564, 0.005882302299141884, 0.021181099116802216, 0.004622526932507753, -0.0018646959215402603, 0.025364957749843597, 0.02381397783756256, 0.001974913291633129, 0.0014927207957953215, 0.026425175368785858, 0.024198833853006363, -0.0007413667626678944, 937.9512329097043, 0.00019983781385235488, 1664.6572707286432]",63,cat
5546,data/audio_cat-classification/NAYA_DATA_AUG1X/Resting/cat_coll0109.mp3,cat,"[-230.79794311523438, 149.39404296875, 37.63690185546875, 0.48654916882514954, 15.565987586975098, 24.701513290405273, -12.778669357299805, -16.317134857177734, -17.32775115966797, 18.683740615844727, 13.280350685119629, 4.9721527099609375, 16.674741744995117, 1.9622881412506104, -11.235770225524902, -6.817224979400635, -1.0212032794952393, 3.215017318725586, -3.954556941986084, 0.36661872267723083, 0.19586384296417236, 0.08380565792322159, 0.1394164115190506, -0.024459807202219963, 0.03826814889907837, 0.013251564465463161, -0.05783332511782646, 0.014477909542620182, -0.08136940002441406, 0.09515242278575897, 0.04327117279171944, -0.03833505138754845, 0.04044373705983162, 0.013992372900247574, -0.029786325991153717, 0.013920007273554802, -0.007691429927945137, 0.014898916706442833, -0.015435184352099895, -0.009798781014978886, -0.4268367290496826, -0.08749429136514664, -0.06365843117237091, 0.07659236341714859, -0.08338025212287903, -0.1234622523188591, 0.014904807321727276, 0.033779043704271317, 0.04248838126659393, -0.04633112624287605, -0.01810244284570217, 0.056794315576553345, -0.03906399756669998, -0.023950310423970222, 0.030923549085855484, -0.001448722672648728, -0.014831485226750374, 0.004136975854635239, 0.017786039039492607, 0.0017598627600818872, 1294.273849898981, 0.004223395138978958, 1998.5329367897727]",63,cat
3050,data/audio_cat-classification/NAYA_DATA_AUG1X/Angry/Cat_Angry1040_aug1(1).mp3,cat,"[-228.31153869628906, 82.5165023803711, -23.252241134643555, -7.44700288772583, 5.2615065574646, 7.084713935852051, -2.089313268661499, -5.6553544998168945, 3.482250213623047, -7.0795111656188965, -12.768487930297852, 0.9836177229881287, 0.6897214651107788, -0.4052400588989258, -3.394031286239624, -8.483819961547852, -9.82071590423584, -2.4044392108917236, 9.261757850646973, 16.732559204101562, 4.20163106918335, 1.119187355041504, 0.08657000213861465, -0.07023221999406815, -0.05776338279247284, 0.04996715858578682, 0.08391626179218292, 0.25235411524772644, -0.0009727926808409393, 0.03382280096411705, -0.014050167053937912, -0.030957316979765892, -0.1333133429288864, -0.030012017115950584, 0.047313954681158066, -0.01042269729077816, 0.11754066497087479, 0.19711355865001678, 0.10420586168766022, 0.04511304572224617, 0.519191563129425, 0.2979506552219391, -0.013579903170466423, -0.014157292433083057, 0.07543935626745224, 0.001553534297272563, 0.05247519165277481, -0.026245787739753723, 0.025446606799960136, 0.0418577715754509, 0.09416799247264862, 0.08495186269283295, -0.019866755232214928, -0.04181374981999397, -0.046515654772520065, -0.02843797579407692, -0.010711480863392353, -0.012102163396775723, 0.04795526713132858, 0.07660988718271255, 1988.5890441458935, 0.06822748482227325, 3642.73572865099]",63,cat
2575,data/audio_cat-classification/NAYA_DATA_AUG1X/Warning/cat_youtube64302 (2).mp3,cat,"[-510.7645263671875, 90.68377685546875, 53.035884857177734, 10.619511604309082, 4.677356719970703, 0.6123268604278564, -20.002161026000977, 8.32247257232666, -16.009685516357422, 9.58036994934082, -11.147098541259766, 4.815104961395264, -8.32852554321289, -8.833958625793457, 4.0244269371032715, -11.12566089630127, 6.589432239532471, -14.064546585083008, -0.4927199184894562, -15.501328468322754, -0.2125270664691925, 0.08013652265071869, 0.33048015832901, 0.12231216579675674, -0.0037447710055857897, -0.09932983666658401, -0.05509388819336891, -0.06893861293792725, -0.031744107604026794, -0.07674765586853027, -0.024625150486826897, 0.013349003158509731, -0.02009752206504345, 0.004303090739995241, 0.015594342723488808, 0.008384001441299915, 0.030227014794945717, 0.012768681161105633, 0.0035158363170921803, -0.04983460530638695, -0.2570802569389343, -0.01485203392803669, -0.0014296260196715593, 0.015002306550741196, 0.010504717007279396, 0.008750313892960548, -0.0001725409529171884, 0.010131440125405788, 0.017305105924606323, 0.021422993391752243, -0.0015555000863969326, -0.0026228867936879396, 0.013828572817146778, -0.006581434048712254, 0.007080534473061562, 0.016154661774635315, 0.015613501891493797, 0.001718961982987821, -0.018743330612778664, -0.016537489369511604, 2952.246654454022, 0.020662225782871246, 7033.241060697115]",63,cat
3010,data/audio_cat-classification/NAYA_DATA_AUG1X/Angry/Last_addCat250Ang.mp3,cat,"[-315.58074951171875, -3.749950408935547, -72.25621032714844, 49.79476547241211, 1.1214922666549683, 0.737816333770752, 11.222631454467773, 6.088631629943848, -0.041677601635456085, -0.14852353930473328, -0.21076568961143494, 14.572263717651367, -6.853326320648193, -0.4151564836502075, 10.452330589294434, 9.280174255371094, 3.4026665687561035, -1.499559760093689, -13.51041316986084, -13.9450044631958, -0.009292940609157085, -0.5172125101089478, 0.2957150936126709, 0.42478814721107483, -0.04553554207086563, -0.12510322034358978, -0.021951721981167793, 0.07059958577156067, -0.08464997261762619, 0.037465207278728485, 0.12039462476968765, -0.08048077672719955, 0.10889405757188797, 0.08917000889778137, -0.016480332240462303, 0.09562711417675018, -0.013139943592250347, -0.05426398292183876, 0.0664854347705841, -0.009010075591504574, -0.23592011630535126, -0.006197991315275431, 0.0926421582698822, -0.017641235142946243, 0.0011141756549477577, -0.01749812811613083, 0.05358210578560829, 0.0013066325336694717, -0.018103210255503654, -0.00963177066296339, -0.021924376487731934, 0.025024112313985825, 0.03281411901116371, -0.02503184974193573, -0.030985768884420395, -0.007302613463252783, -0.04495375230908394, 0.011021682992577553, 0.04795054718852043, 0.025597358122467995, 2860.220729249821, 0.0021089210640639067, 4023.720896716685]",63,cat
1862,data/audio_cat-classification/NAYA_DATA_AUG1X/Mating/cat_youtube64354.mp3,cat,"[-367.80377197265625, 132.17376708984375, 16.7589054107666, -2.5344786643981934, 17.781055450439453, 5.474464416503906, -2.0008580684661865, 3.114542007446289, 5.975025177001953, -3.8984782695770264, -1.0739353895187378, 9.870691299438477, 0.23740245401859283, -0.3110487759113312, 2.1807992458343506, 2.511268377304077, -1.071929931640625, 1.1976771354675293, 5.905561923980713, 0.28148940205574036, 0.8308242559432983, -0.09588523954153061, -0.3058967888355255, -0.015152099542319775, 0.12109977751970291, 0.08064674586057663, -0.18257558345794678, -0.02241307683289051, -0.011995219625532627, -0.0010878408793359995, -0.018245406448841095, -0.09368932992219925, -0.05591417849063873, -0.041897185146808624, 0.02875749208033085, -0.044641975313425064, -0.013855703175067902, 0.054807644337415695, 0.004293043632060289, -0.059609636664390564, -0.26746395230293274, -0.03953734412789345, 0.038022346794605255, 0.0014295181026682258, -0.04670191928744316, 0.03325645253062248, 0.009695964865386486, -0.03011489100754261, -0.024157311767339706, -0.004394576884806156, -0.014188331551849842, -0.02375752292573452, 0.03818982467055321, 0.017646245658397675, 0.01660524122416973, 0.006987820845097303, 0.005661061964929104, -0.005940412171185017, -0.04820793867111206, -0.0003541707992553711, 1645.9234412142011, 0.007886059582233429, 3371.4240579044117]",63,cat
3352,data/audio_cat-classification/NAYA_DATA_AUG1X/Angry/YashLL_Cat0211Ang_aug1(1).mp3,cat,"[-302.7525329589844, 21.984804153442383, -3.7210652828216553, -19.142919540405273, -2.8784966468811035, 6.6431498527526855, 1.2223037481307983, 6.122874736785889, 3.3471434116363525, -13.447137832641602, -11.161005020141602, -4.474061965942383, -4.062782287597656, 5.441617965698242, 6.5101318359375, -4.2881927490234375, -5.880844593048096, -11.014853477478027, -0.09149672836065292, 1.0359230041503906, 1.518534779548645, 0.26158273220062256, -0.012035778723657131, -0.22273992002010345, -0.05961158126592636, -0.00279686669819057, 0.04771491140127182, 0.11848849803209305, 0.11431726813316345, -0.03503614291548729, -0.08570072054862976, -0.08736416697502136, -0.08322219550609589, -0.01640295423567295, 0.0988791212439537, 0.12044462561607361, 0.1076546385884285, -0.07978630810976028, -0.12043416500091553, -0.06203925609588623, 0.00039543889579363167, 0.00859326682984829, 0.000506768876221031, -0.02538442797958851, -0.0534820556640625, -0.033216819167137146, 0.023841820657253265, 0.0524030476808548, 0.028861910104751587, 0.01705842651426792, 0.006902655586600304, -0.008282431401312351, -0.006632897071540356, -0.02276230975985527, -0.01802665740251541, -0.01961856335401535, 0.019667459651827812, 0.012219416908919811, -0.019145268946886063, 0.0025206527207046747, 3263.902766535866, 0.2525569200515747, 6749.49687610973]",63,cat
5093,data/audio_cat-classification/NAYA_DATA_AUG1X/MotherCall/Cat_YoutubeLLT42334.mp3,cat,"[-345.490478515625, 40.40008544921875, -1.7128945589065552, 48.47201156616211, -35.37888717651367, -4.843914031982422, -35.03976058959961, -21.91229820251465, -19.488880157470703, -11.569808959960938, 8.261429786682129, -19.68691635131836, 5.903963565826416, -3.1686668395996094, -4.613574028015137, -4.68682336807251, -0.1433853656053543, -9.784079551696777, -1.9686799049377441, 4.723998069763184, -0.19077448546886444, -0.6505086421966553, -0.05022730678319931, 0.022779107093811035, 0.03178630396723747, 0.09168962389230728, -0.17148329317569733, 0.25311294198036194, -0.21578270196914673, 0.04496270418167114, 0.2251591831445694, -0.20040802657604218, 0.303047239780426, -0.1317799985408783, 0.021137883886694908, 0.08960632234811783, -0.1119614765048027, 0.1352453976869583, 0.09259802848100662, -0.043009161949157715, -0.09011965990066528, 0.6266902685165405, -0.15616951882839203, -0.055152978748083115, 0.15263423323631287, -0.1689959615468979, 0.27481311559677124, -0.1006583571434021, -0.020965350791811943, 0.10703865438699722, -0.1182921752333641, 0.06339997053146362, -0.037450168281793594, 0.10484538227319717, -0.10508814454078674, 0.07633060216903687, 0.0530996210873127, 0.01742779277265072, 0.06288346648216248, 0.028726870194077492, 2927.75898836661, 0.011633343994617462, 4967.223727318548]",63,cat
2638,data/audio_cat-classification/NAYA_DATA_AUG1X/Warning/cat_flickr01352_aug1(1).mp3,cat,"[-256.9473876953125, 99.39815521240234, -26.896745681762695, 29.421892166137695, -22.215896606445312, 18.989574432373047, -5.541254043579102, 10.438677787780762, -3.858201503753662, -5.3206963539123535, -0.3242231607437134, -8.64267349243164, 4.307798385620117, -6.0893049240112305, 0.1779794842004776, -5.942178249359131, -1.9459056854248047, -2.830839157104492, 1.75092351436615, 0.4538504481315613, 3.125406503677368, 1.1343636512756348, -0.18429289758205414, 0.24081146717071533, -0.2957334518432617, 0.1491541713476181, -0.04145190492272377, 0.17517833411693573, -0.02303585596382618, -0.08312185853719711, -0.025838878005743027, -0.06729578226804733, 0.06208756938576698, -0.03760884702205658, 0.006397572811692953, -0.1338047981262207, -0.06157536432147026, -0.08037302643060684, -0.006852428894490004, 0.02883596159517765, -0.006937048863619566, -0.03626270964741707, 0.06785477697849274, -0.008691524155437946, 0.07144208997488022, -0.012430603615939617, 0.029491465538740158, -0.021455973386764526, 0.04989580437541008, 0.014513082802295685, -0.011178313754498959, 0.02926459163427353, -0.005545056425035, 0.023848915472626686, 0.0007985653937794268, 0.003143706824630499, 0.00796526949852705, 0.03327864035964012, -0.0030768108554184437, -0.0036318846978247166, 1557.5329357187961, 0.2047254741191864, 3341.4375412632044]",63,cat
5693,data/audio_cat-classification/NAYA_DATA_AUG1X/Resting/LastEntry_cat1257Purr_aug1(1).mp3,cat,"[-224.48834228515625, 138.0126495361328, 46.865055084228516, -9.541398048400879, -16.130083084106445, -0.748641848564148, -12.386726379394531, -18.780805587768555, -7.968488693237305, -2.223281145095825, 4.716381549835205, 2.7530806064605713, -8.641763687133789, -7.436485290527344, -11.462529182434082, -10.141616821289062, -7.5687255859375, -7.886593818664551, -3.52864933013916, -4.496682643890381, -2.1306140422821045, 0.20580638945102692, -0.12206922471523285, -0.06588302552700043, -0.09332092851400375, -0.04896550625562668, 0.04609566181898117, -0.03937184065580368, -0.07471983879804611, -0.04708819091320038, 0.030476974323391914, 0.04104549065232277, -0.007949840277433395, -0.03711540997028351, 0.0012950801756232977, -0.010120646096765995, -0.028610005974769592, 0.09025177359580994, 0.015380607917904854, -0.00266254716552794, -0.9007847309112549, -0.45107197761535645, -0.06852008402347565, 0.03580126166343689, 0.04281071573495865, 0.008515821769833565, -0.002704282756894827, 0.05792515352368355, 0.03536633029580116, 0.02065078727900982, -0.003957090433686972, -0.002518320921808481, 0.02273593284189701, 0.033362697809934616, -0.001917207264341414, 0.017724663019180298, 0.01123840268701315, -0.03504873812198639, -0.00975485984236002, 0.017680061981081963, 1690.1704650580896, 0.019762123003602028, 3199.96318359375]",63,cat
4667,data/audio_cat-classification/NAYA_DATA_AUG1X/Fighting/Online_Cat0463Ang.mp3,cat,"[-266.0632629394531, 107.42423248291016, -31.385189056396484, 15.772696495056152, -20.90740394592285, 4.936264514923096, -22.38971710205078, -4.412859916687012, -19.396202087402344, -3.8109941482543945, -12.192461967468262, -8.751879692077637, -7.348134517669678, -10.6453218460083, -4.693807601928711, -9.735660552978516, 1.4216361045837402, -5.216188430786133, 2.1985886096954346, -6.127351760864258, 0.13728640973567963, -0.4334253668785095, -0.34429582953453064, 0.015445093624293804, -0.1102009117603302, 0.007531505078077316, 0.010435868985950947, 0.1261908859014511, 0.09509454667568207, 0.1336924135684967, 0.07080638408660889, 0.0715266615152359, 0.05832820013165474, 0.05555357411503792, 0.08005974441766739, 0.054781317710876465, 0.0658082515001297, 0.0015710426960140467, 0.04517584294080734, 0.022586893290281296, -0.43962720036506653, -0.4101159870624542, -0.13795925676822662, -0.06764896214008331, -0.0064396183006465435, 0.08633816242218018, 0.08698803931474686, 0.04996265098452568, 0.09679405391216278, 0.08919306099414825, 0.030612513422966003, 0.03052636981010437, 0.03787783905863762, 0.04419637843966484, 0.041209638118743896, 0.05021881312131882, 0.047157611697912216, 0.0014888468431308866, 0.007258973550051451, 0.020769519731402397, 1945.6515176816788, 0.0414164774119854, 3268.379273166546]",63,cat
4481,data/audio_cat-classification/NAYA_DATA_AUG1X/Fighting/Online_Cat0301Angry_aug1(1).mp3,cat,"[-191.68814086914062, 176.30532836914062, -123.20067596435547, 41.53727722167969, 21.853851318359375, -38.40974426269531, 22.638023376464844, -15.003776550292969, -1.9497579336166382, 28.82170867919922, -17.044025421142578, -1.369478702545166, 7.147769451141357, -9.175409317016602, 9.315698623657227, -4.146111965179443, -6.117573261260986, 13.07209300994873, -0.5633106827735901, -3.6642837524414062, -0.6200143694877625, -0.17451493442058563, 0.27784425020217896, -0.09302577376365662, -0.034599222242832184, -0.06546124815940857, -0.24541904032230377, -0.05195828154683113, -0.010179287753999233, 0.05537004768848419, 0.13667771220207214, -0.02477126382291317, 0.038908977061510086, 0.11957186460494995, -0.009790982119739056, 0.09146536141633987, 0.1246909573674202, -0.031118301674723625, -0.028474709019064903, 0.08696572482585907, -1.2827247381210327, -0.6814829707145691, 0.2563750445842743, -0.10704964399337769, -0.03432994708418846, 0.10545714199542999, -0.08702690899372101, 0.0154903344810009, -0.0073937843553721905, -0.03550076112151146, 0.05908204987645149, -0.0026429714635014534, 0.05073690041899681, 0.09595093876123428, -0.017763318493962288, -0.03144201263785362, -0.039469219744205475, 0.004987811204046011, 0.029956141486763954, -0.04499801993370056, 1915.6270137376446, 0.0010112167801707983, 3140.4878656914893]",63,cat
1383,data/audio_cat-classification/NAYA_DATA_AUG1X/Happy/cat_coll01017_aug1(1).mp3,cat,"[-256.6329650878906, 61.917686462402344, -44.72824478149414, 14.026209831237793, -5.637412071228027, 11.147334098815918, -1.4669793844223022, -2.4868085384368896, -3.965524911880493, -5.406249523162842, -0.20973491668701172, 8.427968978881836, 19.587657928466797, 8.883699417114258, -3.3094003200531006, -13.57515811920166, -7.34185266494751, -0.3059863746166229, -2.0326426029205322, -5.862098217010498, 1.8685660362243652, 0.6064272522926331, -0.08717071264982224, 0.03776165843009949, -0.13687902688980103, 0.022850602865219116, -0.06979812681674957, -0.07264445722103119, -0.05153597146272659, -0.028924835845828056, 0.031736355274915695, 0.09784848242998123, 0.16656999289989471, 0.052217308431863785, -0.006463830359280109, -0.04451337829232216, -0.02616964653134346, 0.015591912902891636, -0.016193469986319542, -0.06384628266096115, -0.03242116421461105, -0.06274665892124176, 0.007212425582110882, 0.05759312957525253, -0.013312945142388344, -0.06935585290193558, -0.02700239047408104, -0.04264676570892334, -0.00219367747195065, 0.014467138797044754, -0.02704686112701893, -0.013946271501481533, -0.02866697497665882, 0.00042526470497250557, 0.035006359219551086, 0.07668787986040115, 0.03592238947749138, 0.017983341589570045, -0.006065319757908583, -0.02855316735804081, 2238.3885685255896, 0.02479332499206066, 3814.523357234589]",63,cat
2086,data/audio_cat-classification/NAYA_DATA_AUG1X/Mating/cat03580_aug1(1).mp3,cat,"[-268.7264404296875, 89.6778793334961, 8.321024894714355, 4.004868030548096, 0.15778914093971252, 1.1451869010925293, -2.175898551940918, -0.5795572996139526, -0.6383269429206848, 2.963090181350708, -1.0735225677490234, 4.080621242523193, 2.501769781112671, -0.4910905361175537, -1.219339370727539, -1.7202036380767822, 1.342787742614746, 1.5853204727172852, 0.3656918406486511, -0.40718337893486023, 2.341616153717041, 0.7111194133758545, -0.043511033058166504, -0.1570044606924057, -0.04268376901745796, 0.07353750616312027, -0.05765726417303085, -0.0786675438284874, -0.03178597241640091, -0.022794533520936966, -0.036700427532196045, -0.019750015810132027, 0.043990883976221085, 0.052814897149801254, -0.011744342744350433, -0.02301035076379776, -0.04575382173061371, -0.0008877142099663615, 0.016992630437016487, 0.027024002745747566, 0.062398046255111694, 0.012881017290055752, 0.021965090185403824, 0.02266426384449005, -0.0066598267294466496, -0.015375765971839428, -0.02007412724196911, 0.02294008992612362, 0.01304543111473322, 0.00362338125705719, 0.0010028063552454114, -0.018197569996118546, 0.006240361835807562, 0.010088006965816021, 0.003661979688331485, -0.003949666861444712, -0.012115266174077988, 0.0025656437501311302, -0.004286784213036299, -0.0027692655567079782, 1756.597946680755, 0.1515960693359375, 4068.1684351679105]",63,cat
1319,data/audio_cat-classification/NAYA_DATA_AUG1X/Happy/Online_Cat0332hpy_aug1(1).mp3,cat,"[-437.56573486328125, -12.876348495483398, -20.706411361694336, -12.936735153198242, -3.7507553100585938, -6.566275119781494, -15.46284294128418, 5.362485885620117, -0.7819159626960754, -1.820898413658142, 7.6359710693359375, 9.793697357177734, 9.428145408630371, 11.835366249084473, -5.141520977020264, 1.691765308380127, -6.711854457855225, 4.632853031158447, 3.0289692878723145, -4.802279949188232, -4.796674728393555, -0.3691489100456238, 0.5309651494026184, 0.7634727358818054, 0.06269277632236481, 0.05964618921279907, 0.5879194140434265, -0.16915647685527802, 0.4536956250667572, 0.23546278476715088, -0.10214430838823318, 0.06275580078363419, -0.18214961886405945, -0.4870840907096863, -0.16414792835712433, -0.24885405600070953, 0.6038228869438171, 0.09759552031755447, -0.19549517333507538, -0.012465001083910465, -0.4224541187286377, 0.207292839884758, 0.22576174139976501, -0.08324499428272247, 0.027224356308579445, 0.06563492119312286, -0.03732345253229141, -0.014752864837646484, -0.15831993520259857, 0.001922395545989275, -0.05032063648104668, -0.10443469136953354, 0.02813747525215149, -0.08179741352796555, -0.06464140117168427, 0.05324278026819229, 0.05140407010912895, -0.1114148423075676, -0.043165452778339386, -0.0008001334499567747, 4976.413852104327, 0.31907573342323303, 8571.328630118534]",63,cat
1468,data/audio_cat-classification/NAYA_DATA_AUG1X/Happy/cat_coll0133.mp3,cat,"[-489.10528564453125, 19.463638305664062, -39.57701873779297, -8.343337059020996, -2.919367551803589, 2.180751085281372, -9.451465606689453, -13.69865894317627, -6.012381076812744, -8.691995620727539, -2.8734469413757324, -4.868441104888916, 1.1227433681488037, 12.720000267028809, 7.5533833503723145, 1.291418194770813, -6.486356258392334, -7.966902732849121, -6.638082504272461, -4.415891647338867, -0.5076543092727661, -0.2718941271305084, 0.3819533586502075, 0.3292253017425537, 0.14881542325019836, -0.03118060901761055, 0.1220942810177803, 0.16613371670246124, 0.07425087690353394, -0.05479709431529045, -0.16964678466320038, -0.2192951738834381, -0.22810997068881989, -0.07173153012990952, 0.026210080832242966, 0.1577843874692917, 0.029012518003582954, -0.06504088640213013, 0.018564704805612564, 0.20254936814308167, -0.8804661631584167, -0.19410553574562073, 0.37873438000679016, 0.14553695917129517, 0.04490109160542488, 0.009889732114970684, 0.06478239595890045, 0.03546380624175072, 0.03307225555181503, 0.09295172989368439, -0.0913221463561058, 0.049942780286073685, -0.027568984776735306, -0.06158679351210594, -0.042995814234018326, 0.002490356797352433, 0.05822679027915001, 0.006326334550976753, 0.032655831426382065, 0.010242624208331108, 3919.59852258619, 0.2125266045331955, 6889.259087861474]",63,cat
2313,data/audio_cat-classification/NAYA_DATA_AUG1X/Mating/cat03535_aug1(1).mp3,cat,"[-233.96649169921875, 100.55569458007812, 37.79383850097656, 20.21514129638672, 14.88979434967041, 4.520503520965576, 2.803363084793091, -2.85137939453125, -3.5654757022857666, -1.9059422016143799, 1.347451090812683, -0.46776488423347473, -0.7189557552337646, 5.119497776031494, 1.7670799493789673, -2.2755661010742188, -2.629669666290283, -0.9716674089431763, -2.5256187915802, -3.1141021251678467, 0.24604664742946625, -0.008586902171373367, -0.05869001895189285, -0.015231531113386154, 0.06258469074964523, 0.012503412552177906, 0.053724534809589386, -0.04616181179881096, -0.06421950459480286, 0.017626207321882248, 0.004555261228233576, 0.013682734221220016, 0.03197387978434563, -0.03772766888141632, -0.01766928657889366, 0.01376501563936472, -0.043301261961460114, -0.01756083406507969, 0.059855684638023376, 0.02408473752439022, -0.28686898946762085, -0.039602216333150864, -0.01657252386212349, 0.023654067888855934, 0.01939157210290432, -0.016738759353756905, -0.033051759004592896, 0.006961397361010313, 0.03141695261001587, 0.019212760031223297, -0.020666977390646935, 0.007970214821398258, 0.013389358296990395, 0.014508682303130627, -0.011235114187002182, -0.028669672086834908, 0.012561610899865627, 0.03523268550634384, 0.011519067920744419, -0.01256186980754137, 1941.6050203521045, 0.008356158621609211, 4876.264283367406]",63,cat
1371,data/audio_cat-classification/NAYA_DATA_AUG1X/Happy/cat_youtube01133_aug1(1).mp3,cat,"[-215.44393920898438, 98.3620376586914, -0.03524826467037201, 13.333673477172852, 5.233362674713135, 15.892105102539062, 1.5212020874023438, -1.8439030647277832, 0.810036838054657, -4.639411926269531, -4.538393974304199, -6.519822597503662, -4.271229267120361, 4.004177093505859, 2.3659427165985107, 0.5349637866020203, -5.237117767333984, -3.5290744304656982, 4.892945289611816, 8.780133247375488, 3.062199115753174, 1.0446250438690186, -0.04718492925167084, -0.07496768236160278, -0.0023355158045887947, 0.13878977298736572, 0.10198672860860825, -0.036504290997982025, -0.15618135035037994, -0.03674127906560898, -0.02135344408452511, -0.00953756645321846, 0.05839354172348976, 0.07940338551998138, 0.02153198979794979, -0.05239003524184227, -0.1351434737443924, -0.04523981362581253, 0.16351380944252014, 0.13297562301158905, 0.00871309544891119, 0.03061477653682232, -0.025675293058156967, -0.02159947343170643, 0.029149074107408524, -0.03784138336777687, -0.0017132930224761367, -0.022636158391833305, -0.043538399040699005, 0.005898259114474058, 0.01005383487790823, 0.027042100206017494, 0.04956996813416481, 0.034636490046978, -0.08020655065774918, -0.07787275314331055, 0.049533650279045105, 0.008156762458384037, 0.032244183123111725, 0.0016105694230645895, 1769.5001687462905, 0.08949650824069977, 3566.3552024147725]",63,cat
5009,data/audio_cat-classification/NAYA_DATA_AUG1X/MotherCall/cat_youtube01234.mp3,cat,"[-373.8124084472656, 39.81592559814453, -19.89535140991211, 30.772098541259766, -2.729769706726074, -6.329563140869141, 10.172107696533203, 12.907917976379395, 16.010730743408203, -2.989189863204956, -16.024272918701172, -11.438338279724121, 15.275751113891602, 6.685951232910156, -2.4063925743103027, -6.410079002380371, 1.3030542135238647, -2.8933026790618896, -2.6632368564605713, 5.762209892272949, 1.5695565938949585, 0.0926286056637764, -0.47237125039100647, 0.12483607977628708, -0.11210889369249344, -0.12996147572994232, -0.14136388897895813, -0.16297146677970886, 0.03604010492563248, 0.2656590938568115, 0.16270849108695984, -0.10721293091773987, -0.1477481871843338, 0.0707102045416832, 0.07655871659517288, -0.07868372648954391, 0.16286782920360565, 0.23825018107891083, -0.04036613926291466, -0.3499380350112915, -0.4775174558162689, -0.07128395885229111, -0.2379969358444214, -0.0021530762314796448, 0.03308051824569702, 0.06295996159315109, 0.04144452139735222, -0.03999315947294235, 0.029825586825609207, 0.0982305034995079, 0.006752246990799904, -0.1157912090420723, -0.039609599858522415, 0.06130533292889595, 0.07707758992910385, 0.019044583663344383, 0.002076832577586174, 0.09741965681314468, -0.08221577107906342, -0.10930439084768295, 3270.457009960473, 0.022399861365556717, 5114.070883141942]",63,cat
1580,data/audio_cat-classification/NAYA_DATA_AUG1X/Happy/cat_youtube01134_aug1(1).mp3,cat,"[-218.5281524658203, 92.97643280029297, 17.07581329345703, 20.53798484802246, 6.080070495605469, 6.775555610656738, -2.1002867221832275, 1.948798656463623, -1.38379967212677, -7.299803256988525, -1.3684748411178589, -2.813201904296875, 1.0629633665084839, 2.8233096599578857, 0.27445006370544434, 2.9932243824005127, -0.23104490339756012, 6.198312759399414, 6.177586555480957, 3.181804656982422, 1.8970036506652832, 0.6983585953712463, 0.15604817867279053, 0.04116776958107948, 0.07338222116231918, 0.04600103944540024, -0.021065346896648407, -0.04676632210612297, -0.01022727694362402, 0.008996495977044106, -0.027051178738474846, -0.03868379816412926, 0.00011170328798471019, -0.011775578372180462, 0.051370713859796524, 0.1042114719748497, 0.027696287259459496, -0.015116599388420582, -0.03021889366209507, 0.03629237785935402, 0.09929826110601425, 0.026562634855508804, 0.027113433927297592, -0.015618843957781792, -0.023462872952222824, 0.012976441532373428, 0.040901362895965576, -4.373647607280873e-05, -0.0013436811277642846, 0.037134602665901184, -6.711169407935813e-05, -0.018200885504484177, -0.01625029928982258, -0.01940096728503704, -0.0028566436376422644, 0.0016746741021052003, -0.015584267675876617, 0.011577995494008064, 0.014340300112962723, -0.0048930589109659195, 2303.2952638693196, 0.039386965334415436, 5255.707108347039]",63,cat
1769,data/audio_cat-classification/NAYA_DATA_AUG1X/Mating/cat_youtube64353.mp3,cat,"[-325.55242919921875, 106.04853057861328, 13.130049705505371, 8.076340675354004, 19.028053283691406, 13.809234619140625, 17.650876998901367, 2.907052755355835, 2.2290780544281006, -0.20811451971530914, 11.27074909210205, -9.275129318237305, 4.380669116973877, -5.0380964279174805, 5.597777366638184, -11.874807357788086, 0.08493531495332718, -6.824179172515869, 2.1245481967926025, -2.374847173690796, -0.08814579993486404, -0.1530628353357315, 0.04506714269518852, 0.07952643185853958, 0.03058435022830963, 0.016944414004683495, 0.020324138924479485, 0.05795915424823761, 0.08996579796075821, 0.057027220726013184, 0.005525257438421249, -0.040492963045835495, -0.06775650382041931, -0.03904316574335098, 0.04349755123257637, 0.02453710325062275, 0.01478353887796402, -0.013779898174107075, -0.008420043624937534, -0.031461719423532486, -0.3031896948814392, 0.07867299020290375, 0.059059012681245804, -0.021393300965428352, 0.0014922223053872585, 0.00824820064008236, -0.01836039312183857, 0.02189139649271965, 0.0021815719082951546, -0.015961308032274246, 0.014262676239013672, -0.002273764694109559, -0.01027208287268877, -0.0046912068501114845, -0.009202275425195694, -0.011937805451452732, -0.014387705363333225, 0.009783831425011158, 0.019332531839609146, 0.01923397183418274, 2118.0750270857825, 0.008533889427781105, 5005.2071934802525]",63,cat
1550,data/audio_cat-classification/NAYA_DATA_AUG1X/Happy/LastEntry_cat1030Hpy.mp3,cat,"[-215.81570434570312, 120.16718292236328, -44.579471588134766, 20.86467933654785, 10.7788724899292, -2.4921464920043945, -7.894469738006592, 8.429216384887695, -0.5388070344924927, 0.49840205907821655, 3.134000778198242, 2.463275194168091, 0.7534576654434204, 2.336395502090454, 0.34628674387931824, 1.1015383005142212, -1.7527183294296265, -2.5937445163726807, -0.6241627931594849, 1.8580561876296997, 0.5440453290939331, -0.016096636652946472, 0.09371593594551086, 0.004658907186239958, 0.041028644889593124, -0.08369029313325882, 0.05601370707154274, -0.0760708898305893, 0.05585731938481331, 0.020757075399160385, 0.10818583518266678, 0.025992680341005325, 0.0661473274230957, 0.04658293351531029, 0.018147436901926994, -0.006205827463418245, 0.06690384447574615, -0.01544279232621193, -0.004156524781137705, 0.015059744007885456, -0.3735616207122803, 0.01327588502317667, -0.009467379190027714, 0.02352796494960785, 0.01586984284222126, 0.05251384526491165, 0.015258987434208393, 0.02233148366212845, -0.0020645682234317064, 0.028120776638388634, 0.011604052037000656, -0.027692971751093864, -0.012839640490710735, -0.04914476349949837, -0.02538233809173107, -0.0040445150807499886, 0.01933237724006176, -0.008835415355861187, -0.0003641284129116684, -0.046455126255750656, 1918.817770358042, 0.016799911856651306, 3237.309845400528]",63,cat
1483,data/audio_cat-classification/NAYA_DATA_AUG1X/Happy/cat011024.mp3,cat,"[-274.51397705078125, 89.89041137695312, -26.173370361328125, 3.0028674602508545, -18.930620193481445, -4.760939121246338, -19.572072982788086, -2.0433270931243896, -19.7530574798584, -2.291687488555908, -19.881404876708984, 4.619165897369385, -21.64287567138672, 2.429267168045044, -16.802635192871094, 8.008321762084961, -11.004295349121094, 3.9404337406158447, -9.313672065734863, 5.3655595779418945, 0.09648918360471725, 0.15291503071784973, 0.04511168599128723, -0.08630313724279404, -0.02551463060081005, 0.023787913843989372, 0.03810512274503708, -0.04282727837562561, -0.045607466250658035, 0.015576563775539398, -0.053003087639808655, -0.011767284013330936, -0.009934770874679089, -0.027260471135377884, -0.036911170929670334, 0.00486613716930151, -0.01846867986023426, -0.03012067638337612, -0.005162108223885298, 0.00658833421766758, -0.2625434398651123, -0.04927200451493263, 0.01642525941133499, 0.0007910341955721378, 0.01608392223715782, -0.03896906599402428, -0.020984608680009842, -0.0464152954518795, -0.002298665465787053, -0.011776616796851158, 0.013663513585925102, 0.013486321084201336, 0.0004523235256783664, -0.0278854351490736, -0.01134597510099411, -0.0459296815097332, 0.014720701612532139, 0.00109678297303617, -0.0033629939425736666, -0.009409147314727306, 2611.8717946865067, 0.03186122328042984, 5779.04613597973]",63,cat
3773,data/audio_cat-classification/NAYA_DATA_AUG1X/HuntingMind/Last_addCat190Chat_aug1(1).mp3,cat,"[-196.86874389648438, 79.68519592285156, -66.70648193359375, 5.649562835693359, -3.792717695236206, -27.66475486755371, -26.681640625, -3.767613410949707, -11.094548225402832, -22.03337287902832, -6.291116714477539, -11.99793815612793, -9.904205322265625, -6.724209308624268, -6.8499603271484375, -4.834608554840088, -1.4735207557678223, -2.3529157638549805, -5.363181114196777, -8.422528266906738, 0.19106023013591766, -0.03401843085885048, 0.04797372221946716, -0.0838184729218483, -0.047577470541000366, -0.01266451459378004, 0.06884612888097763, 0.008706940338015556, -0.05844339355826378, -0.007632811088114977, 0.022605525329709053, -0.013419187627732754, -0.01996980607509613, -0.011792025528848171, -0.02913474664092064, -0.007588058244436979, -0.0030816218350082636, -0.0035894056782126427, -0.024220947176218033, 0.05940452963113785, -0.30331742763519287, -0.0335598886013031, -0.0004562490212265402, 0.003777341218665242, -0.01799553446471691, 0.012803765013813972, -0.030912550166249275, 0.019026240333914757, 0.05498763918876648, 0.029530391097068787, 0.005449979566037655, -0.01797916553914547, -0.015895534306764603, -0.044079557061195374, -0.023376688361167908, 0.012153686955571175, 0.006593771744519472, -0.024994704872369766, -0.011021062731742859, 0.018145926296710968, 2361.4401657518583, 0.021069834008812904, 3836.3934685202207]",63,cat
1870,data/audio_cat-classification/NAYA_DATA_AUG1X/Mating/LastEntry_cat1087Mat.mp3,cat,"[-392.1224365234375, 153.9080810546875, -17.793916702270508, -0.3454906940460205, 10.172062873840332, 10.610637664794922, 5.678740978240967, -9.774222373962402, 2.0032551288604736, 4.274324893951416, -13.11668586730957, -11.697684288024902, -14.065384864807129, -10.403459548950195, -1.7371528148651123, 3.390465497970581, 4.5296125411987305, 3.3137733936309814, -3.206876277923584, -10.581903457641602, 0.15926393866539001, 0.13145512342453003, -0.1461513787508011, 0.2991292178630829, 0.09482666105031967, -0.020055854693055153, -0.006306061055511236, 0.027377253398299217, 0.024427643045783043, 0.018146414309740067, -0.03058936446905136, 0.03381555527448654, -0.03047797456383705, 0.0738799050450325, -0.008726186119019985, 0.10486625880002975, 0.04771415516734123, -0.06416778266429901, -0.03384029120206833, 0.061027999967336655, -0.5155868530273438, -0.16658742725849152, 0.21147845685482025, -0.04385346546769142, 0.03582436963915825, 0.12443912029266357, 0.09965723752975464, 0.09915416687726974, -0.0005069525213912129, 0.0404156930744648, 0.061432793736457825, 0.058102693408727646, 0.0002352202864130959, 0.006535710301250219, -0.0010848932433873415, -0.03332513943314552, -0.01333258580416441, -0.029923241585493088, -0.04711306095123291, 0.05042608082294464, 1363.4592417308336, 0.005732884630560875, 2418.5463509908536]",63,cat
23,data/audio_cat-classification/NAYA_DATA_AUG1X/Paining/Cat_YoutubeLLT42349.mp3,cat,"[-326.3788146972656, 80.9290542602539, 13.102725982666016, 9.28012752532959, 6.364356517791748, 10.85058307647705, 15.17746353149414, 3.351367235183716, -4.072450160980225, 1.443580150604248, 12.06508731842041, 5.8932294845581055, 0.6261305212974548, 0.5648981332778931, 2.8214361667633057, 4.123721599578857, 5.556230068206787, 6.933233737945557, 0.11023715883493423, 2.276965618133545, 0.5895845293998718, 0.07845769077539444, -0.0035659796558320522, -0.039624109864234924, 0.004946497734636068, 0.05791502445936203, 0.00860975868999958, -0.025159204378724098, 0.03308504447340965, 0.05434373393654823, -0.03072241134941578, -0.05449593439698219, -0.018843842670321465, 0.035372521728277206, -0.026269488036632538, -0.07311862707138062, -0.026096126064658165, -0.03171806409955025, -0.02129601128399372, 0.04074419289827347, -0.41891607642173767, -0.013963655568659306, -0.016970140859484673, 0.028689952567219734, 0.02625225856900215, 0.0024632709100842476, -0.0009326103609055281, 0.002900073304772377, -0.022148825228214264, -0.02071291394531727, 0.02326185069978237, 0.001027998048812151, 0.021527230739593506, 0.006793521810323, 0.013406125828623772, 0.013909945264458656, 0.02177129127085209, 0.032396625727415085, -0.007094336207956076, 0.014478972181677818, 2803.242236967757, 0.029004927724599838, 6210.791015625]",63,cat
2922,data/audio_cat-classification/NAYA_DATA_AUG1X/Warning/cat_flickr01409.mp3,cat,"[-242.06893920898438, 86.68354034423828, 3.6585745811462402, 10.212934494018555, 7.6957688331604, 9.766029357910156, 1.6909363269805908, 3.084873676300049, -0.23634250462055206, 3.0064048767089844, -1.0521748065948486, -0.8121407628059387, -4.006229400634766, -0.001602042349986732, -2.1947009563446045, -0.7246445417404175, -4.145814418792725, -2.146466016769409, -3.419835090637207, -2.2712361812591553, 0.5662783980369568, -0.36996856331825256, -0.23983146250247955, -0.1769537627696991, -0.02318725176155567, 0.020999249070882797, -0.010409531183540821, -0.010565326549112797, -0.10200151801109314, -0.003570885630324483, 0.03888118639588356, 0.09636615216732025, 0.14966699481010437, 0.026402097195386887, -0.03868824988603592, -0.011046269908547401, 0.029800936579704285, 0.009362976998090744, 0.053319670259952545, 0.03966522589325905, -0.6960084438323975, 0.10461205244064331, 0.08158886432647705, 0.06313401460647583, 0.026244139298796654, 0.07506271451711655, 0.07688088715076447, 0.020721975713968277, -0.0001610203762538731, -0.009419063106179237, -0.05779252201318741, -0.027998579666018486, -0.059965018182992935, -0.036163922399282455, -0.014361205510795116, -0.03141466900706291, -0.0664932131767273, 0.006927364971488714, 0.028456412255764008, 0.07273409515619278, 2514.907377805642, 0.03351685032248497, 6059.443359375]",63,cat
4316,data/audio_cat-classification/NAYA_DATA_AUG1X/Fighting/Last_addCat262Fit_aug1(1).mp3,cat,"[-246.28140258789062, -5.926978588104248, -37.740177154541016, 9.652210235595703, -11.354724884033203, -9.16354751586914, -10.150579452514648, 0.7445264458656311, -5.545878887176514, -2.810764789581299, 1.490081548690796, 0.11049224436283112, -10.749260902404785, -4.4031758308410645, -9.44865608215332, -4.028716087341309, 1.0464718341827393, 4.004334926605225, -5.176466464996338, -0.9326004385948181, -0.49318403005599976, -0.09739916026592255, -0.05115939676761627, 0.03310680016875267, 0.0912451446056366, 0.1133478581905365, 0.08904124051332474, -0.04656735435128212, 0.07644999772310257, 0.028705671429634094, 0.030257295817136765, 0.07794088125228882, -0.006011202931404114, -0.04327213019132614, -0.0001368700759485364, -0.05078352242708206, 0.010571654886007309, -0.010376856662333012, -0.050799958407878876, -0.015287522226572037, -0.06500361859798431, -0.07272961735725403, 0.006716265343129635, 0.03493529185652733, 0.023792143911123276, -0.019834034144878387, 0.00953707005828619, 0.03051941841840744, 0.004195209592580795, -0.0025658258236944675, 0.04926452785730362, 0.024874866008758545, -0.01661873050034046, 0.023212091997265816, 0.01608039066195488, -0.010237216018140316, -0.014956960454583168, 0.02687746100127697, 0.0063363295048475266, -0.0010441351914778352, 4004.592350626974, 0.1149844080209732, 7101.355537636152]",63,cat
4829,data/audio_cat-classification/NAYA_DATA_AUG1X/MotherCall/cat_youtube01235_aug1(1).mp3,cat,"[-195.8052215576172, 70.89745330810547, -21.553136825561523, 10.277705192565918, 7.623304843902588, 4.09597635269165, 12.477506637573242, 18.90666389465332, 3.344369888305664, -6.602354526519775, -10.530848503112793, -7.878301620483398, 13.517354011535645, -1.317659616470337, -8.994534492492676, -3.7991273403167725, -5.291467666625977, -10.721511840820312, -3.0259385108947754, 10.03229808807373, 0.4039345681667328, -0.0002723613870330155, -0.15502502024173737, 0.2759803831577301, 0.07092288136482239, 0.08308764547109604, 0.013646307401359081, -0.22204150259494781, -0.15075846016407013, 0.0438627265393734, 0.20295387506484985, -0.21461443603038788, -0.19398395717144012, 0.015048995614051819, 0.01309363916516304, 0.06609600782394409, 0.012968904338777065, 0.04128764942288399, -0.09118957817554474, -0.09681861847639084, -0.6096331477165222, 0.1964091807603836, 0.13303029537200928, -0.10819291323423386, -0.04329731687903404, 0.05367754399776459, -0.06293872743844986, -0.13692961633205414, 0.015992725268006325, 0.03336000815033913, 0.021156849339604378, -0.053831398487091064, -0.04453715682029724, 0.00924585573375225, 0.06899412721395493, 0.06602468341588974, 0.07475049048662186, 0.03537188842892647, 0.10006304085254669, 0.028076887130737305, 2727.657714543648, 0.01798657514154911, 4621.2555164599235]",63,cat
263,data/audio_cat-classification/NAYA_DATA_AUG1X/Paining/Online_Cat0468Hlp.mp3,cat,"[-196.51095581054688, 138.19068908691406, -75.75910949707031, 21.493484497070312, 13.496724128723145, -20.15167808532715, 28.25769805908203, 4.592231750488281, -10.428690910339355, 14.74398422241211, -6.840269565582275, 0.7313695549964905, 20.893268585205078, 11.503922462463379, 18.232290267944336, 10.402860641479492, -7.0654296875, 0.6529643535614014, -3.7176551818847656, -6.356597900390625, -0.336027055978775, -0.036559876054525375, 0.29418373107910156, 0.046706706285476685, 0.02256716415286064, 0.08261818438768387, 0.044037237763404846, 0.0782146230340004, 0.018643803894519806, 0.02108706533908844, 0.043524034321308136, -0.11753175407648087, -0.1131017878651619, -0.03961708024144173, -0.07422997057437897, 0.0850726068019867, 0.1496625542640686, -0.03631019592285156, -0.06340053677558899, -0.0038430255372077227, -0.2814743220806122, -0.13584037125110626, 0.050529178231954575, -0.1072096973657608, -0.04157679155468941, 0.08291994780302048, -0.026159754022955894, -0.0719134733080864, -0.036747049540281296, -0.0583164356648922, -0.049505263566970825, -0.01722574234008789, 0.001970794051885605, -0.0030244828667491674, -0.03909612447023392, -0.014120055362582207, 0.029682688415050507, -0.008020365610718727, -0.018221566453576088, 0.02784070186316967, 1504.0292772974674, 0.00016928276454564184, 2584.377316662865]",63,cat
4671,data/audio_cat-classification/NAYA_DATA_AUG1X/Fighting/YashLL_Cat0907Fit_aug1(1).mp3,cat,"[-195.05247497558594, 66.11833190917969, -90.13262176513672, -18.43985939025879, 27.07155990600586, 13.188230514526367, -1.9194225072860718, 8.035058975219727, 18.467872619628906, 0.6312271356582642, 1.6284878253936768, 0.48331907391548157, -3.0415871143341064, 4.430892467498779, 2.310835123062134, 0.14933599531650543, 4.661698818206787, -1.8183842897415161, -0.46509990096092224, 2.4310996532440186, -0.3919571340084076, -0.41425156593322754, 0.03393566235899925, 0.11131706088781357, 0.047916051000356674, -0.01415905449539423, -0.08310025185346603, 0.04793786257505417, 0.11038339138031006, 0.006262280512601137, -0.14349539577960968, -0.11287954449653625, -0.022516777738928795, 0.04561394080519676, 0.007181033957749605, -0.08755809813737869, -0.0009876381373032928, 0.02714395523071289, 0.003885652171447873, 0.05663160979747772, -0.16420835256576538, -0.04929831996560097, -0.03852754831314087, 0.00034067846718244255, -0.012167088687419891, -0.04525631666183472, -0.0479937344789505, -0.01387611124664545, -0.03507100045681, 0.040469467639923096, -0.004005471710115671, -0.030056826770305634, 0.03442012146115303, 0.06378810852766037, 0.02705606445670128, 0.058452170342206955, 0.022152189165353775, -0.003815092844888568, 0.021264169365167618, 0.02874722331762314, 2587.1539387589664, 0.050548043102025986, 4024.4251598011365]",63,cat
4856,data/audio_cat-classification/NAYA_DATA_AUG1X/MotherCall/Online_Cat0399Pill.mp3,cat,"[-667.070068359375, 42.68766784667969, -17.865646362304688, -0.8741132020950317, 2.6246047019958496, -4.89740514755249, -8.599544525146484, 4.55096960067749, 12.140976905822754, 5.668388843536377, 2.6611568927764893, -7.48851203918457, -18.87778091430664, -9.858168601989746, -6.389101028442383, -5.91436243057251, -3.450416088104248, -3.68965744972229, 3.516282558441162, -4.139852523803711, 0.07812188565731049, 0.10630270093679428, 0.08003627508878708, 0.06324116140604019, 0.043619848787784576, 0.02179737575352192, 0.0013871779665350914, -0.02871098928153515, -0.05033138766884804, -0.057783178985118866, -0.060068193823099136, -0.0606175996363163, -0.059933241456747055, -0.054710712283849716, -0.05287104845046997, -0.03931126743555069, -0.03504374623298645, -0.024320201948285103, -0.017473667860031128, -0.004972410388290882, -0.10175810009241104, -0.10444968938827515, -0.10872817784547806, -0.08722460269927979, -0.06100776046514511, -0.05431565269827843, -0.016705753281712532, -0.015995677560567856, 0.032070837914943695, 0.02781965211033821, 0.04619838297367096, 0.06655018776655197, 0.05537144094705582, 0.08179369568824768, 0.07636180520057678, 0.08286891877651215, 0.07473234832286835, 0.06091690436005592, 0.056889262050390244, 0.028008833527565002, 3552.8125326778104, 0.07336011528968811, 6396.071213942308]",63,cat
2131,data/audio_cat-classification/NAYA_DATA_AUG1X/Mating/cat_youtube64361_aug1(1).mp3,cat,"[-127.53717803955078, 82.333984375, 12.526826858520508, 7.000272750854492, 3.712874412536621, 15.259441375732422, -0.8781514167785645, 9.215156555175781, -5.974940776824951, 3.9277825355529785, 0.4586251974105835, -7.167128086090088, -4.328648567199707, -0.8573595881462097, -3.122945547103882, -2.370985269546509, -4.465188980102539, -5.975021839141846, 2.6346023082733154, -0.1492331176996231, -0.4332088828086853, -0.1733630895614624, -0.07236672937870026, -0.09000924974679947, -0.08333219587802887, -0.03579773008823395, 0.0034731891937553883, -0.029743537306785583, -0.008017420768737793, -0.007381108123809099, -0.023079922422766685, -0.030551191419363022, -0.0007080596988089383, -0.007487740367650986, -0.010331675410270691, 0.030033238232135773, 0.019835110753774643, 0.02239437773823738, -0.013652414083480835, -0.014258944429457188, -1.0746190547943115, -0.17353768646717072, -0.033277999609708786, -0.05075259506702423, -0.057084690779447556, -0.05168525502085686, -0.011643828824162483, -0.03607923537492752, -0.013374648056924343, -0.037599895149469376, -0.05010600388050079, -0.030676087364554405, -0.014235426671802998, -0.00022007296502124518, 0.014242895878851414, 0.006458055227994919, 0.017657697200775146, 0.026271093636751175, -0.008881601504981518, -0.010834865272045135, 2363.3071138947935, 0.0819748193025589, 5781.158375459559]",63,cat
1803,data/audio_cat-classification/NAYA_DATA_AUG1X/Mating/LastEntry_cat1390Mt.mp3,cat,"[-447.09375, 79.029052734375, -8.723008155822754, 9.591462135314941, 9.703104019165039, -12.613306999206543, -5.984922409057617, 7.063230037689209, -2.394209623336792, -5.444295406341553, -2.933312177658081, -4.2407450675964355, -5.5264177322387695, -7.9840087890625, -5.925764560699463, -5.378486633300781, -5.32662296295166, -5.54421329498291, -5.00610876083374, -3.178053617477417, -0.43035200238227844, -0.40897083282470703, -0.15390998125076294, 0.21792641282081604, 0.25739020109176636, 0.033226095139980316, 0.11204890161752701, 0.059455011039972305, 0.030564436689019203, 0.09011905640363693, 0.08357506990432739, 0.06850337982177734, -0.0012473455863073468, 0.019604159519076347, -0.01420419942587614, -0.021290481090545654, -0.01771394908428192, -0.013483067974448204, 0.07776976376771927, 0.0837782695889473, -0.5313737392425537, 0.009633505716919899, 0.014081538654863834, 0.00805739313364029, -0.009534009732306004, 0.02916913665831089, 0.041296325623989105, 0.07920973002910614, 0.018052110448479652, 0.007128213532269001, 0.025957545265555382, 0.0020048266742378473, 0.02042551524937153, 0.014195089228451252, 0.04135645553469658, 0.03001461550593376, 0.027145011350512505, 0.04213501885533333, -0.01182728260755539, 0.013130446895956993, 2758.270535702415, 0.04440084099769592, 5816.542762433979]",63,cat
1643,data/audio_cat-classification/NAYA_DATA_AUG1X/Happy/catmeow126_aug1(1).mp3,cat,"[-301.90179443359375, 95.84213256835938, -31.233156204223633, -8.813125610351562, -0.8609554767608643, 3.6460607051849365, 5.082851886749268, -0.8981299996376038, -19.733715057373047, -14.181443214416504, -7.377836227416992, 8.54854965209961, 15.206330299377441, 15.482888221740723, 2.1039750576019287, -15.28564167022705, -15.962360382080078, -4.319070816040039, 0.05011333152651787, -8.750041961669922, -8.669766771163268e-08, 0.0, 5.418604231977042e-09, 0.0, -8.127906347965563e-09, -1.6255812695931127e-08, 1.0837208463954084e-08, -5.418604231977042e-09, 1.0837208463954084e-08, 0.0, 5.418604231977042e-09, 5.418604231977042e-09, 0.0, -1.0837208463954084e-08, 0.0, 0.0, 0.0, 0.0, 0.0, 0.0, -2.167441692790817e-08, -5.418604231977042e-09, 5.418604231977042e-09, -5.418604231977042e-09, 4.063953173982782e-09, -8.127906347965563e-09, -5.418604231977042e-09, 2.709302115988521e-09, -2.709302115988521e-09, -2.709302115988521e-09, -5.418604231977042e-09, -1.6255812695931127e-08, 0.0, 2.709302115988521e-09, 5.418604231977042e-09, -4.063953173982782e-09, 1.3546510579942606e-09, 5.418604231977042e-09, -4.063953173982782e-09, 0.0, 1235.8757506828326, 0.17834462225437164, 1773.9811290394175]",63,cat
3931,data/audio_cat-classification/NAYA_DATA_AUG1X/HuntingMind/cat_youtube01158_aug1(1).mp3,cat,"[-166.19198608398438, 68.47174072265625, 8.022005081176758, -1.8264293670654297, 14.555219650268555, 4.676595687866211, -4.481460094451904, -3.8036885261535645, -1.978424072265625, -3.4540927410125732, -3.544142007827759, -3.5141408443450928, 6.225188255310059, 0.7448363900184631, -0.05219510942697525, 1.330296516418457, -1.9643667936325073, 0.7803545594215393, -3.173003673553467, -2.74827241897583, -2.242257595062256, -0.45434269309043884, -0.12448003888130188, 0.017843086272478104, -0.087570421397686, -0.009242541156709194, 0.006840511690825224, -0.005471857730299234, 0.00812840647995472, 0.012546055018901825, -0.016106925904750824, -0.02420458011329174, -0.07181447744369507, 0.0139509541913867, -0.040089286863803864, -0.08023136109113693, -0.003095869440585375, 0.038997020572423935, 0.022919410839676857, 0.058688294142484665, -1.2301242351531982, -0.20776130259037018, 0.07294698059558868, -0.012126973830163479, -0.03162087872624397, -0.006078172009438276, 0.006530168000608683, 0.07534071803092957, 0.002226884476840496, -0.036730892956256866, -0.009615679271519184, -0.015204478055238724, -0.02510939911007881, -5.2490635425783694e-05, 0.0013352211099117994, 0.006440034136176109, -0.007273963652551174, 0.013359053991734982, 0.022877469658851624, 0.04548962786793709, 3441.8611210746158, 0.09968464076519012, 7995.265426178892]",63,cat
1101,data/audio_cat-classification/NAYA_DATA_AUG1X/Defence/LastEntry_cat1077Hiss.mp3,cat,"[-387.7014465332031, 68.11243438720703, -14.878424644470215, 30.882984161376953, -10.172017097473145, 12.940096855163574, -19.4925479888916, 7.126386642456055, -10.939631462097168, -7.468270778656006, 1.0625579357147217, -15.41966438293457, 0.30155786871910095, -7.202521324157715, -4.072457313537598, -3.229806661605835, -2.4663279056549072, -1.3225129842758179, -3.9354074001312256, -2.590028762817383, 2.1966352462768555, -0.032036855816841125, -0.45769450068473816, -0.2791551351547241, 0.05122319608926773, 0.04780649021267891, -0.14693565666675568, 0.18912585079669952, 0.0026475144550204277, -0.07217739522457123, -0.20801252126693726, -0.09195811301469803, 0.17737220227718353, 0.0006895478582009673, -0.07832321524620056, -0.18577750027179718, 0.01392996497452259, -0.03335683420300484, -0.1667989045381546, -0.0930323451757431, -1.1796921491622925, 0.04043475538492203, 0.0911175012588501, -0.16639931499958038, 0.12404876947402954, 0.064311683177948, 0.13249234855175018, 0.006766121368855238, 0.08837457746267319, 0.026238854974508286, 0.046034879982471466, 0.022742124274373055, 0.01869894377887249, -0.04954133927822113, -0.0716545581817627, 0.07744668424129486, 0.049990687519311905, 0.06484993547201157, 0.10881514102220535, 0.031213315203785896, 2969.3160968810766, 0.0694863349199295, 5954.935546875]",63,cat
5657,data/audio_cat-classification/NAYA_DATA_AUG1X/Resting/LastEntry_cat1222Purr_aug1(1).mp3,cat,"[-155.75143432617188, 121.29707336425781, 42.64609146118164, -6.79000186920166, -6.147310733795166, -2.17988920211792, -13.463025093078613, -17.402076721191406, -1.7545264959335327, -5.385285377502441, 0.9504690766334534, -9.811142921447754, -13.570892333984375, -11.266436576843262, -10.765708923339844, -7.426101207733154, -6.910459995269775, -7.6120805740356445, -6.17286491394043, -7.979917526245117, 0.1625654250383377, 0.2821243703365326, 0.05606868490576744, -0.06540296971797943, -0.06352042406797409, -0.009810935705900192, 0.09839621186256409, -0.04813949018716812, -0.006042017135769129, -0.009436420165002346, 0.01713993400335312, 0.07009968161582947, -0.041084129363298416, 0.0008786329417489469, 0.0335274375975132, 0.002038622507825494, 0.02950349450111389, 0.020587360486388206, 0.027360787615180016, -0.03489776700735092, -0.28688761591911316, 0.010546629317104816, -0.055427104234695435, 0.06166009232401848, 0.005321274511516094, -0.05351407453417778, -0.016096176579594612, 0.011048082262277603, -0.019216859713196754, 0.010197837837040424, -0.0038863294757902622, 0.031849559396505356, 0.013682965189218521, 0.012298309244215488, 0.043533239513635635, 0.028113484382629395, 0.010964819230139256, -0.007364823017269373, -0.006383509375154972, 0.016477882862091064, 1983.0475811430656, 0.014884849078953266, 4653.902161520634]",63,cat
3710,data/audio_cat-classification/NAYA_DATA_AUG1X/HuntingMind/trill02993_aug1(1).mp3,cat,"[-373.38232421875, 19.600229263305664, 1.1778512001037598, 4.513418197631836, -1.3760439157485962, -2.472344160079956, -3.2720835208892822, 3.2051076889038086, -0.4101983904838562, -7.749635696411133, -9.762683868408203, -10.139769554138184, -5.933855056762695, -5.415359973907471, -3.041651725769043, -1.720608115196228, -2.5020899772644043, -1.3058371543884277, -1.5325052738189697, -4.260112762451172, 1.6385315656661987, 0.16987021267414093, 0.049874238669872284, -0.029710259288549423, -0.05351820960640907, -0.012300332076847553, 0.019155215471982956, 0.04716872796416283, 0.018085364252328873, -0.0382734090089798, -0.034981850534677505, -0.05948639661073685, -0.0598025918006897, -0.035443224012851715, -0.004421242978423834, -0.0035827497486025095, 0.016723694279789925, -0.0011920363176614046, 0.014331924729049206, 0.0022814327385276556, -0.1002478376030922, -0.02071857824921608, 0.04113118350505829, 0.014074075035750866, 0.01445902418345213, 0.01047159917652607, -0.008449305780231953, -0.018791519105434418, 0.0027616587467491627, -0.00811355747282505, 0.00023273368424270302, -0.0003687747521325946, 0.0073913345113396645, -0.002732649212703109, -0.010533842258155346, -0.003950443584471941, 0.0017735662404447794, -0.010526200756430626, -0.0029173288494348526, 0.0021627743262797594, 4264.727874101469, 0.3810291588306427, 7917.385153574486]",63,cat
1244,data/audio_cat-classification/NAYA_DATA_AUG1X/Happy/catmeow014_aug1(1).mp3,cat,"[-138.54605102539062, 44.836116790771484, -12.23441219329834, 1.6219474077224731, -12.483384132385254, -0.6337937116622925, -16.263702392578125, -2.183434009552002, -13.81376838684082, -8.120015144348145, -13.263187408447266, -3.9364941120147705, -11.003120422363281, 0.7064595222473145, -6.983354091644287, -4.789017677307129, -7.176390647888184, -2.1987409591674805, -7.332777976989746, -3.93414306640625, -1.8938987255096436, -0.3378968834877014, -0.004472779110074043, -0.030311742797493935, 0.08915111422538757, 0.0732313022017479, 0.1281987577676773, 0.021391725167632103, 0.041507404297590256, -0.003972173668444157, 0.013031238690018654, -0.05387810990214348, -0.022490816190838814, -0.05699700489640236, -0.01293045561760664, -0.008345290087163448, 0.035854317247867584, 0.038708608597517014, 0.03728503733873367, 0.04151672497391701, -0.22497086226940155, 0.07567203789949417, 0.04178769886493683, 0.002706223400309682, 0.007917218841612339, -0.015052351169288158, -0.0046213166788220406, 0.0014945006696507335, 0.007975110784173012, 0.006878769490867853, 0.003183170920237899, 0.01438686903566122, 0.02470550686120987, 0.0038229518104344606, 0.007677032612264156, -0.002255616243928671, 0.014891808852553368, -0.021301599219441414, 0.011886529624462128, -0.0036470021586865187, 3247.1286919131912, 0.19769302010536194, 6626.274294969512]",63,cat
2754,data/audio_cat-classification/NAYA_DATA_AUG1X/Warning/cat_flickr01472_aug1(1).mp3,cat,"[-185.99411010742188, 96.93763732910156, -44.24290084838867, -3.1015732288360596, -14.31706714630127, 9.685369491577148, -0.14555755257606506, -14.604103088378906, -9.286654472351074, -3.605382204055786, -2.97829270362854, -11.267040252685547, -5.465351104736328, 5.334690570831299, -8.783024787902832, -13.866562843322754, -3.166738986968994, -3.3417272567749023, -0.49344754219055176, -2.5339276790618896, -0.39912208914756775, -0.2534698247909546, -0.225534588098526, -0.1380750834941864, 0.033095505088567734, 0.1624169498682022, 0.0606851801276207, -0.03272275999188423, -0.0036818357184529305, -0.005270295310765505, -0.08715318888425827, -0.05112188309431076, 0.031834691762924194, 0.08221474289894104, 0.05224565416574478, 0.0350450724363327, 0.02341971918940544, -0.021218860521912575, -0.05376240983605385, -0.00500071607530117, -1.7356960773468018, -0.14409230649471283, 0.17684991657733917, 0.00460892915725708, 0.025507202371954918, -0.09823556989431381, -0.06203218922019005, 0.06960388273000717, 0.11494408547878265, 0.10534460842609406, 0.024818476289510727, -0.01816972903907299, 0.007748697884380817, -0.02720576524734497, 0.06493254005908966, 0.0514279305934906, 0.036655765026807785, 0.08218489587306976, 0.039067741483449936, 0.02834230475127697, 2072.872576239493, 0.02563057653605938, 3785.769900760135]",63,cat
2317,data/audio_cat-classification/NAYA_DATA_AUG1X/Mating/cat_youtube64375.mp3,cat,"[-466.4814758300781, 44.636199951171875, -27.204763412475586, -13.107343673706055, 5.261377334594727, 6.126928329467773, -0.784125566482544, 10.254446029663086, -4.531234264373779, -13.547658920288086, -7.129374980926514, -2.834169387817383, -1.9410697221755981, 7.244859218597412, 14.181353569030762, 8.78801155090332, -1.1553161144256592, -8.192586898803711, -7.263652801513672, -2.374666452407837, 0.2032260000705719, 0.03814896568655968, 0.041339170187711716, -0.02918497659265995, -0.014845749363303185, -0.015682756900787354, 0.007122100330889225, 0.010408074595034122, -0.006688693072646856, -0.031251318752765656, -0.016901681199669838, -0.030544504523277283, -0.00097787962295115, 0.0281464084982872, -0.008143506944179535, -0.03932907059788704, 0.027332112193107605, 0.036003246903419495, -0.010523820295929909, 0.0074625564739108086, -0.2735024094581604, -0.04416799545288086, -0.0128540163859725, 0.016079092398285866, 0.015602770261466503, 0.005971608683466911, -0.01810365915298462, -0.017309103161096573, 0.02238386683166027, 0.004405147396028042, -0.018797103315591812, -0.020803766325116158, -0.013146821409463882, -0.004132858943194151, -0.0006460138829424977, -0.0026197414845228195, 0.0009342778357677162, 0.02337532676756382, 0.020442185923457146, 0.00912159401923418, 3280.4133292011315, 0.1403111219406128, 6221.7498779296875]",63,cat
794,data/audio_cat-classification/NAYA_DATA_AUG1X/Defence/Cat_YoutubeLLT42366_aug1(1).mp3,cat,"[-394.44586181640625, 18.646137237548828, 6.699684143066406, -8.58110237121582, -3.6935415267944336, -7.289201736450195, -10.78441047668457, -8.574604988098145, -14.630456924438477, -16.29536247253418, -9.311165809631348, -12.078276634216309, -12.226316452026367, -6.287885665893555, -8.124341011047363, -7.232296466827393, -6.694985389709473, -3.013460397720337, -3.1315855979919434, -1.0405325889587402, 0.3535194993019104, 0.3081069588661194, 0.17381732165813446, 0.08486341685056686, 0.06368419528007507, 0.06536371260881424, -0.052406396716833115, -0.10192932933568954, -0.08996866643428802, -0.12185106426477432, -0.014031460508704185, -0.04200228303670883, -0.09609359502792358, -0.1363217830657959, -0.12347094714641571, -0.11386965960264206, -0.07935304939746857, -0.08028055727481842, -0.10466782003641129, -0.10830298811197281, -0.27234143018722534, 0.028734248131513596, -0.0007539730286225677, -0.0692707896232605, 0.01608409360051155, 0.04308140277862549, -0.061433978378772736, -0.08585824072360992, 0.014491165056824684, -0.009842879138886929, 0.0765991359949112, 0.07811038941144943, 0.038944993168115616, 0.016397085040807724, 0.021756013855338097, 0.0162204597145319, 0.05213644728064537, 0.04935368523001671, 0.028476715087890625, -0.032368529587984085, 4720.2467054020235, 0.21991896629333496, 8625.628270140482]",63,cat
3033,data/audio_cat-classification/NAYA_DATA_AUG1X/Angry/Online_Cat0550VeryAngry_aug1(1).mp3,cat,"[-336.1559753417969, 66.89495849609375, 35.54846954345703, -10.396038055419922, -20.951278686523438, -19.1149959564209, -26.280908584594727, -21.02633285522461, -7.7047905921936035, -3.2672884464263916, -6.837409496307373, -15.630769729614258, -17.536121368408203, -9.57351016998291, -4.420376300811768, -2.008168935775757, 0.5176242589950562, -0.776795506477356, -3.336451292037964, -4.929389953613281, 0.1907171905040741, 0.08645427972078323, 0.13875436782836914, 0.023477571085095406, -0.012039458379149437, 0.0004651299968827516, -0.05158716067671776, -0.08809398859739304, -0.06022429093718529, -0.09419108182191849, -0.09454924613237381, -0.06452565640211105, -0.0022106170654296875, -0.011341259814798832, 0.015405611135065556, 0.012337766587734222, 0.01905662566423416, 0.0340392105281353, 0.06111195310950279, 0.06586472690105438, -0.09246845543384552, 0.04700787737965584, 0.0370158813893795, 0.020516617223620415, -0.007528005167841911, -0.012702657841145992, -0.03310684114694595, -0.014054909348487854, -0.031031789258122444, -0.004363196901977062, 0.010497828014194965, 0.02770916558802128, 0.039994243532419205, 0.022367965430021286, 0.0314670093357563, 0.0306102242320776, 0.014612245373427868, 0.04297653213143349, 0.02602093294262886, -0.004914827644824982, 2254.136224477978, 0.08867001533508301, 3691.3974104256467]",63,cat
2622,data/audio_cat-classification/NAYA_DATA_AUG1X/Warning/Last_addCat355Grl_aug1(1).mp3,cat,"[-290.0769958496094, 74.91295623779297, -37.81204605102539, 11.174538612365723, -46.30399703979492, 3.10048508644104, -15.565560340881348, -0.3711031973361969, 0.6016422510147095, -10.979959487915039, 0.7216978073120117, 1.968015193939209, -3.2615408897399902, -10.311540603637695, -5.810033798217773, -10.825318336486816, -10.91036319732666, -0.3976428210735321, 3.2241179943084717, 6.447015285491943, -2.4486820697784424, 0.04477917030453682, 0.30384013056755066, 0.04927137866616249, 0.16917921602725983, -0.02061283029615879, 0.10722101479768753, -0.004491226281970739, 0.010798800736665726, -0.06656252592802048, -0.01206453237682581, 0.057373885065317154, -0.000750811246689409, 0.03281059116125107, 0.09744340926408768, 0.05947628989815712, -0.025586377829313278, -0.03806194290518761, -0.04479356110095978, 0.008646531961858273, -0.3811202347278595, 0.032070010900497437, -5.647946454701014e-05, 0.0062616318464279175, 0.029616622254252434, 0.005073376465588808, 0.01883888803422451, 0.02538871020078659, 0.011274977587163448, 0.016307426616549492, 0.05312575399875641, 0.047620490193367004, 0.046142902225255966, 0.030375247821211815, 0.003445529146119952, -0.007211131043732166, 0.043896760791540146, 0.04889179766178131, 0.017429307103157043, 0.008331500925123692, 2257.010572235831, 0.08728192001581192, 4471.9324285333805]",63,cat
2233,data/audio_cat-classification/NAYA_DATA_AUG1X/Mating/YashLL_Cat0244Mating_aug1(1).mp3,cat,"[-119.16609954833984, 62.1463508605957, 20.860538482666016, 4.1568074226379395, 4.663817882537842, -28.31687355041504, -8.481419563293457, -28.85806655883789, -13.174286842346191, -9.874204635620117, -7.945880889892578, -4.967294692993164, -6.138543128967285, 0.7614434361457825, -4.770765781402588, -5.5688652992248535, -3.4720206260681152, -3.541409969329834, -2.1891539096832275, -8.107856750488281, -0.3739638924598694, -0.12847289443016052, -0.026808807626366615, -0.015095829963684082, -0.020109664648771286, 0.0818408653140068, 0.11056344956159592, 0.1570775955915451, 0.08716394007205963, 0.05220818147063255, -0.0018380393739789724, 0.0022744168527424335, -0.052993521094322205, -0.04128758981823921, -0.02239108271896839, 0.0601017102599144, 0.045793648809194565, -0.002321570413187146, 0.025519276037812233, -0.004438003525137901, -0.15394669771194458, -0.05371765047311783, -0.04480839520692825, -0.005538323428481817, 0.014408162795007229, 0.052860114723443985, 0.021328670904040337, -0.014137547463178635, 0.021997546777129173, 0.04449383541941643, 0.01307838037610054, -0.0047219982370734215, 0.009503920562565327, -0.005792507901787758, -0.012027685530483723, -0.01240573450922966, -0.0078096105717122555, 0.007171852048486471, 0.03935569152235985, -0.010353892110288143, 3709.127463632595, 0.10354446619749069, 8754.6251953125]",63,cat
1779,data/audio_cat-classification/NAYA_DATA_AUG1X/Mating/cat_youtube64385.mp3,cat,"[-304.531494140625, 71.19508361816406, 37.248565673828125, 4.557472229003906, 6.102713108062744, 2.5998032093048096, 3.865760564804077, 4.477008819580078, -3.2972638607025146, -2.367959976196289, -8.409400939941406, -2.5175716876983643, -5.132227420806885, 1.3361767530441284, -1.2666528224945068, 3.7682392597198486, 2.6035044193267822, 0.17913930118083954, 0.3007054626941681, -2.860861301422119, 0.7031794786453247, 0.019300460815429688, -0.09960811585187912, -0.07887152582406998, 0.02117180824279785, -0.017318475991487503, 0.05117211863398552, 0.05396539345383644, -0.03744935244321823, -0.07466086000204086, -0.09872904419898987, 0.0042981249280273914, -0.04856368899345398, 0.014330392703413963, 0.0468292161822319, -0.041099950671195984, -0.06609517335891724, 0.007031936664134264, -0.07546292990446091, -0.08296152949333191, -0.5815547704696655, 0.023908071219921112, -0.009194297716021538, 0.03369681164622307, 0.01471470296382904, 0.014224214479327202, 0.02244432084262371, -0.04073741286993027, -0.015660837292671204, 0.022592991590499878, -0.023708848282694817, -0.026280159130692482, -0.012371799908578396, -0.016456423327326775, -0.013153254054486752, 0.026157589629292488, 0.02926933579146862, -0.000891038915142417, -0.041961394250392914, -0.02200343832373619, 3346.3726445634893, 0.07171027362346649, 8020.170703125]",63,cat
3915,data/audio_cat-classification/NAYA_DATA_AUG1X/HuntingMind/cat_youtube01160.mp3,cat,"[-402.0851135253906, 59.412227630615234, 4.399423122406006, -2.318659543991089, 8.269401550292969, 7.436236381530762, -11.194951057434082, 0.27903905510902405, -3.7016048431396484, -0.5796357989311218, -5.392993927001953, -6.57717227935791, 3.6203629970550537, 0.3754901587963104, -3.0381956100463867, 0.22881296277046204, -3.964994430541992, -1.6332464218139648, -5.76384973526001, -2.4274721145629883, 0.481458455324173, 0.031801316887140274, 0.051395025104284286, -0.00032426664256490767, -0.013933811336755753, -0.00901272427290678, -0.03150124475359917, 0.037147022783756256, 0.08666969835758209, 0.052617643028497696, -0.02055720053613186, 0.09014774113893509, 0.1472402960062027, 0.05180339142680168, 0.01692223735153675, 0.06310423463582993, -0.014547635801136494, 0.014069827273488045, 0.06112539395689964, -0.019936038181185722, -0.42180147767066956, 0.012350250966846943, -0.02447028085589409, 0.00280122016556561, 0.024922870099544525, 0.010455245152115822, -0.02481050044298172, -0.001181956147775054, 0.009520335122942924, -0.007694002240896225, 0.004830699879676104, -0.04027741402387619, -0.05529295653104782, -0.0013555989135056734, 0.039958056062459946, -0.022723980247974396, -0.016303742304444313, -0.0081024756655097, 0.002565851202234626, 0.034386273473501205, 3656.8062332811774, 0.1721067577600479, 7771.06206022351]",63,cat
4965,data/audio_cat-classification/NAYA_DATA_AUG1X/MotherCall/Last_addCat141Pil.mp3,cat,"[-294.4111022949219, 118.57832336425781, 17.4029598236084, 23.993507385253906, 11.77545166015625, 10.968942642211914, 4.31237268447876, -0.5941033959388733, -9.87656307220459, -6.069037437438965, 2.4393301010131836, -4.9891037940979, -7.672669410705566, -7.088077545166016, -4.294251441955566, -5.277661323547363, -3.542787790298462, -1.4396318197250366, -1.417051911354065, -3.1165823936462402, 0.1533581018447876, -0.15656356513500214, -0.06265949457883835, -0.07079532742500305, -0.054772552102804184, 0.009290228597819805, 0.009457179345190525, 0.012746638618409634, -0.05597032979130745, -0.031040454283356667, 0.09252513945102692, 0.07907430082559586, -0.0248237457126379, -0.11194735020399094, 0.03650505840778351, 0.027447232976555824, -0.09032388776540756, 0.006731164176017046, 0.044336333870887756, -0.029155295342206955, -0.2751418352127075, -0.03116736188530922, 0.09336207062005997, -0.021136127412319183, -0.06519873440265656, 0.02850990556180477, 0.045133017003536224, 0.04766310006380081, -0.005181984510272741, -0.0650784820318222, -0.0208694227039814, 0.02539879083633423, 0.05403225123882294, 0.01656731776893139, -0.04196656867861748, 0.00635778671130538, 0.015257780440151691, -0.014324595220386982, 0.01330382190644741, 0.04081053286790848, 1856.186314308154, 0.0081780469045043, 3585.74040621647]",63,cat
4163,data/audio_cat-classification/NAYA_DATA_AUG1X/Fighting/Online_Cat0441Fit_aug1(1).mp3,cat,"[-219.28953552246094, 67.30103302001953, -115.94320678710938, 52.72666549682617, -4.765193939208984, -8.287139892578125, 17.417192459106445, -6.103531360626221, 14.52547836303711, -20.30717658996582, -6.88416862487793, 7.5001678466796875, -5.793715476989746, 8.630349159240723, 2.7975316047668457, 0.8668556809425354, 0.5948313474655151, -4.801830291748047, -3.8239474296569824, -4.5185227394104, 1.9480901956558228, -0.0050166877917945385, -1.3953953981399536, 0.1395569145679474, 0.21182632446289062, -0.25554072856903076, -0.174221009016037, 0.09181011468172073, 0.1479165405035019, -0.2366563230752945, -0.1354079246520996, -0.04735646769404411, -0.03556416928768158, 0.08748487383127213, -0.004649347625672817, 0.05621562898159027, -0.0474315769970417, -0.0418269969522953, -0.05640125274658203, -0.08760122209787369, -0.9837760925292969, -0.4036973714828491, 0.4240398705005646, 0.14179280400276184, -0.10428716242313385, -0.15833745896816254, -0.04469373822212219, 0.16626927256584167, 0.00828312523663044, 0.09668327867984772, 0.10599657893180847, 0.009372737258672714, 0.07786378264427185, 0.0802745670080185, 0.06061192974448204, -0.10778306424617767, 0.027373870834708214, 0.14662106335163116, 0.06094415485858917, -0.01263690646737814, 2660.361815680096, 0.005733279976993799, 3708.3465576171875]",63,cat
2835,data/audio_cat-classification/NAYA_DATA_AUG1X/Warning/Edit9025Grl.mp3,cat,"[-259.2424621582031, 137.5865478515625, 21.714279174804688, 4.025076866149902, -3.619379997253418, -26.164512634277344, -11.667383193969727, -12.686358451843262, -17.187395095825195, -29.408187866210938, -13.844006538391113, -6.2139363288879395, -5.015047073364258, -16.46860694885254, -3.038007974624634, -5.759069919586182, -16.134750366210938, -6.159239292144775, -9.283824920654297, -4.202897548675537, 1.6627310514450073, -0.0638209879398346, -0.32010799646377563, 0.0084947869181633, 0.05703526362776756, 0.34654203057289124, -0.07886052876710892, -0.16094887256622314, 0.23219840228557587, 0.015030667185783386, -0.17164212465286255, -0.08486797660589218, -0.09799539297819138, 0.030941329896450043, -0.04478206858038902, 0.04357274994254112, 0.13231059908866882, -0.08333839476108551, 0.0864473357796669, -0.07299815118312836, -1.4129152297973633, -0.5905571579933167, -0.04730283468961716, 0.07196546345949173, -0.0738195925951004, 0.15000934898853302, -0.030979594215750694, -0.1615120768547058, 0.09502794593572617, 0.06020185723900795, 0.04865522310137749, 0.07148318737745285, -0.02982940338551998, 0.009980954229831696, 0.06896685808897018, -0.029223324730992317, 0.039453987032175064, 0.03499479219317436, 0.05397835001349449, 0.0011063875863328576, 1489.9232321124541, 0.011994976550340652, 2531.705309681057]",63,cat
4205,data/audio_cat-classification/NAYA_DATA_AUG1X/Fighting/YashLL_Cat0231Fit.mp3,cat,"[-43.583885192871094, 91.77434539794922, -72.37129211425781, 27.42463493347168, -8.326958656311035, 20.68878936767578, -27.561899185180664, 27.1152286529541, -11.110126495361328, 3.108232021331787, -5.689706325531006, 5.068113327026367, -5.322091102600098, 0.6859056949615479, -0.0007150319870561361, -5.230534553527832, 0.6958383917808533, -1.0878126621246338, 3.9647557735443115, -5.634523391723633, 0.2434265911579132, -0.2242618054151535, -0.11338362842798233, 0.009706475771963596, -0.05512257665395737, 0.04626919701695442, -0.051685720682144165, 0.05187240242958069, 0.01696888357400894, 0.051552336663007736, -0.009446075186133385, 0.06569202989339828, 0.0364847294986248, 0.06219257414340973, 0.015025269240140915, 0.05617531016469002, 0.017842330038547516, -0.03336307778954506, -0.0257587730884552, 0.01754719950258732, -0.35694199800491333, -0.06543274223804474, 0.04972079023718834, -0.01989043317735195, 0.06814143806695938, -0.042198605835437775, 0.015182767063379288, -0.05904844403266907, -0.02970951423048973, -0.03905146196484566, 0.020636186003684998, -0.001609268132597208, -0.013956630602478981, -0.028301319107413292, -0.017174415290355682, -0.0021828245371580124, -0.01689871959388256, 0.01753552444279194, -0.004733169451355934, 0.012309999205172062, 2332.9255777064445, 0.009880666621029377, 4159.878011522346]",63,cat
1545,data/audio_cat-classification/NAYA_DATA_AUG1X/Happy/cat02.mp3,cat,"[-413.4681396484375, 95.66776275634766, -31.332908630371094, -3.5513882637023926, -23.89301300048828, 7.2206220626831055, -5.989119052886963, -3.831660032272339, -9.049514770507812, -12.635207176208496, -17.44837760925293, -5.09568977355957, 1.6367183923721313, 14.420733451843262, 14.454743385314941, -0.8753650784492493, -11.198199272155762, -19.7783260345459, -7.944001197814941, 1.9905849695205688, 0.2161000669002533, -0.06329640001058578, 0.09151852875947952, 0.4360644817352295, 0.31321194767951965, -0.047388315200805664, 0.09893004596233368, 0.009528995491564274, 0.06659837067127228, 0.21333792805671692, -0.145568385720253, -0.4571615755558014, -0.20048172771930695, 0.004748731851577759, 0.23446998000144958, 0.1477101445198059, -0.14610789716243744, -0.07848096638917923, 0.055590905249118805, 0.18295131623744965, -0.5577484965324402, 0.13923953473567963, -0.07595156878232956, -0.11274411529302597, -0.034211765974760056, -0.0831831619143486, -0.009601769037544727, 0.04780222848057747, 0.020394116640090942, 0.024774357676506042, -0.05442284792661667, -0.08569177240133286, 0.06621625274419785, 0.08172008395195007, -0.02963840588927269, -0.0018182540079578757, -0.0844074934720993, -0.011167099699378014, 0.05877702310681343, 0.08031896501779556, 1817.7339208799772, 0.011197376064956188, 3181.53076171875]",63,cat
4095,data/audio_cat-classification/NAYA_DATA_AUG1X/HuntingMind/catchatter658_aug1(1).mp3,cat,"[-165.38778686523438, 64.40653991699219, 4.551502227783203, 19.145748138427734, 18.909889221191406, 7.599034309387207, 11.404695510864258, 9.662165641784668, 10.993535041809082, 6.293749809265137, 4.815159320831299, 0.531755805015564, 4.42207145690918, 7.278524398803711, 5.15247917175293, 7.917727470397949, 1.4158844947814941, 5.743504524230957, 1.5246608257293701, 1.5832704305648804, 0.8576444387435913, 0.06488709896802902, -0.03429344668984413, 0.012006750330328941, -0.03604195639491081, -0.04054998606443405, -0.10747268795967102, -0.047361843287944794, 0.0220902431756258, -0.022494755685329437, -0.01656121388077736, -0.021108411252498627, 0.04580511525273323, 0.007586216554045677, 0.012421374209225178, 0.06578102707862854, -0.0007950113504193723, -0.011620457284152508, -0.049238041043281555, 0.021525047719478607, -0.692825198173523, -0.019726432859897614, 0.03409885987639427, 0.08934081345796585, 0.02408440224826336, -0.01597283035516739, 0.027090562507510185, 0.026403235271573067, -0.014901028014719486, 0.011821897700428963, -0.011502002365887165, -0.0012251597363501787, 0.08445979654788971, 0.026212958618998528, -0.08550316840410233, -0.08089137822389603, 0.005545024760067463, 0.028089266270399094, -0.04242599010467529, -0.08602835237979889, 3024.8587730668396, 0.039658740162849426, 7216.211172250601]",63,cat
2554,data/audio_cat-classification/NAYA_DATA_AUG1X/Warning/Online_Cat0313grl.mp3,cat,"[-287.9283142089844, 192.6531524658203, -15.307281494140625, 3.499979257583618, -6.262094497680664, 6.617031574249268, -8.586653709411621, -25.83340072631836, -5.496356010437012, -0.43376606702804565, 0.4547635614871979, 5.905955791473389, 8.295318603515625, 1.5074498653411865, -7.294613361358643, 3.410367727279663, -9.959227561950684, -9.984848976135254, 0.7470356822013855, -8.104743957519531, -3.3432891368865967, -3.2649664878845215, -0.6315652132034302, 0.29877424240112305, 0.09434806555509567, -0.06646070629358292, 0.14073294401168823, 0.5294194221496582, 0.08321536332368851, -0.004296548664569855, -0.04046335443854332, -0.08487711101770401, -0.3479095995426178, -0.24403032660484314, 0.12433560937643051, 0.03903043270111084, 0.16873733699321747, 0.02156398817896843, 0.05276162177324295, 0.22747518122196198, -0.12834559381008148, -0.40005916357040405, 0.1426500678062439, 0.24074818193912506, -0.006012682802975178, -0.1498115062713623, -0.07162391394376755, 0.06723494082689285, -0.16655448079109192, -0.04960630461573601, 0.04556967318058014, 0.11012741923332214, -0.0827648937702179, -0.08263076841831207, 0.09479492902755737, -0.04497567191720009, -0.019548892974853516, -0.07551468163728714, 0.004560154862701893, 0.0753699317574501, 1158.111220650911, 0.022792594507336617, 2057.1791098151407]",63,cat
2670,data/audio_cat-classification/NAYA_DATA_AUG1X/Warning/car_extcoll0279_aug1(1).mp3,cat,"[-145.7321014404297, 62.683815002441406, -6.611238479614258, 6.988630294799805, -22.982830047607422, -3.4828848838806152, -16.160276412963867, -1.65643310546875, -1.5426216125488281, -4.222146511077881, 1.6927452087402344, -3.9313528537750244, -4.838860034942627, -3.6636648178100586, 0.9875423908233643, 0.6519448757171631, -0.4466879069805145, -0.0252059418708086, -4.373020648956299, -4.266740798950195, 1.6613017320632935, 0.35577747225761414, -0.026488684117794037, -0.20840048789978027, -0.0055446866899728775, 0.0014158975100144744, -0.16399182379245758, 0.001677198801189661, -0.03705621883273125, 0.02846766635775566, 0.04014705494046211, -0.022094886749982834, -0.023966174572706223, 0.010650801472365856, 0.04287503659725189, -0.017867304384708405, -0.07335010915994644, -0.09468765556812286, -0.01344082597643137, 0.022709138691425323, -2.2751107215881348, -0.4082886874675751, 0.1963299810886383, 0.010783195495605469, -0.04162721335887909, -0.06675272434949875, 0.08792527765035629, -0.038299836218357086, -0.030688583850860596, -0.05492375046014786, -0.037409331649541855, 0.06521759927272797, 0.08596132695674896, 0.06204449012875557, -0.04802154377102852, 0.001402350957505405, 0.05143696442246437, 0.08828112483024597, 0.030463965609669685, 0.0030348843429237604, 2662.7737316687153, 0.13610410690307617, 5537.703635475852]",63,cat
2918,data/audio_cat-classification/NAYA_DATA_AUG1X/Warning/LastEntry_cat1012Ang.mp3,cat,"[-326.71954345703125, 80.2926025390625, -24.874971389770508, 1.7631176710128784, -11.311273574829102, -3.485990047454834, -3.34499192237854, -14.20658016204834, 8.009393692016602, -6.085574150085449, 8.309295654296875, -5.364856719970703, 3.047886610031128, -14.113821029663086, -3.0162010192871094, -6.369587421417236, 2.4814138412475586, 8.230530738830566, 4.47867488861084, 10.52694320678711, 0.515239417552948, -0.02480274625122547, -0.04134061932563782, 0.030178125947713852, -0.033223263919353485, -0.031721509993076324, -0.0035409375559538603, -0.06652222573757172, 0.030886609107255936, -0.0009575494914315641, 0.04107547923922539, 0.0009232223965227604, 0.022550474852323532, -0.008515147492289543, -0.024666177108883858, -0.0392906554043293, -0.028504496440291405, 0.016478288918733597, -0.017634382471442223, 0.06221136823296547, -0.1933102011680603, -0.07674220204353333, -0.005232182797044516, -0.026397069916129112, -0.02716481313109398, -0.012409324757754803, 0.011158025823533535, 0.00394295621663332, 0.005263968836516142, 0.014574677683413029, 0.0011441785609349608, 0.0285386610776186, -5.625339690595865e-05, -0.001216572243720293, -0.023169150575995445, -0.011790890246629715, -0.015864791348576546, -0.019861064851284027, -0.027812326326966286, -0.009249909780919552, 2490.7965503248215, 0.06303820013999939, 4770.579727836277]",63,cat
5397,data/audio_cat-classification/NAYA_DATA_AUG1X/Resting/cat_youtube01287.mp3,cat,"[-304.99151611328125, 134.63856506347656, 7.5383687019348145, 4.706596374511719, -14.048050880432129, -5.665841102600098, -8.208662033081055, 5.772552013397217, -11.973191261291504, -10.260168075561523, -17.962207794189453, -6.184728145599365, -5.946514129638672, -4.569161891937256, -11.161627769470215, -3.2313835620880127, -5.190649509429932, -0.4976823031902313, -7.955526351928711, -1.7786191701889038, 0.15563929080963135, 0.029226072132587433, -0.0269816592335701, -0.003278883406892419, -0.015379049815237522, -0.01454957202076912, -0.012288111262023449, -0.03905956447124481, 0.008983026258647442, 0.029410159215331078, 0.015051302500069141, -0.003800643142312765, 0.015036196447908878, 0.023657893761992455, 0.03295430168509483, -0.0029393190052360296, 0.005397382657974958, 0.0019732462242245674, 0.0011340044438838959, -0.03047526441514492, -0.19927272200584412, -0.046909183263778687, 0.002289712429046631, 0.020916124805808067, 0.021026568487286568, 0.0024972569663077593, 0.011645008809864521, 0.0007873757858760655, 0.019778938964009285, 0.011989366263151169, 0.014055341482162476, -0.002236746484413743, -0.0020476605277508497, 0.011733634397387505, 0.010335294529795647, 0.005788721609860659, 0.004716209601610899, 0.010031710378825665, 0.012030811049044132, -0.00856052991002798, 1624.7004832455116, 0.01147088035941124, 3386.09619140625]",63,cat
5472,data/audio_cat-classification/NAYA_DATA_AUG1X/Resting/cat_flickr01402.mp3,cat,"[-583.193359375, 53.30232620239258, 6.88830041885376, 2.6389501094818115, -10.244623184204102, 8.789092063903809, -9.532459259033203, -4.106198310852051, -15.565573692321777, -5.339161396026611, -8.358930587768555, 4.0790114402771, -9.340962409973145, -3.7915217876434326, -13.042102813720703, -2.2444398403167725, -5.11008882522583, -1.402753233909607, -7.620304107666016, -2.9418530464172363, 0.3523295819759369, 0.01733427681028843, 0.015160304494202137, 0.019482802599668503, -0.021340826526284218, 0.0007867119275033474, 0.00824909470975399, -0.019213367253541946, -0.010992888361215591, -0.013267061673104763, -0.002985794097185135, 0.0188670102506876, -0.007434391416609287, -0.03591626137495041, -0.02823343127965927, -0.002326121088117361, 0.0005139121203683317, 0.02591843716800213, 0.00442963931709528, 0.007071059197187424, -0.2372308075428009, 0.006381525192409754, 0.019706038758158684, 0.02419523149728775, 0.04934217035770416, 0.03839509189128876, 0.012682230211794376, -0.002140660770237446, -0.003686754498630762, 0.01253062579780817, 0.03706920146942139, 0.006410133559256792, 0.012386089190840721, 0.007242681458592415, 0.029170595109462738, 0.016678642481565475, 0.015601816587150097, -0.005958595313131809, -0.007552123628556728, 0.010321401990950108, 3703.555975595292, 0.17705132067203522, 7587.40088619403]",63,cat
530,data/audio_cat-classification/NAYA_DATA_AUG1X/Paining/Last_addCat129584Res.mp3,cat,"[-268.515380859375, 112.15648651123047, -64.49811553955078, 4.509260177612305, -14.044960021972656, 2.8574843406677246, -7.966353416442871, 10.436946868896484, -18.30699348449707, -1.2047911882400513, -8.301005363464355, -2.9391467571258545, -2.3626832962036133, 3.548809051513672, 9.260533332824707, 6.595407009124756, 6.720757007598877, -0.4252575635910034, -0.604220986366272, -0.5334388613700867, -1.3734904527664185, -0.274803102016449, 0.3178165853023529, 0.021472223103046417, 0.15313628315925598, 0.07318069785833359, 0.09720291942358017, 0.06329327821731567, 0.04887135326862335, 0.024614479392766953, 0.11331889778375626, -0.043889980763196945, -0.16124363243579865, -0.12208347022533417, 0.013957631774246693, 0.041703417897224426, 0.019461631774902344, 0.0655335858464241, 0.08668921142816544, -0.00562708405777812, -0.6364057064056396, -0.09308695793151855, 0.14421650767326355, -0.04512082040309906, 0.06828632950782776, -0.03470589220523834, 0.028667684644460678, -0.040567368268966675, 0.0348757766187191, -0.0017077622469514608, 0.0013061302015557885, -0.043970223516225815, 0.024884428828954697, 0.02162327989935875, 0.045162949711084366, 0.03493283689022064, 0.020836513489484787, -0.005398865789175034, -0.03213569521903992, 0.02000388875603676, 1869.7740254018029, 0.005633315071463585, 3262.6026267776947]",63,cat
3919,data/audio_cat-classification/NAYA_DATA_AUG1X/HuntingMind/LastEntry_cat1025Chat_aug1(1).mp3,cat,"[-384.5196533203125, 85.44466400146484, -15.097625732421875, 19.452098846435547, 1.1011146306991577, 17.683732986450195, -2.4277091026306152, 15.30755615234375, 1.6812119483947754, 10.66169261932373, -1.1411679983139038, 8.174111366271973, 4.457801818847656, 3.465299606323242, -3.0983986854553223, 0.5379718542098999, -3.224392890930176, -0.5183408260345459, -5.441037178039551, -1.9845370054244995, 1.284974217414856, 0.2877187728881836, -0.203342005610466, 0.03884020447731018, -0.06152677908539772, 0.08877053111791611, -0.10949613153934479, 0.11365298181772232, 0.09175173938274384, 0.09401340782642365, -0.06540997326374054, -0.1041671484708786, -0.0006320696556940675, 0.051018308848142624, 0.04558728262782097, -0.006374777294695377, 0.05541635677218437, 0.08067402243614197, -0.09002416580915451, -0.1159934252500534, 0.25785836577415466, -0.020527180284261703, -0.09613063186407089, -0.016731703653931618, -0.05749139189720154, 0.004490212071686983, -0.03657497465610504, 0.0057496787048876286, 0.02407720685005188, 0.009610801935195923, -0.03906036913394928, -0.054230112582445145, 0.0009151807171292603, 0.009619918651878834, 0.011257695965468884, -0.022392375394701958, 0.0011136879911646247, 0.022336607798933983, -0.023190384730696678, -0.019621115177869797, 1980.4630413199268, 0.07972497493028641, 4303.41064453125]",63,cat
5787,data/audio_cat-classification/NAYA_DATA_AUG1X/Resting/LastEntry_cat1236Purr.mp3,cat,"[-411.7023010253906, 138.96055603027344, 47.51493835449219, -14.832118034362793, -14.212843894958496, -4.710176944732666, -15.883156776428223, -18.665359497070312, -1.8894355297088623, -0.4451259672641754, 5.444350719451904, -5.518754005432129, -12.784443855285645, -9.95358943939209, -11.926318168640137, -7.382279396057129, -7.699878692626953, -6.411793231964111, -3.150737762451172, -7.689336776733398, 0.3295312523841858, 0.04426594078540802, 0.12462667375802994, -0.05765567719936371, -0.007260373327881098, 0.03299664705991745, -0.042366646230220795, -0.04242255538702011, -0.07117582857608795, 0.007219789549708366, 0.054544154554605484, 0.030838292092084885, -0.026828067377209663, -0.06829054653644562, -0.01421892549842596, -0.046216338872909546, -0.040329501032829285, -0.014927341602742672, -0.029270142316818237, -0.0014656797284260392, -0.16414442658424377, -0.1210823655128479, -0.09884294122457504, 0.0035656115505844355, -0.01719035394489765, -0.0018638785695657134, 0.02991017885506153, 0.014248081482946873, 0.013800245709717274, 0.001675622072070837, -0.018669815734028816, 0.007876301184296608, -0.006869304925203323, 0.023814905434846878, 0.02098720334470272, 0.011671680025756359, 0.04805156961083412, 0.009032078087329865, 0.010928889736533165, 0.006320989690721035, 1773.4795607975818, 0.019210971891880035, 3382.623845880682]",63,cat
1046,data/audio_cat-classification/NAYA_DATA_AUG1X/Defence/Edit9058Hiss_aug1(1).mp3,cat,"[-134.11595153808594, 68.38552856445312, -75.14863586425781, 78.3640365600586, -56.80257797241211, 38.12876892089844, -33.415672302246094, 29.814376831054688, -31.705524444580078, 10.48335075378418, -26.454875946044922, 14.131067276000977, -13.764747619628906, -5.099496364593506, 1.5483644008636475, -1.302016258239746, 8.223994255065918, 1.1707841157913208, 16.568986892700195, -2.039763927459717, 1.1460076570510864, -1.2414090633392334, -0.16537964344024658, 0.8089640736579895, 1.7544636726379395, 0.541029155254364, 0.07556713372468948, 0.6082144975662231, -0.10424032062292099, 0.6799004077911377, -0.6483410000801086, 0.25684502720832825, -0.028188657015562057, -0.0851937010884285, 1.05843985080719, -0.516517698764801, 0.2806774079799652, -0.38995158672332764, 0.5527129173278809, -0.44710594415664673, -3.5154170989990234, -0.6205850839614868, 0.9090585112571716, -0.5117465257644653, 0.3976677358150482, -0.042538486421108246, 0.46959835290908813, -0.3418242931365967, 0.27923911809921265, -0.30673855543136597, 0.1626671999692917, -0.3981929421424866, 0.3046194314956665, 0.11251124739646912, -0.0016441381303593516, 0.049535199999809265, 0.10094495862722397, -0.098953478038311, 0.02941436693072319, 0.024053098633885384, 3382.1431510733637, 0.007068563252687454, 5846.2646484375]",63,cat
4273,data/audio_cat-classification/NAYA_DATA_AUG1X/Fighting/cat0323.mp3,cat,"[-288.56658935546875, 152.7503204345703, -32.294986724853516, -1.7758328914642334, -10.476672172546387, 5.485101699829102, -6.869034767150879, 12.50688362121582, -4.8608598709106445, 3.4387240409851074, -6.3832926750183105, 6.489142894744873, 2.089995861053467, 6.565248489379883, -2.471623182296753, -0.7163407206535339, 2.4715421199798584, 2.8752150535583496, 3.1156558990478516, 1.8322715759277344, 0.6992146372795105, 0.08082852512598038, -0.10575016587972641, 0.018475528806447983, -0.14924117922782898, 0.08478320389986038, 0.05398867651820183, 0.018423661589622498, -0.0068023912608623505, 0.0715654119849205, -0.01700543239712715, -0.0020419005304574966, -0.04384803771972656, 0.028658710420131683, -0.0005843046237714589, 0.04336385428905487, 0.018239378929138184, -0.008618595078587532, 0.012697938829660416, 0.031220419332385063, -0.2274032086133957, -0.07210651785135269, 0.040233831852674484, 0.004233159124851227, -0.00453295698389411, -0.012273532338440418, 0.026733901351690292, -0.006948316469788551, 0.02384750358760357, 0.012788991443812847, 0.013155490159988403, 0.013409445993602276, -0.006988415960222483, -0.00421225605532527, 0.010127706453204155, 0.0038674413226544857, -0.03571778163313866, -0.004595258738845587, 0.010083723813295364, 0.008481230586767197, 1407.9811795863072, 0.0024372050538659096, 2588.396055640244]",63,cat
3842,data/audio_cat-classification/NAYA_DATA_AUG1X/HuntingMind/trill02991_aug1(1).mp3,cat,"[-330.1440734863281, 39.8568115234375, -7.956782341003418, 4.9452900886535645, -5.246313571929932, -1.403337836265564, -8.019564628601074, 2.011338233947754, -4.880911827087402, -12.316909790039062, -14.394001960754395, -13.461383819580078, -5.941028594970703, -8.502248764038086, -3.9754815101623535, -4.249505519866943, -3.8777220249176025, -2.9684650897979736, -3.3612236976623535, -5.9913763999938965, -0.4209306240081787, -0.2709733247756958, 0.07016446441411972, -0.03941967338323593, 0.00945261400192976, 0.10419736057519913, 0.07444734126329422, 0.02312222495675087, 0.033997710794210434, 0.02782554179430008, 0.05538249388337135, 0.008738166652619839, -0.08233076333999634, 0.009747845120728016, -0.011575082316994667, -0.047104012221097946, 0.027861030772328377, 0.06971586495637894, 0.05796608328819275, 0.036994874477386475, -0.6310994625091553, -0.15973135828971863, 0.21654491126537323, 0.049178916960954666, -0.000143708850373514, -0.03959599882364273, 0.015676403418183327, 0.0062738931737840176, -0.04593824967741966, -0.01133775431662798, 0.07712621241807938, 0.06097503751516342, 0.03284619748592377, 0.06385588645935059, 0.03329027071595192, -0.04346990957856178, -0.07013951987028122, -0.021783893927931786, -0.012159428559243679, 0.0019257999956607819, 3876.954637565826, 0.2265871912240982, 7533.155980603448]",63,cat
1817,data/audio_cat-classification/NAYA_DATA_AUG1X/Mating/cat_youtube64309_aug1(1).mp3,cat,"[-263.4722595214844, 77.422119140625, 24.125261306762695, -0.09861411899328232, -5.798014163970947, -7.427321910858154, -8.629165649414062, -3.2596657276153564, -5.909115791320801, -5.607619762420654, -4.102560520172119, 2.5578243732452393, 2.769000291824341, -0.8891919851303101, -0.7987250089645386, -5.492661952972412, -6.841760158538818, -9.50252914428711, -2.8023552894592285, -2.3752763271331787, -0.6513819694519043, -0.38351836800575256, -0.10125792026519775, -0.06272942572832108, -0.07658548653125763, -0.020071914419531822, 0.05601849779486656, 0.07945341616868973, -0.0011732428101822734, -0.042035460472106934, -0.0030058955308049917, 0.07165509462356567, 0.057437121868133545, 0.05861242115497589, 0.035804178565740585, -0.03538898378610611, -0.010940801352262497, -0.0016622199909761548, -0.03418036922812462, -0.016325341537594795, -0.2706073522567749, -0.04375416412949562, -0.0374644435942173, -0.020774690434336662, 0.01149652898311615, 0.025104345753788948, 0.02030724287033081, 0.030517062172293663, 0.03672199323773384, 0.017635531723499298, 0.02093687653541565, -0.025884734466671944, -0.055957894772291183, -0.03565512225031853, -0.018525829538702965, 0.012654325924813747, 0.0018385068979114294, 0.015092580579221249, 0.006195120979100466, -0.01682964526116848, 3102.820086942391, 0.08980682492256165, 7138.450828758446]",63,cat
2388,data/audio_cat-classification/NAYA_DATA_AUG1X/Warning/Catgrow0115_aug1(1).mp3,cat,"[-129.4208221435547, 120.68331909179688, 66.43415832519531, 38.39726638793945, 19.627805709838867, -5.149059295654297, -18.618539810180664, -10.852452278137207, -13.954753875732422, -6.74179220199585, -2.25764536857605, -1.182350516319275, 1.6556894779205322, -2.408738374710083, -3.6943345069885254, -0.3241065442562103, -3.0129783153533936, -0.7923434972763062, -0.05886282026767731, -2.579224109649658, 1.4652105569839478, -0.09489773958921432, -0.5522953867912292, 0.02344268560409546, 0.007908329367637634, -0.08123753219842911, -0.06711948662996292, -0.0689111053943634, 0.1790415346622467, -0.05565708875656128, -0.15898320078849792, -0.2079549878835678, -0.13605010509490967, -0.06370427459478378, -0.09833112359046936, -0.08345558494329453, 0.1589847356081009, 0.1303073763847351, -0.0589551106095314, -0.022429997101426125, -0.8106999397277832, 0.12014854699373245, 0.09907644242048264, -0.09776702523231506, 0.05082598701119423, 0.09262581914663315, 0.04677635431289673, -0.06650973111391068, -0.13001374900341034, -0.031014082953333855, 0.07136828452348709, 0.016369441524147987, 0.00013455827138386667, 0.0192131195217371, -0.02101851999759674, 0.021884584799408913, 0.011069352738559246, -0.03466760739684105, 0.017438368871808052, 0.03883237764239311, 1349.3175933145997, 0.003060850314795971, 2479.938986449115]",63,cat
2706,data/audio_cat-classification/NAYA_DATA_AUG1X/Warning/Cat_Growing1081_aug1(1).mp3,cat,"[-196.45208740234375, 136.8607940673828, -16.398448944091797, -21.588502883911133, -22.87189483642578, -14.651878356933594, -1.1147778034210205, 0.7356635332107544, 5.690179824829102, -5.5440545082092285, -2.52028751373291, 2.084470272064209, 1.9865204095840454, -7.789793014526367, -9.61256217956543, -0.9972984194755554, -13.244757652282715, -15.28257942199707, 1.6526648998260498, 1.1867810487747192, 0.7925404906272888, -0.01279356237500906, -0.562325119972229, -0.34672534465789795, -0.13361895084381104, 0.27877020835876465, 0.24842151999473572, 0.2623384892940521, 0.3059261739253998, 0.1540781408548355, 0.16263940930366516, 0.013066931627690792, -0.12127682566642761, -0.0810900330543518, -0.025532234460115433, 0.05612446367740631, -0.10716737806797028, -0.05103202536702156, 0.10374150425195694, -0.0753379762172699, -0.27812641859054565, -0.2091928869485855, -0.02912101522088051, -0.01192469708621502, -0.027790913358330727, 0.05454561114311218, 0.07236434519290924, 0.00584694929420948, -0.028484545648097992, -0.0015689233550801873, -0.014155920594930649, -0.003531757043674588, -0.08725593239068985, -0.01929282769560814, 0.07052025943994522, -0.03810582309961319, -0.02905729040503502, 0.067884162068367, 0.04696878418326378, -0.033291492611169815, 1534.7226181876788, 0.004870735574513674, 2534.0370579769738]",63,cat
599,data/audio_cat-classification/NAYA_DATA_AUG1X/Defence/LastEntry_cat1291Hiss.mp3,cat,"[-160.16629028320312, 112.17025756835938, -45.03046417236328, 32.5350341796875, -21.849851608276367, 16.774564743041992, -24.534664154052734, 17.907346725463867, -22.6295166015625, 7.7187652587890625, -19.263225555419922, 5.939947605133057, -19.139156341552734, 8.680699348449707, -8.347100257873535, 1.058202862739563, -5.459105968475342, -0.5946723818778992, -4.765296459197998, 3.794107675552368, 0.9244113564491272, -0.09567426145076752, -0.44930580258369446, -0.04750378057360649, -0.22903524339199066, 0.25856882333755493, -0.11399870365858078, 0.16172347962856293, 0.08831795305013657, 0.12011565268039703, -0.04018425941467285, 0.11247121542692184, 0.012636064551770687, 0.12445017695426941, 0.034088924527168274, 0.1521739661693573, 0.005146379116922617, 0.1326608508825302, -0.07363983243703842, 0.054425619542598724, -0.8500889539718628, -0.07512769103050232, 0.16222207248210907, -0.1915212720632553, 0.15467144548892975, -0.05675843358039856, 0.09890715032815933, -0.03317767381668091, 0.07620669901371002, -0.11417927592992783, -0.017118852585554123, -0.01086385641247034, 0.09686972945928574, 0.04265609011054039, 0.09333392977714539, -0.009123957715928555, 0.0167459174990654, -0.08993269503116608, -0.04610399156808853, -0.10450783371925354, 2156.82556778754, 0.011454266496002674, 4187.254005142405]",63,cat
4204,data/audio_cat-classification/NAYA_DATA_AUG1X/Fighting/Online_Cat0437fit_aug1(1).mp3,cat,"[-310.1960144042969, 101.51114654541016, -125.4058837890625, 68.02899932861328, -8.654438018798828, -5.391836166381836, 28.95325469970703, -10.587032318115234, 25.394433975219727, -5.964271545410156, -5.992630958557129, 11.991323471069336, -7.961760520935059, 10.026243209838867, 6.72471809387207, 4.967047214508057, 7.488717079162598, 1.1484616994857788, 4.024996280670166, -1.292480230331421, 2.2356786727905273, 0.642413854598999, -1.4730145931243896, 0.7110469341278076, -0.49991363286972046, -0.2428106665611267, 0.09610223025083542, -0.4705438017845154, 0.24394148588180542, -0.06434733420610428, -0.0773385614156723, -0.05868755280971527, -0.2796183228492737, 0.11963605880737305, -0.21125783026218414, -0.09251165390014648, 0.09250696748495102, -0.5281887054443359, -0.0036555826663970947, 0.09616462141275406, 2.413675546646118, 0.9130643010139465, -0.0958869531750679, 0.09453397989273071, 0.11015000194311142, 0.06163077801465988, 0.08245216310024261, -0.01877625100314617, -0.060113295912742615, -0.06773307919502258, -0.07406334578990936, 0.022350840270519257, -0.0015291902236640453, -0.031606275588274, -0.03523756191134453, -0.04554321989417076, 0.030871881172060966, 0.09349945187568665, -0.0480736643075943, -0.010005798190832138, 2073.3818989765255, 0.00011016089410986751, 3363.5162353515625]",63,cat
2751,data/audio_cat-classification/NAYA_DATA_AUG1X/Warning/car_extcoll0325.mp3,cat,"[-323.3089599609375, 227.04672241210938, -14.127540588378906, -12.624073028564453, 2.2955105304718018, -47.217472076416016, -31.225440979003906, 1.7778689861297607, -1.6400213241577148, -6.101682186126709, -15.352316856384277, -17.152971267700195, -4.939001560211182, -10.416752815246582, -16.43421745300293, -4.549403667449951, -0.541265070438385, -3.171751022338867, 0.26451560854911804, 1.0948086977005005, -0.45502322912216187, -0.19716721773147583, 0.13911810517311096, 0.29383447766304016, 0.13658246397972107, 0.036756549030542374, 0.08502773195505142, 0.128587543964386, 0.07341688126325607, 0.024558646604418755, 0.008065830916166306, -0.007691778242588043, 0.028518350794911385, -0.04084021970629692, -0.0886043831706047, 0.004678572528064251, -0.015205471776425838, -0.07332394272089005, -0.058003079146146774, -0.0020406669937074184, -0.28380823135375977, -0.22033189237117767, 0.21075649559497833, -0.01324735302478075, -0.09378056228160858, 0.10472362488508224, -0.02698582038283348, -0.05706747993826866, 0.08451595157384872, 0.022530000656843185, -0.03365359827876091, 0.007787051610648632, -0.022685032337903976, 0.000656871881801635, 0.026155458763241768, -0.02576831728219986, -0.009571055881679058, 0.019336789846420288, 0.01425860170274973, 0.026659086346626282, 710.3455693014128, 5.013924965169281e-05, 969.9729225852273]",63,cat
2685,data/audio_cat-classification/NAYA_DATA_AUG1X/Warning/car_extcoll0322.mp3,cat,"[-452.7087707519531, 175.44927978515625, -7.502568244934082, -5.80463981628418, 6.4961161613464355, -24.846891403198242, -11.601222038269043, -4.379335880279541, -22.08558464050293, -15.57280158996582, -9.075172424316406, -12.805632591247559, -6.345376014709473, -5.659857273101807, -8.749911308288574, -3.0022881031036377, -1.1552274227142334, -2.216305732727051, -1.443007230758667, -5.154289722442627, 0.3436523377895355, 0.24449226260185242, -0.04926775395870209, -0.04935053363442421, -0.06172935664653778, -0.14374008774757385, -0.10136111080646515, -0.03910383954644203, -0.04752936586737633, -0.051201231777668, -0.043650757521390915, -0.02448403649032116, -0.002501462120562792, -0.017563842236995697, -0.02126762643456459, -0.004029212053865194, -0.02722454071044922, -0.0422557108104229, -0.01798313856124878, -0.022809620946645737, -0.17803040146827698, -0.13339947164058685, 0.019508816301822662, 0.028008339926600456, 0.025616249069571495, 0.056775566190481186, 0.031576354056596756, 0.0007275212556123734, 0.019147610291838646, 0.026543503627181053, 0.014036946929991245, 0.017493227496743202, 0.02048311196267605, 0.010378050617873669, 0.0007770868251100183, -0.0012958591105416417, 0.010135258547961712, 0.027421049773693085, 0.03146809712052345, 0.022390762344002724, 899.3966064774187, 0.0016924008959904313, 1480.200664813702]",63,cat
239,data/audio_cat-classification/NAYA_DATA_AUG1X/Paining/cat_youtube01201_aug1(1).mp3,cat,"[-150.73793029785156, 60.232845306396484, -4.104953289031982, 0.5996774435043335, -9.099620819091797, -14.787087440490723, -24.897268295288086, -23.32324981689453, -17.3271541595459, -23.46842384338379, -19.17053985595703, -21.659210205078125, -14.254161834716797, -8.30254077911377, -4.040622711181641, -6.708431243896484, -4.836233615875244, -0.7235079407691956, -6.384705543518066, -12.113567352294922, 0.523048460483551, -0.06957550346851349, 0.011969118379056454, -0.06973408907651901, -0.08626808226108551, 0.07479434460401535, -0.193541020154953, -0.03503947705030441, -0.06204298883676529, -0.1251714825630188, -0.112105593085289, -0.07389969378709793, 0.11879949271678925, 0.17318911850452423, -0.023813452571630478, 0.00569860078394413, -0.013110616244375706, -0.02261875756084919, -0.150894895195961, -0.1952257603406906, -0.4384472966194153, 0.04915803298354149, 0.11554364860057831, 0.09526468068361282, 0.0937965139746666, 0.10753704607486725, -0.009266739711165428, 0.08462819457054138, -0.015169662423431873, 0.04091721400618553, 0.03794276341795921, 0.11422193795442581, 0.08563078939914703, 0.059231679886579514, 0.009392596781253815, -0.058830928057432175, 0.053709179162979126, -0.013302069157361984, -0.09880738705396652, -0.009953451342880726, 3123.6200056109606, 0.03864686191082001, 6853.6376953125]",63,cat
1832,data/audio_cat-classification/NAYA_DATA_AUG1X/Mating/cat025_aug1(1).mp3,cat,"[-74.392578125, 133.13516235351562, -9.863968849182129, 13.29409408569336, -5.2895379066467285, 4.218678951263428, -1.3995065689086914, 3.294057607650757, 5.0470685958862305, -3.570539951324463, -5.102381706237793, -7.105401039123535, -0.23183797299861908, 2.8358120918273926, -3.113102674484253, -0.10178597271442413, -2.5028581619262695, -12.854803085327148, -5.387104034423828, -7.683558464050293, 0.3105492889881134, 0.022813156247138977, 0.07211217284202576, -0.06854808330535889, -0.05238547921180725, -0.009470462799072266, -0.0011176499538123608, -0.006803082302212715, -0.020960621535778046, -0.09060773253440857, -0.06478043645620346, -0.0026213538367301226, -0.03819417208433151, 0.05529323220252991, 0.03647952154278755, 0.03630807250738144, 0.042199090123176575, -0.025807363912463188, 0.013098370283842087, -0.037223294377326965, -0.32171955704689026, -0.004349039867520332, 0.008592391386628151, -0.03373919427394867, 0.02640598826110363, -0.020517930388450623, 0.006765278987586498, 0.0116281071677804, 0.0431346632540226, 0.04740118235349655, -0.02378181926906109, -0.010050159879028797, -0.018659351393580437, -0.01515382993966341, -0.01098244171589613, 0.00415246794000268, 0.009230676107108593, 0.02484101429581642, 0.017231222242116928, 0.025564296171069145, 1607.4146458190341, 0.011028546839952469, 3206.8812144886365]",63,cat
233,data/audio_cat-classification/NAYA_DATA_AUG1X/Paining/cat_coll0179_aug1(1).mp3,cat,"[-323.54888916015625, 27.159963607788086, -81.20246887207031, -3.232114791870117, -1.1746926307678223, -17.215251922607422, -10.257135391235352, -16.56058692932129, -18.808809280395508, -2.066804885864258, -6.977060317993164, -10.687744140625, 6.272469997406006, 8.828783988952637, 2.3825576305389404, 1.7029798030853271, -4.605566501617432, -4.809238910675049, -0.749530553817749, 2.0558202266693115, 2.2942047119140625, 0.29344442486763, -1.3887065649032593, 0.10042591392993927, -0.15446221828460693, -0.0988500565290451, 0.08531776070594788, -0.20513427257537842, -0.2157289981842041, -0.172872394323349, 0.02952713333070278, -0.17551438510417938, -0.15707182884216309, 0.1575498729944229, -0.006854002829641104, 0.07595811784267426, 0.36178529262542725, 0.30608347058296204, 0.06827686727046967, -0.22138094902038574, 0.0031659980304539204, 0.03449685871601105, 0.055645283311605453, 0.051008157432079315, 0.02011149376630783, -0.025745926424860954, 0.0065338327549397945, 0.016991645097732544, 0.007837316021323204, -0.056388746947050095, -0.08068764954805374, 0.10885109007358551, 0.08989740163087845, -0.06924943625926971, -0.06502456218004227, -0.09617521613836288, -0.06083323806524277, 0.044046323746442795, 0.05424527823925018, 0.08860533684492111, 2587.986087477278, 0.11084051430225372, 4723.515881990132]",63,cat
3692,data/audio_cat-classification/NAYA_DATA_AUG1X/HuntingMind/Cat_YoutubeLLT42405_aug1(1).mp3,cat,"[-229.7533416748047, 67.5544204711914, 2.028909921646118, 17.782560348510742, 4.150086402893066, 5.392831802368164, -0.03383967652916908, -0.026872407644987106, -3.2652573585510254, -5.791309833526611, -5.378111362457275, -4.29434061050415, -6.384095668792725, -2.3166909217834473, -6.256760120391846, -2.768609046936035, -1.4356073141098022, -3.998976469039917, -4.0863494873046875, 0.5982271432876587, -1.6895891427993774, -0.30054792761802673, -0.014155600219964981, -0.04155301675200462, -0.03707396239042282, -0.04351886361837387, 0.022358274087309837, 0.018030744045972824, 0.049769673496484756, 0.04291500896215439, 0.016401851549744606, 0.02151724137365818, -0.006455816328525543, 0.015607285313308239, 0.014483512379229069, -0.005753887817263603, -0.030836937949061394, 0.007448984310030937, 0.012881224974989891, 0.007654511369764805, -0.3158033490180969, 0.07531095296144485, -0.03197696432471275, -0.004196919035166502, -0.011216554790735245, -0.029717933386564255, -0.004756830632686615, -0.012522557750344276, 0.012571177445352077, 0.013392874971032143, 0.0008808652637526393, 0.0004899722407571971, 0.01798548549413681, 0.009156342595815659, 0.011764299124479294, 0.010877707973122597, 0.0069452980533242226, 0.023650284856557846, 0.04343133792281151, -0.02112634852528572, 2785.048463560712, 0.1233624815940857, 6085.928250619493]",63,cat
1025,data/audio_cat-classification/NAYA_DATA_AUG1X/Defence/car_extcoll0165_aug1(1).mp3,cat,"[-310.09039306640625, 61.961029052734375, 22.207157135009766, 3.2469887733459473, 2.475839853286743, 6.903731346130371, 9.155646324157715, 0.126018226146698, 2.1182498931884766, 5.8066558837890625, -0.43675467371940613, 2.8138108253479004, 5.010272979736328, 4.009217262268066, 1.09341561794281, 1.4050265550613403, 0.7679598927497864, -1.2642792463302612, 0.4487884044647217, -0.9709136486053467, -0.7451496720314026, -0.4051181674003601, -0.13431179523468018, -0.011795897036790848, 0.08832936733961105, -0.017816318199038506, -0.0419657863676548, 0.04595683142542839, -0.054544925689697266, 0.015609940513968468, 0.010539335198700428, -0.01073079090565443, -0.03764163330197334, 0.008279414847493172, 0.009601104073226452, 0.034879714250564575, 0.03461995720863342, 0.07141349464654922, -0.023038877174258232, 0.015042565762996674, -0.6182004809379578, -0.028995489701628685, 0.04879869148135185, 0.06910131126642227, 0.05736258625984192, 0.019308283925056458, -0.01404870767146349, 0.05961104482412338, -5.703223359887488e-05, -0.023751746863126755, 0.02530641295015812, -0.002611050382256508, -0.006480621639639139, -0.006136770360171795, 0.0032602965366095304, -0.009665299206972122, -0.01326835434883833, 0.012460322119295597, -0.02068134769797325, -0.012342710979282856, 3338.0628807799194, 0.1824895441532135, 7458.775731136924]",63,cat
2905,data/audio_cat-classification/NAYA_DATA_AUG1X/Warning/cat_flickr01418_aug1(1).mp3,cat,"[-200.1449737548828, 70.45075988769531, 10.455023765563965, 14.30533504486084, -3.3756179809570312, 0.11502905935049057, -4.709992408752441, -3.688941240310669, -11.090486526489258, -2.7983627319335938, -1.980590581893921, -0.11148998886346817, -0.7592357397079468, 1.1751713752746582, -5.967200756072998, -3.408679723739624, -7.175843715667725, -5.416161060333252, -5.591791152954102, -1.6833503246307373, 8.291297912597656, 1.109315276145935, -0.36501336097717285, 0.6492176055908203, 0.07733801752328873, -0.2219359427690506, -0.19552703201770782, 0.08593398332595825, -0.2311837524175644, -0.08530595898628235, -0.0067649949342012405, -0.01372457854449749, 0.029938548803329468, 0.3574110269546509, 0.031382955610752106, -0.07131616026163101, 0.12370171397924423, -0.03820258378982544, -0.10559201240539551, 0.1827247142791748, 0.38134872913360596, -0.22026869654655457, -0.296726793050766, 0.030045630410313606, 0.06625483930110931, 0.015794318169355392, -0.027326922863721848, 0.129418283700943, 0.04801046475768089, 0.14229141175746918, 0.14335687458515167, 0.008723310194909573, -0.018422815948724747, 0.09344533830881119, 0.012770670466125011, -0.023897351697087288, 0.026815321296453476, -0.0342443585395813, -0.02251252345740795, -0.015006612055003643, 2127.816991835701, 0.09521865844726562, 4946.508037860577]",63,cat
2115,data/audio_cat-classification/NAYA_DATA_AUG1X/Mating/YashLL_Cat0214Mating_aug1(1).mp3,cat,"[-284.834228515625, 96.09296417236328, 18.71585464477539, 8.425817489624023, -22.133390426635742, -15.791363716125488, -24.190929412841797, -9.434385299682617, -17.21660041809082, -14.3953857421875, -9.774348258972168, 3.5143253803253174, -16.955039978027344, -15.167075157165527, -10.8111572265625, -17.853466033935547, -11.030279159545898, -3.710420608520508, -7.185230255126953, -5.084878444671631, 0.9591679573059082, 0.17578086256980896, -0.023113396018743515, 0.04179076477885246, -0.14223164319992065, -0.0747048556804657, -0.018304795026779175, -0.005324590019881725, -0.0017546038143336773, 0.051642902195453644, 0.04757245257496834, 0.046374887228012085, -0.01869034767150879, 0.07531441003084183, 0.05881919711828232, -0.038547176867723465, -0.0032245840411633253, 0.049584582448005676, 0.029784446582198143, 0.05633854120969772, -0.1594572365283966, 0.011370668187737465, -0.07750429958105087, -0.011271331459283829, -0.030278217047452927, 0.01581440307199955, -0.04879140481352806, -0.0435701459646225, 0.012765694409608841, -0.009964240714907646, 0.04231038689613342, 0.02887132577598095, -0.0895206406712532, -0.04684758186340332, -0.008522254414856434, 0.0005855039926245809, -0.006063742097467184, 0.04191676899790764, 0.00439197663217783, -0.0041606794111430645, 2283.915265858607, 0.0499386228621006, 5074.408345282833]",63,cat
2328,data/audio_cat-classification/NAYA_DATA_AUG1X/Mating/cat03100.mp3,cat,"[-418.1487731933594, 107.50031280517578, -6.456695079803467, 13.651955604553223, 10.999423027038574, 1.5167739391326904, -5.476730823516846, -1.2391597032546997, -4.273345947265625, -5.799958229064941, -6.308300495147705, -2.061807155609131, 1.1169211864471436, 1.5954177379608154, -0.35462504625320435, -3.368056297302246, -5.463913917541504, -3.951498508453369, 0.1530575305223465, -0.5710940361022949, 0.1884252429008484, -0.02506227232515812, -0.019806217402219772, 0.10277882218360901, -0.021678300574421883, 0.06357239186763763, 0.01952734775841236, 0.006246089935302734, 0.07180977612733841, -0.013271876610815525, -0.029592353850603104, -0.0035328343510627747, -0.0102522112429142, -0.017025476321578026, -0.01020423136651516, -0.007780944462865591, 0.013032808899879456, -0.034788504242897034, -0.00825920794159174, 0.02804465964436531, -0.23141971230506897, 0.04361436516046524, -0.022277139127254486, -0.02703518606722355, 0.009700658731162548, 0.012945844791829586, 0.00707157701253891, -0.006322197616100311, -0.035908497869968414, -0.018484966829419136, -0.009456201456487179, -0.02074967324733734, -0.018378285691142082, -0.01192397903650999, -0.002083206782117486, -0.038183264434337616, -0.02391834557056427, 0.005153281148523092, -0.01796295866370201, -0.018903251737356186, 1880.2914451924535, 0.012427832931280136, 3785.3652056525734]",63,cat
439,data/audio_cat-classification/NAYA_DATA_AUG1X/Paining/Online_Cat0547Hpy.mp3,cat,"[-307.66192626953125, 47.925636291503906, 8.28714370727539, -14.524272918701172, -9.79731559753418, -13.669679641723633, -9.396559715270996, -16.73888397216797, -17.072265625, -10.482463836669922, -11.184473037719727, -6.385852336883545, -6.9189453125, -9.16271686553955, -12.790852546691895, -11.247485160827637, -5.846001148223877, -6.684791088104248, -6.049347877502441, -8.543063163757324, -0.03219360485672951, 0.12233001738786697, 0.13981963694095612, 0.1167791485786438, -0.008296280167996883, -0.05265258625149727, -0.046003565192222595, -0.04542871564626694, -0.04944754019379616, -0.011679728515446186, -0.03440472483634949, -0.011884104460477829, -0.019975243136286736, -0.03275071457028389, -0.03853552043437958, -0.032398879528045654, -0.020281648263335228, -0.021283620968461037, -0.042741235345602036, -0.01406152080744505, -0.1557978242635727, -0.37338143587112427, -0.2526102662086487, -0.1801878660917282, -0.019621020182967186, 0.06888356804847717, 0.08946556597948074, 0.1216839849948883, 0.10182040184736252, 0.08381051570177078, 0.06908340752124786, 0.06953657418489456, 0.06021338328719139, 0.0470561683177948, 0.03841279819607735, 0.023565487936139107, 0.035695262253284454, 0.04394244775176048, 0.05794750154018402, 0.033421069383621216, 3252.686893811121, 0.04662512615323067, 6887.1796875]",63,cat
2318,data/audio_cat-classification/NAYA_DATA_AUG1X/Mating/LastEntry_cat1402Mt_aug1(1).mp3,cat,"[-219.5894012451172, 80.46951293945312, -8.300335884094238, 10.902451515197754, 8.164982795715332, -16.02703094482422, -6.310794353485107, 7.569665908813477, -6.293689250946045, -12.554533004760742, 0.017182014882564545, -4.703900337219238, -6.247317790985107, -4.13248348236084, -7.360013008117676, -5.146064281463623, -5.2454142570495605, -5.848331928253174, -4.7453837394714355, -3.99865984916687, -2.697932720184326, -0.5566923022270203, 0.16436083614826202, -0.09390144795179367, -0.057537421584129333, 0.24329964816570282, 0.052028171718120575, -0.09428773075342178, 0.2092897891998291, 0.1370273381471634, -0.05215464159846306, 0.01684456877410412, 0.1341344267129898, -0.004001298453658819, -0.024726031348109245, 0.12925349175930023, 0.09203396737575531, -0.03192608803510666, -0.023776404559612274, -0.001846113707870245, -1.0590229034423828, -0.09087257832288742, -0.01267655473202467, -0.04936657473444939, -0.007956389337778091, -0.005081727635115385, 0.013925918377935886, 0.022453412413597107, -0.02416292577981949, 0.03152584284543991, 0.06857626140117645, 0.031058136373758316, -0.04356114938855171, 0.019423075020313263, 0.03101552464067936, -0.012569758109748363, -0.013472948223352432, -0.009308804757893085, 0.012459410354495049, 0.032810527831315994, 2659.15101464288, 0.032835207879543304, 5384.893025143046]",63,cat
4366,data/audio_cat-classification/NAYA_DATA_AUG1X/Fighting/YashLL_Cat0927Fit.mp3,cat,"[-185.5746612548828, 93.36276245117188, -20.064512252807617, 6.194677352905273, 13.690979957580566, 12.086347579956055, 3.616143226623535, -0.7086379528045654, 3.874803304672241, -2.408031702041626, 4.168379306793213, 2.3647677898406982, -1.241229772567749, 0.2980440557003021, -1.2762130498886108, -0.9211816191673279, -5.87837553024292, -3.081531524658203, -0.3520522117614746, -0.29693856835365295, 1.8405048847198486, 0.29476606845855713, 0.546588122844696, -0.06519226729869843, 0.09726619720458984, -0.18705283105373383, -0.034781068563461304, -0.16778667271137238, -0.0658053308725357, 0.014421042054891586, 0.0011746602831408381, 0.06867361813783646, -0.07205972075462341, -0.10638703405857086, -0.0555572547018528, -0.14877554774284363, -0.05107411742210388, -0.05784327909350395, -0.07843433320522308, 0.024387672543525696, -0.7693676948547363, -0.11975859105587006, -0.038742948323488235, -0.03180050477385521, -0.09159943461418152, -0.0012899106368422508, 0.004151925910264254, 0.07277283817529678, 0.044130485504865646, 0.005701029673218727, 0.019263403490185738, 0.01600007340312004, -0.07224614918231964, -0.04428938031196594, -0.08763111382722855, -0.03620528057217598, 0.076545849442482, 0.04640908166766167, -0.025887809693813324, 0.029198290780186653, 2338.8117330882824, 0.043669868260622025, 4727.895220588235]",63,cat
4013,data/audio_cat-classification/NAYA_DATA_AUG1X/HuntingMind/Last_addCat191Chat.mp3,cat,"[-321.9462890625, 90.89822387695312, -35.56515121459961, -4.631573677062988, -12.36880874633789, -14.868552207946777, -14.201752662658691, -13.864387512207031, -15.83608627319336, -16.280899047851562, -10.354260444641113, -10.89492416381836, -10.110187530517578, -6.748140811920166, -5.516575813293457, -7.1191935539245605, -1.5078682899475098, -2.9735329151153564, -5.749575138092041, -6.490609169006348, 0.20018209517002106, 0.03171665221452713, -0.058185577392578125, 0.013492332771420479, -0.01288964506238699, -0.038924477994441986, -0.03469662368297577, -0.03890487551689148, -0.013194901868700981, -0.032434459775686264, 0.003496916266158223, -0.004433050286024809, -0.03742394596338272, -0.006402049213647842, -0.008389216847717762, -0.012385823763906956, -0.04691023752093315, -0.038350075483322144, -0.06239623576402664, -0.05376352369785309, -0.3303363025188446, 0.03773331269621849, 0.0175905991345644, 0.017527207732200623, 0.020761288702487946, 0.04124808683991432, 0.0449945442378521, 0.052318885922431946, 0.053807541728019714, 0.02944028377532959, 0.013084220699965954, 0.02510579116642475, 0.028264259919524193, 0.011458051390945911, 0.01661248505115509, 0.03877000883221626, 0.048781707882881165, 0.03393937274813652, 0.013368774205446243, 0.022354967892169952, 2361.961474742422, 0.04053286463022232, 4671.4130859375]",63,cat
1831,data/audio_cat-classification/NAYA_DATA_AUG1X/Mating/LastEntry_cat1389Mt.mp3,cat,"[-232.3125, 112.53316497802734, -78.84613037109375, 4.089712619781494, -4.027072429656982, 12.992780685424805, 1.306283712387085, 8.730487823486328, -4.701956748962402, -16.725574493408203, 6.0566325187683105, 0.953181266784668, -8.13212776184082, 4.299520492553711, 1.9813274145126343, -9.587386131286621, -5.487420558929443, -7.423133850097656, 1.7313458919525146, 1.0323057174682617, 1.826309084892273, 0.39056599140167236, -0.5614744424819946, -0.2257029265165329, -0.1080779954791069, 0.01523029524832964, -0.09071819484233856, -0.01893770694732666, 0.04060978442430496, -0.0172121599316597, 0.026714390143752098, -0.11183171719312668, -0.14036263525485992, 0.09439735859632492, 0.05097510293126106, -0.1355099380016327, -0.00710747204720974, 0.012141811661422253, -0.10880003869533539, -0.08373382687568665, -0.2842836380004883, -0.041665978729724884, 0.09311943501234055, -0.0894271731376648, -0.014034789986908436, -0.013680906035006046, 0.018498482182621956, -0.036148253828287125, -0.09929031133651733, -0.010324757546186447, 0.016443496569991112, 0.024209093302488327, 0.020278524607419968, -0.027446743100881577, -0.005802363622933626, -0.003054476110264659, 0.013389582745730877, 0.06826433539390564, 0.04028283804655075, -0.00514413695782423, 1833.6208095306242, 0.004900591913610697, 2905.224609375]",63,cat
199,data/audio_cat-classification/NAYA_DATA_AUG1X/Paining/Cat_YoutubeLLT42369(1).mp3,cat,"[-449.4134216308594, 33.77017593383789, -13.516070365905762, 13.224798202514648, -4.723149299621582, -15.551155090332031, -2.828517436981201, 8.812752723693848, -3.698760509490967, -2.4819560050964355, -1.4099000692367554, -5.311227321624756, 2.0009303092956543, 5.104365825653076, -1.2945603132247925, -0.4471488893032074, -0.3359537124633789, -3.4696006774902344, -3.3631837368011475, -4.943968772888184, 5.5689010736159616e-08, 0.0, 0.0, 9.571548886810888e-09, 0.0, 6.961126342019952e-09, -1.740281585504988e-09, 0.0, 0.0, -3.480563171009976e-09, -8.70140792752494e-10, 3.480563171009976e-09, 0.0, 0.0, 0.0, 6.961126342019952e-09, 6.961126342019952e-09, -6.961126342019952e-09, 4.35070396376247e-10, -1.0441689290985323e-08, -8.70140792752494e-10, -3.480563171009976e-09, -3.480563171009976e-09, -2.175351898614508e-09, -4.350703797229016e-09, -3.915633595141799e-09, 1.740281585504988e-09, -4.350703797229016e-09, 3.263028069966367e-09, 2.8279576458345446e-09, 8.70140792752494e-10, 4.785774443405444e-09, -1.740281585504988e-09, -7.831267190283597e-09, 0.0, 5.2208446454926616e-09, 4.785774443405444e-09, 0.0, 5.2208446454926616e-09, 4.350703797229016e-09, 2112.1092886376828, 0.014538189396262169, 3822.615084682938]",63,cat
4787,data/audio_cat-classification/NAYA_DATA_AUG1X/MotherCall/Cat_pills0120.mp3,cat,"[-286.261474609375, 77.84752655029297, -9.864611625671387, 28.386884689331055, 22.858692169189453, 17.210739135742188, 12.104610443115234, 3.083219289779663, 3.1707773208618164, -3.993683338165283, 1.1734548807144165, 4.258608818054199, -5.592438697814941, -9.42302131652832, 2.956995725631714, 1.529214859008789, -5.101964473724365, -4.178626537322998, 2.988607168197632, -2.7309935092926025, 0.7771356105804443, 0.4290950298309326, -0.31095126271247864, -0.23141537606716156, 0.03999346122145653, -0.09069152921438217, -0.11324913799762726, 0.104496531188488, 0.13850899040699005, -0.03447408229112625, -0.12282343953847885, -0.04523414373397827, -0.009159239009022713, -0.08357662707567215, 0.050985828042030334, 0.04418161138892174, -0.05285012722015381, 0.09734118729829788, -0.03116968274116516, -0.06319887191057205, -0.6104356050491333, -0.25227826833724976, 0.062129199504852295, 0.10767079889774323, 0.033259835094213486, -0.10448472201824188, -0.01682630367577076, -0.020838715136051178, 0.06326918303966522, 0.17936839163303375, 0.005990783218294382, -0.03685452416539192, -0.09871301054954529, 0.03826329484581947, 0.10463272035121918, 0.005689062178134918, -0.01940673589706421, 0.018866654485464096, 0.024634703993797302, 0.009029962122440338, 2491.2398952031117, 0.017135068774223328, 4651.903585785801]",63,cat
3871,data/audio_cat-classification/NAYA_DATA_AUG1X/HuntingMind/cat_youtube01154_aug1(1).mp3,cat,"[-97.16931915283203, 73.35112762451172, -5.9902238845825195, -3.813786745071411, 9.478271484375, 7.701087951660156, -6.698057651519775, 2.3091819286346436, -4.525129318237305, -3.048130750656128, -1.520245909690857, -4.615957260131836, 0.9607563614845276, 6.293320178985596, 1.7396299839019775, 4.719122886657715, -1.78334379196167, 3.1420493125915527, 0.5501642823219299, -1.610539436340332, 0.5031753778457642, 0.21332573890686035, 0.1619177907705307, -0.04284955933690071, 0.048771392554044724, 0.08898980915546417, -0.04343784227967262, 0.006581495050340891, 0.04263972491025925, 0.019662313163280487, -0.052385251969099045, 0.009434401988983154, -0.024560654535889626, -0.019980551674962044, -0.01618902198970318, 0.028135377913713455, 0.01620791107416153, 0.05552919581532478, 0.031788598746061325, 0.016335157677531242, -0.5984949469566345, -0.04607846215367317, 0.011429267935454845, 0.012592650949954987, -0.006379385478794575, 0.012157240882515907, 0.01740158721804619, 0.007252991199493408, 0.03726934269070625, 0.0021426670718938112, 0.005534753669053316, -0.004877455532550812, 0.05057080090045929, 0.04544196277856827, 0.05698569864034653, 0.02149510383605957, 0.0026127437595278025, 0.027576027438044548, -0.02368207275867462, -0.0016121248481795192, 3169.8615259948133, 0.11637664586305618, 7112.649783572635]",63,cat
2640,data/audio_cat-classification/NAYA_DATA_AUG1X/Warning/LastEntry_cat1338Grl (2)_aug1(1).mp3,cat,"[-189.09547424316406, 110.82028198242188, -54.52360153198242, 13.543224334716797, -46.119632720947266, -4.668969631195068, -8.70330810546875, -2.2006657123565674, -22.42679786682129, 12.19450569152832, -14.692500114440918, 0.942986786365509, -21.464387893676758, 3.01283597946167, -8.736946105957031, 6.824145793914795, -4.661436080932617, -1.659623384475708, -0.15109997987747192, 8.243568420410156, 0.2667172849178314, -0.22346286475658417, -0.057173363864421844, 0.1741132140159607, -0.04083335027098656, 0.21352136135101318, 0.022963179275393486, 0.05272514745593071, -0.03811779245734215, 0.0894172415137291, -0.06442292779684067, -0.09630124270915985, -0.08873335272073746, 0.021550819277763367, -0.0492105670273304, 0.013597623445093632, 0.023249978199601173, 0.0933670699596405, -0.10354262590408325, -0.046141594648361206, -0.2791956961154938, -0.021195918321609497, 0.04268515482544899, -0.04840487241744995, 0.017409129068255424, -0.0291385967284441, 0.03251151740550995, 0.004900759551674128, 0.08561880141496658, 0.002632911317050457, -0.010772950015962124, -0.010088853538036346, 0.022608252242207527, -0.02294892445206642, -0.026260022073984146, -0.04556841030716896, -0.027706170454621315, -0.015721000730991364, 0.028196392580866814, 0.008461331017315388, 2007.7926022581162, 0.005574712995439768, 3617.1835375081805]",63,cat
5149,data/audio_cat-classification/NAYA_DATA_AUG1X/MotherCall/Last_addCat180Pill.mp3,cat,"[-402.8799743652344, -6.848115921020508, -20.18321990966797, 23.519634246826172, -5.836815357208252, 1.9545477628707886, 5.001877307891846, 3.487482786178589, -4.150288105010986, 7.750634670257568, 1.6200428009033203, 2.6486454010009766, -4.388523101806641, 4.254576683044434, 1.0280225276947021, 0.2933105528354645, 0.5556334257125854, 4.107876777648926, -1.7429955005645752, 1.0074362754821777, 0.21378567814826965, 0.059437528252601624, -0.0034449449740350246, 0.013420290313661098, -0.031168660148978233, -0.009172528050839901, 0.023430664092302322, 0.023834887892007828, -0.019271694123744965, 0.007444287650287151, 0.02357456460595131, 0.01945653185248375, -0.026161542162299156, -0.024154292419552803, -0.02845638617873192, 0.0246946532279253, 0.018169958144426346, -0.014607151970267296, -0.03321732208132744, -0.02274632267653942, -0.24262572824954987, -0.006768671330064535, 0.034945033490657806, -0.0409451499581337, -0.010557382367551327, -0.015673978254199028, 0.010733649134635925, 0.000656557735055685, 0.01656496524810791, 0.013302793726325035, 0.0066985320299863815, 0.006374427117407322, -0.0029101260006427765, -0.010741513222455978, 0.0011403816752135754, -0.004642666783183813, -0.032878577709198, -0.008126430213451385, 0.016005251556634903, 0.019085410982370377, 4244.822123777688, 0.12128816545009613, 6941.868571993671]",63,cat
3604,data/audio_cat-classification/NAYA_DATA_AUG1X/HuntingMind/Last_addCat243Chat.mp3,cat,"[-460.23809814453125, 40.193336486816406, -18.682735443115234, 1.0583065748214722, -6.725958347320557, -9.521385192871094, -5.974089622497559, -5.609102249145508, -9.409749984741211, -4.41173791885376, -3.6386842727661133, -3.0930304527282715, -2.4644834995269775, -1.9645615816116333, -0.4685809910297394, -1.685882329940796, -3.1477324962615967, -6.02985954284668, -4.373045921325684, -3.0634713172912598, 0.2211790233850479, -0.02627304196357727, -0.04652624577283859, -0.08926087617874146, -0.06529643386602402, -0.009366615675389767, -0.00846208818256855, -0.02389981783926487, -0.04373442381620407, -0.06237086281180382, -0.02131347917020321, -0.06879498809576035, -0.08023537695407867, -0.06290776282548904, -0.03462935984134674, 0.010625638999044895, 0.03539501130580902, -0.0032769611570984125, -0.055508941411972046, -0.0710223838686943, -0.2020031064748764, -0.0027228433173149824, 0.012911679223179817, 0.06565466523170471, 0.025400545448064804, 0.018045471981167793, 0.0006840817513875663, -0.03048287145793438, -0.010493570938706398, 0.006139746867120266, 0.04267487674951553, 0.04884602129459381, 0.05503726005554199, 0.05462978407740593, 0.016962386667728424, -0.008297733962535858, -0.0076436675153672695, 0.007806841284036636, 0.03581717982888222, 0.033591922372579575, 3829.3699948815456, 0.24015069007873535, 7637.855113636364]",63,cat
177,data/audio_cat-classification/NAYA_DATA_AUG1X/Paining/cat_flickr01301.mp3,cat,"[-199.5444793701172, 39.248374938964844, -18.08460807800293, 8.171401023864746, 17.967082977294922, -2.0000417232513428, -6.858463287353516, 8.45607852935791, -0.9404756426811218, 17.017637252807617, 9.742254257202148, 15.392334938049316, 5.730819225311279, -1.943454384803772, -1.0807600021362305, 1.7540040016174316, 6.899137496948242, -5.675724029541016, -6.833702087402344, 6.011869430541992, 1.626876711845398, -0.1478622555732727, -1.1113983392715454, 0.2525072693824768, -0.2605746388435364, -0.1227942481637001, 0.31608185172080994, 0.27041083574295044, 0.12425161898136139, -0.024087410420179367, -0.14018118381500244, -0.011869299225509167, 0.23422455787658691, -0.027852622792124748, -0.0917973443865776, 0.014866407960653305, -0.09429750591516495, -0.05447877198457718, 0.11552371084690094, 0.15183135867118835, -1.026752233505249, 0.03026735968887806, 0.07961639761924744, 0.04743499308824539, 0.22123216092586517, -0.005642633885145187, 0.004365724045783281, 0.06847445666790009, -0.05072614550590515, -0.012438601814210415, -0.022436097264289856, -0.04688609018921852, 0.03531600907444954, 0.020101817324757576, -0.03622270002961159, -0.11551402509212494, 0.0467088408768177, -0.07365146279335022, -0.023696430027484894, 0.13726867735385895, 3416.298381994353, 0.03832116723060608, 6716.3818359375]",63,cat
1951,data/audio_cat-classification/NAYA_DATA_AUG1X/Mating/cat03121_aug1(1).mp3,cat,"[-247.86883544921875, 109.86039733886719, 17.337263107299805, 0.9932428598403931, 3.5423336029052734, -1.378036618232727, -4.390790939331055, -5.492580413818359, -4.098741054534912, -2.06457257270813, -0.10470714420080185, 5.339698314666748, 3.171837329864502, 1.1628061532974243, -2.9826343059539795, -5.563697814941406, -3.52972149848938, -3.1189842224121094, -0.9843236207962036, 2.468155860900879, 0.10535786300897598, 0.007389688398689032, -0.05801917985081673, -0.06850984692573547, 0.08533278107643127, 0.04656615108251572, 0.013644440099596977, 0.008425768464803696, -0.020317047834396362, 0.002664905972778797, -0.013069398701190948, -0.00533622270449996, -0.07142756879329681, -0.10111277550458908, -0.05546843633055687, -0.051891498267650604, -0.056355252861976624, 0.007823248393833637, -0.01043633185327053, 0.0016570795560255647, -0.2990592420101166, -0.05838365852832794, 0.008612381294369698, 0.04558350518345833, -0.00272516836412251, 0.014819466508924961, 0.0027678997721523046, -0.06064634770154953, -0.044668398797512054, 0.006200745236128569, 0.0028569225687533617, -0.012314044870436192, -0.010851648636162281, -0.005072408355772495, -0.004655554424971342, 0.005941702984273434, 0.024764925241470337, 0.034645188599824905, 0.005652848165482283, -0.01569056697189808, 1974.951978726866, 0.014944454655051231, 4415.533215486551]",63,cat
1487,data/audio_cat-classification/NAYA_DATA_AUG1X/Happy/Online_Cat0408hpy_aug1(1).mp3,cat,"[-562.012939453125, 16.44545555114746, -19.275869369506836, -7.9559712409973145, -4.952023983001709, 1.3408764600753784, -1.4829647541046143, -4.1156229972839355, 0.294459730386734, -3.2459065914154053, -1.423351764678955, -0.8663550019264221, -2.7920725345611572, -1.3118400573730469, 1.9070276021957397, 5.821215629577637, 7.827517986297607, 4.136706352233887, 0.8848883509635925, -3.260552167892456, 0.3155488967895508, 0.17350879311561584, -0.17755059897899628, -0.15242822468280792, 0.01561795175075531, 0.045258529484272, -0.058775924146175385, -0.1138591468334198, -0.054817747324705124, -0.002311579417437315, -0.009443800896406174, -0.02633281983435154, 0.014964177273213863, 0.08382149785757065, 0.08322697132825851, 0.022013789042830467, -0.025103554129600525, -0.009045064449310303, 0.027262471616268158, 0.01156851090490818, 0.1822422295808792, 0.0943295955657959, -0.09301458299160004, -0.06599258631467819, -0.006465089973062277, -0.012443783693015575, -0.042865414172410965, -0.038736071437597275, -0.0072204419411718845, -0.005259849596768618, -0.01601533032953739, -0.009730814956128597, 0.022954335436224937, 0.05170402675867081, 0.03475875034928322, 0.0008039418607950211, -0.016666555777192116, -0.005381502211093903, 0.012081483379006386, -0.0001717735722195357, 4032.8453245920136, 0.43520161509513855, 6473.176413143382]",63,cat
3475,data/audio_cat-classification/NAYA_DATA_AUG1X/Angry/cat0328_aug1(1).mp3,cat,"[-193.720458984375, 58.13222885131836, -33.88956069946289, -4.272404670715332, 1.019722819328308, 2.1985297203063965, 2.5157010555267334, 7.213594913482666, -3.714536428451538, -5.102798938751221, 3.4001142978668213, -3.8856184482574463, -0.38801729679107666, -3.2415552139282227, -1.132371425628662, 7.804867267608643, 0.8107715845108032, -5.818195343017578, -9.581380844116211, -4.444658279418945, -0.08040453493595123, -0.14394636452198029, 0.013120576739311218, 0.08859524130821228, -0.004820483271032572, -0.02361089177429676, 0.032599467784166336, 0.04208049550652504, 0.0007258427795022726, -0.0041225072927773, -0.035413917154073715, -0.03084542416036129, 0.07251934707164764, 0.023675253614783287, -0.013690461404621601, 0.03430299460887909, 0.02698676474392414, -0.06919292360544205, -0.05153366178274155, -0.00020881266391370445, -0.29223334789276123, -0.04151393100619316, 0.06623491644859314, -0.030186576768755913, -0.030772171914577484, 0.037107162177562714, 0.03341953828930855, 0.005188716109842062, 0.019380537793040276, 0.03067728690803051, 0.005622850265353918, -0.03274335339665413, -0.020452190190553665, 0.027987075969576836, 0.054162148386240005, 0.0011972151696681976, -0.024843893945217133, -0.0019845478236675262, 0.002012740122154355, -0.012696728110313416, 2909.371707657982, 0.04020985588431358, 5557.368744837555]",63,cat
4881,data/audio_cat-classification/NAYA_DATA_AUG1X/MotherCall/cat_youtube01225.mp3,cat,"[-337.9049987792969, 24.142057418823242, -5.925266265869141, 30.957273483276367, -0.2802675664424896, 3.6644866466522217, 9.77834701538086, 10.988171577453613, 20.788158416748047, 0.9428213834762573, -12.833709716796875, -24.00643539428711, 7.353504180908203, 9.492838859558105, -2.7372965812683105, -12.051299095153809, 0.8505581617355347, 2.1932127475738525, -16.531158447265625, -7.540238857269287, 0.9713956117630005, -0.1365862786769867, -0.3976045250892639, 0.06385903060436249, 0.05364563316106796, -0.07219265401363373, -0.010633432306349277, 0.15383531153202057, -0.013991688378155231, 0.00746368570253253, 0.04151544347405434, 0.040362343192100525, 0.07994496822357178, -0.12915170192718506, -0.1334494799375534, -0.07990788668394089, 0.026750868186354637, 0.1352350264787674, -0.05599294230341911, -0.05201144888997078, -0.6775147318840027, -0.078799769282341, -0.07468383014202118, -0.1853170543909073, 0.08578050881624222, 0.07635301351547241, 0.04437495395541191, 0.0774330273270607, -0.1550031304359436, 0.06362603604793549, 0.10613289475440979, 0.1713000237941742, 0.06952288746833801, -0.13741213083267212, 0.027320295572280884, 0.06828008592128754, 0.0006183402147144079, -0.05262073501944542, 0.10769980400800705, 0.18701665103435516, 3581.194635162607, 0.030718782916665077, 5994.216684194712]",63,cat
783,data/audio_cat-classification/NAYA_DATA_AUG1X/Defence/Cat_Hiss1041.mp3,cat,"[-421.3529968261719, 76.62820434570312, -8.390604972839355, 13.589397430419922, 21.744813919067383, 13.567207336425781, 4.812071323394775, -2.2134125232696533, 6.890354633331299, 9.344914436340332, 0.6285346150398254, 0.8577101826667786, 9.304411888122559, 2.9924700260162354, 5.5726799964904785, 2.366579294204712, -0.5302167534828186, -1.6868417263031006, 3.186183452606201, 0.4075092077255249, 5.332409858703613, 0.3993076682090759, -2.980259895324707, -0.07770024985074997, -0.006963973864912987, 0.21389847993850708, -0.6699496507644653, -0.2588765621185303, -0.15930044651031494, -0.29149776697158813, -0.15009763836860657, 0.023750467225909233, 0.29678836464881897, 0.008290112018585205, -0.12051931768655777, -0.004301358014345169, -0.044251859188079834, 0.09558835625648499, 0.18046990036964417, -0.3270000219345093, 0.6079789400100708, -0.36037731170654297, 0.035925909876823425, -0.19552204012870789, 0.20161165297031403, 0.1615334004163742, -0.14320436120033264, -0.36043018102645874, -0.018689658492803574, -0.08166220039129257, -0.06986577063798904, -0.08368344604969025, 0.07053133100271225, 0.12390635162591934, -0.0710507482290268, -0.09587680548429489, -0.058157455176115036, -0.0673450231552124, 0.04167333245277405, -0.03505868464708328, 3027.5715716562377, 0.0902978926897049, 6312.56103515625]",63,cat
683,data/audio_cat-classification/NAYA_DATA_AUG1X/Defence/Edit9033Hiss.mp3,cat,"[-450.53729248046875, 32.70460891723633, -10.239517211914062, -11.064152717590332, -0.7659695148468018, -6.08742094039917, 8.895903587341309, 3.1526923179626465, -6.471715927124023, -5.121220111846924, -4.387016296386719, -8.009468078613281, -7.391827583312988, -3.3990046977996826, -8.411861419677734, -5.277801036834717, -5.4287872314453125, -6.873963356018066, -4.115730285644531, 0.8686594367027283, 10.82379150390625, 1.058857798576355, 1.0297839641571045, 1.3143296241760254, 0.21135982871055603, -0.08631792664527893, -0.8137813806533813, -0.866542398929596, -0.1644478589296341, 0.2069079577922821, 0.44852563738822937, -0.05175654590129852, -0.17835202813148499, -0.466545045375824, -0.21066038310527802, 0.1457151472568512, -0.3614947199821472, -0.016366498544812202, -0.13571961224079132, -0.4952490031719208, -9.722457885742188, -0.2268027663230896, 0.2511636018753052, 0.19447579979896545, 0.16112707555294037, 0.14006218314170837, -0.14140382409095764, -0.2509731948375702, -0.03643536567687988, 0.15003430843353271, 0.1918674260377884, 0.2609044313430786, 0.06215660274028778, 0.012198982760310173, 0.12044259905815125, -0.010843845084309578, 0.043212708085775375, 0.11959125101566315, 0.015177836641669273, 0.013900472782552242, 4361.6516288825815, 0.26275092363357544, 8872.507887620191]",63,cat
1220,data/audio_cat-classification/NAYA_DATA_AUG1X/Happy/cat011025_aug1(1).mp3,cat,"[-256.6078186035156, 80.64429473876953, -27.063417434692383, 0.9887979626655579, -15.830853462219238, -8.064448356628418, -20.379621505737305, -4.73551082611084, -13.91112995147705, -4.748948574066162, -14.924566268920898, 0.3576916754245758, -15.221920013427734, 1.3739815950393677, -15.133411407470703, 2.499185085296631, -10.01064682006836, 4.887829780578613, -6.786975383758545, 4.286228656768799, 0.2464384138584137, -0.010387187823653221, 0.05988890305161476, -0.09128507971763611, -0.051061902195215225, -0.044284477829933167, -0.08676400780677795, -0.0374971404671669, -0.05914585664868355, 0.009346294216811657, -0.08234920352697372, -0.06516990810632706, -0.08063163608312607, 0.019868342205882072, 0.030367515981197357, -0.0015296339988708496, -0.04080120101571083, 0.00975937768816948, -0.005654844921082258, -0.0030133305117487907, -0.26290932297706604, -0.03372647613286972, -0.02540232613682747, 0.037357304245233536, 0.021133625879883766, 0.0010103515814989805, 0.03648969903588295, -0.00013773413957096636, 0.026387428864836693, 0.027446987107396126, 0.03953582048416138, -0.0029472559690475464, 0.03818805515766144, 0.031483303755521774, 0.0445423424243927, 0.00922248512506485, 0.01971539668738842, 0.03573690354824066, 0.02722422406077385, 0.01429172232747078, 2653.5347142730066, 0.03205806016921997, 5796.65263782848]",63,cat
3989,data/audio_cat-classification/NAYA_DATA_AUG1X/HuntingMind/trill02992.mp3,cat,"[-364.7272033691406, 97.88204193115234, -51.6043586730957, 47.24622344970703, -44.62141799926758, 32.64373016357422, -34.12069320678711, 20.503725051879883, -21.517820358276367, -1.4169427156448364, -18.252456665039062, -15.91856575012207, -4.485922336578369, -16.346681594848633, 3.3122596740722656, -14.181241989135742, 4.487842559814453, -12.460920333862305, 2.4278879165649414, -13.00479793548584, 0.8252771496772766, 0.31339699029922485, -0.10418728739023209, -0.22723698616027832, -0.21320445835590363, -0.15831723809242249, -0.09611625224351883, -0.02136845514178276, -0.056374628096818924, -0.08277250826358795, -0.08013701438903809, -0.031568851321935654, -0.06016381457448006, -0.08825498819351196, -0.08688797801733017, -0.07163144648075104, -0.016132542863488197, 0.0969947800040245, 0.061865102499723434, 0.010499573312699795, -0.3073776364326477, -0.031839948147535324, 0.07709145545959473, -0.05615326017141342, 0.11634743958711624, -0.04366591200232506, 0.013386635109782219, -0.05853841081261635, 0.011132700368762016, -0.04710722342133522, 0.009511983022093773, 0.025289831683039665, 0.02376166172325611, 0.015565022826194763, 0.009683790616691113, 0.031671199947595596, -0.006291728932410479, 0.04890742152929306, 0.015485187061131, 0.014906256459653378, 2697.282749757858, 0.012772791087627411, 5420.349174399564]",63,cat
79,data/audio_cat-classification/NAYA_DATA_AUG1X/Paining/cat_coll0151_aug1(1).mp3,cat,"[-265.8210144042969, 11.967884063720703, -48.611934661865234, -8.513917922973633, -1.1629669666290283, -8.368122100830078, -5.901151180267334, -9.175780296325684, -10.96302318572998, -3.562041997909546, -0.5570387244224548, -8.92931842803955, -3.08207106590271, -0.01878298819065094, 4.694282054901123, 8.86999225616455, 7.829776287078857, 1.759531855583191, -15.137060165405273, -13.646510124206543, 0.1713007539510727, 0.060911573469638824, 0.08842680603265762, -0.20786190032958984, 0.1181241050362587, 0.1210416704416275, -0.04196430370211601, -0.12021908909082413, 0.15086513757705688, 0.10799028724431992, -0.1561773270368576, -0.009631789289414883, -0.018968133255839348, 0.007895571179687977, 0.03203042969107628, -0.03481334447860718, 0.0397382415831089, 0.11371816694736481, 0.034186676144599915, -0.005964712705463171, -0.6831014156341553, -0.024752214550971985, 0.012631172314286232, -0.11778668314218521, 0.08268185704946518, 0.03834964334964752, -0.027033578604459763, 0.002616852056235075, 0.056784164160490036, 0.07149310410022736, -0.11329764127731323, 0.018263543024659157, 0.08444322645664215, -0.030364464968442917, 0.06435596942901611, 0.09170897305011749, 0.038972821086645126, -0.037639204412698746, 0.06592053174972534, 0.004120160825550556, 3502.5457182837363, 0.1615585833787918, 5722.058636209239]",63,cat
3438,data/audio_cat-classification/NAYA_DATA_AUG1X/Angry/Online_Cat0532VeryAng_aug1(1).mp3,cat,"[-251.6431121826172, 170.75552368164062, -49.4711799621582, 8.563741683959961, 6.260562419891357, -30.158447265625, -0.0010328005300834775, -8.922784805297852, -15.84935474395752, -2.6299076080322266, -6.726609706878662, -1.5507628917694092, 3.5011513233184814, 3.6217172145843506, 3.7699856758117676, -2.8900835514068604, -3.6255311965942383, -3.6066935062408447, -3.99373722076416, -3.963008165359497, 0.42134615778923035, 0.27108922600746155, -0.07089114934206009, 0.03839628025889397, 0.03800758346915245, -0.043999433517456055, 0.035037413239479065, 0.009379479102790356, -0.03699755296111107, 0.0002730953274294734, 0.01171642355620861, 0.03491028770804405, 0.04601764678955078, 0.004808947443962097, -0.03884788230061531, -0.059267107397317886, -0.02501177042722702, 0.025408318266272545, 0.03564049303531647, -0.004219602327793837, -0.41083768010139465, -0.22913026809692383, 0.1158345565199852, -0.01957511343061924, -0.0139919463545084, 0.0667666494846344, -0.011355215683579445, 0.020455211400985718, 0.017786717042326927, -0.02589079737663269, 0.00943786557763815, 0.015594989992678165, -0.004059921950101852, -0.019868377596139908, -0.011928217485547066, 0.016076115891337395, 0.01898629032075405, 0.024154525250196457, 0.01747640036046505, -0.0029831784777343273, 1287.6012888024122, 0.0019320356659591198, 2210.1780511862457]",63,cat
1039,data/audio_cat-classification/NAYA_DATA_AUG1X/Defence/car_extcoll0181.mp3,cat,"[-222.82061767578125, 89.66655731201172, 14.495338439941406, 29.576475143432617, 1.37351393699646, 8.128286361694336, -13.649601936340332, 13.222245216369629, -6.747008800506592, 4.530510425567627, -10.302828788757324, -1.0702706575393677, 0.45446842908859253, -3.856931209564209, -0.3511492609977722, -8.015708923339844, -5.841268539428711, -1.9095180034637451, -3.9641220569610596, -5.213344097137451, -0.023130428045988083, -0.010392110794782639, 0.035752590745687485, 0.07086079567670822, 0.0005744363297708333, -0.015995711088180542, 0.043693751096725464, 0.038545504212379456, -0.048465583473443985, -0.01937985047698021, 0.12199044227600098, 0.050431057810783386, 0.009258159436285496, -0.013890956528484821, -0.003496263874694705, 0.008081710897386074, -0.027491001412272453, -0.03947676345705986, -0.012325388379395008, 0.03261290118098259, -0.10754456371068954, -0.0683002769947052, 0.02815905585885048, -0.047246042639017105, 0.009157461114227772, 0.016505321487784386, -0.015156575478613377, 0.027550851926207542, -0.019796963781118393, 0.0076348427683115005, -0.004098322242498398, 0.010647159069776535, 0.013606196269392967, -0.004465282894670963, 0.009027518332004547, 0.011445294134318829, 0.015428097918629646, -0.0022778876591473818, -0.018650902435183525, -0.00470332894474268, 2497.6198692305334, 0.04714018478989601, 5378.329317686987]",63,cat
1786,data/audio_cat-classification/NAYA_DATA_AUG1X/Mating/cat03115_aug1(1).mp3,cat,"[-342.775634765625, 110.91204833984375, 0.5162059664726257, 5.755924701690674, -3.7147319316864014, -8.292144775390625, -5.17634391784668, 1.6971070766448975, -6.094082355499268, -8.449914932250977, 0.19199781119823456, 3.930250406265259, -4.312154769897461, -1.9056161642074585, -5.484149932861328, -6.163633346557617, -6.299633979797363, -3.8299670219421387, -0.2850944697856903, -6.139730453491211, 2.261362075805664, 0.7305881977081299, 0.02063988335430622, -0.03466798737645149, -0.10763424634933472, -0.12298320978879929, -0.10506118088960648, -0.026793571189045906, -0.036782752722501755, -0.036505404859781265, 0.03237969055771828, 0.03888658806681633, -0.06817225366830826, -0.025537896901369095, -0.08846329152584076, -0.12638825178146362, -0.08822457492351532, -0.031074456870555878, 0.012161417864263058, 0.007339459843933582, 0.17051564157009125, -0.07336825877428055, 0.06255235522985458, 0.009023020975291729, 0.03793729096651077, 0.0185628030449152, 0.02458883635699749, -0.011294689029455185, -0.00264936126768589, 0.029901063069701195, 0.005504886619746685, -0.006650504190474749, 0.028679868206381798, -0.04281844571232796, -0.021543677896261215, 0.013188216835260391, -0.020480036735534668, 0.007094661705195904, 0.008320790715515614, -5.922819354964304e-07, 1297.6367675064323, 0.16326163709163666, 2381.7989309210525]",63,cat
5548,data/audio_cat-classification/NAYA_DATA_AUG1X/Resting/LastEntry_cat1236Purr_aug1(1).mp3,cat,"[-179.65638732910156, 138.47938537597656, 47.28233337402344, -14.649923324584961, -14.024344444274902, -4.969937324523926, -15.830792427062988, -18.61593246459961, -1.8948417901992798, -0.3502826690673828, 5.345280170440674, -5.552887439727783, -12.721014022827148, -9.878026008605957, -11.873313903808594, -7.413106918334961, -7.65673828125, -6.422043800354004, -3.2899556159973145, -7.6174845695495605, 0.33503472805023193, 0.03814465180039406, 0.12400701642036438, -0.05535443127155304, -0.006448316387832165, 0.03580683469772339, -0.04733748733997345, -0.038002923130989075, -0.07194121927022934, 0.006626146845519543, 0.05192466080188751, 0.03324572369456291, -0.023501722142100334, -0.0661706030368805, -0.013445527292788029, -0.04912732169032097, -0.03829158470034599, -0.01656530052423477, -0.027958285063505173, 0.0005606954800896347, -0.16468152403831482, -0.12071278691291809, -0.10058924555778503, 0.004014958627521992, -0.01596086658537388, -0.007557534612715244, 0.03563544154167175, 0.010913470759987831, 0.011554409749805927, 0.0065093678422272205, -0.019555356353521347, 0.005011771339923143, -0.00793025828897953, 0.023486701771616936, 0.01944834552705288, 0.013765333220362663, 0.0448429211974144, 0.007667179685086012, 0.010297639295458794, 0.007270275615155697, 1780.8893306655227, 0.01934025064110756, 3415.1100852272725]",63,cat
5290,data/audio_cat-classification/NAYA_DATA_AUG1X/MotherCall/Online_Cat0448Pil_aug1(1).mp3,cat,"[-245.95787048339844, 80.60103607177734, -65.71491241455078, 56.980926513671875, -8.141157150268555, 19.85149574279785, 23.144710540771484, 4.995626926422119, 9.950800895690918, -14.500027656555176, 18.17391586303711, 10.958969116210938, -0.2494238317012787, 0.5446930527687073, -5.774020671844482, 5.883436679840088, -3.3155903816223145, 5.529415130615234, 3.4516053199768066, -11.038230895996094, -3.254791021347046, -0.9082602858543396, 0.4647754728794098, -0.9240931272506714, 0.3056778609752655, -0.20396824181079865, -0.4008665978908539, 0.03713728114962578, -0.20519252121448517, 0.062802754342556, -0.08118759840726852, -0.13221657276153564, -0.188818097114563, -0.08210092037916183, 0.16936518251895905, -0.12301699817180634, 0.12597663700580597, -0.06827803701162338, -0.28721028566360474, 0.0777612254023552, -0.048609014600515366, 0.18907013535499573, 0.13365644216537476, 0.02635575272142887, 0.016682537272572517, 0.06417407095432281, -0.05608518794178963, 0.1037096455693245, 0.061694588512182236, -0.055885374546051025, 0.10971447825431824, -0.007939430885016918, 0.027791796252131462, 0.07481874525547028, 0.037403736263513565, -0.01429693028330803, 0.048156481236219406, -0.017340853810310364, -0.04871910437941551, 0.07278425991535187, 2299.63989546395, 0.06726623326539993, 3456.9580078125]",63,cat
420,data/audio_cat-classification/NAYA_DATA_AUG1X/Paining/car_extcoll0148_aug1(1).mp3,cat,"[-276.0427551269531, -3.837860345840454, -35.63667678833008, 26.580801010131836, -6.605862140655518, 8.094412803649902, -5.119297981262207, 1.1670968532562256, -19.194625854492188, -1.7932827472686768, -0.889197587966919, 11.77705192565918, 24.20073127746582, 4.868300437927246, -0.6087949872016907, -18.24525260925293, -9.673457145690918, 4.091930389404297, 0.6939717531204224, -15.532133102416992, 0.5891881585121155, 0.3655475080013275, 0.09418319910764694, -0.15713642537593842, -0.07690034061670303, 0.08013109117746353, 0.054798755794763565, -0.09018630534410477, -0.06816982477903366, -0.08448789268732071, -0.025895263999700546, 0.04251290112733841, 0.17872804403305054, 0.20063337683677673, 0.1096743792295456, -0.03526269644498825, -0.04737437516450882, 0.05082981660962105, 0.010863243602216244, 0.040375966578722, -0.11181101202964783, 0.16241036355495453, -0.11700058728456497, -0.21823731064796448, -0.03716753050684929, -0.035657718777656555, -0.06514143198728561, -0.11124607175588608, -0.10710649192333221, -0.09363516420125961, -0.014200469478964806, 0.09603607654571533, 0.02993779070675373, 0.056868597865104675, 0.09766663610935211, 0.05978434160351753, 0.005144824273884296, -0.04274363070726395, -0.058289118111133575, 0.018669752404093742, 3475.2163668976364, 0.09630279988050461, 5751.999615608378]",63,cat
308,data/audio_cat-classification/NAYA_DATA_AUG1X/Paining/cat_youtube01198.mp3,cat,"[-213.21875, 62.304481506347656, -4.257396697998047, 0.8348286151885986, -14.629220962524414, -21.942834854125977, -13.651473999023438, -28.127002716064453, -21.08924102783203, -24.4056339263916, -20.186016082763672, -22.65927505493164, -12.153132438659668, -10.00418472290039, -6.431669235229492, -6.139421463012695, -8.976058006286621, -1.4038363695144653, -8.257780075073242, -12.580397605895996, 1.9480726718902588, 0.4084056615829468, 0.007926182821393013, -0.08770487457513809, -0.024465853348374367, -0.055707190185785294, -0.09340719133615494, -0.13076096773147583, -0.15874969959259033, -0.20694416761398315, -0.11351840198040009, -0.07607395201921463, -0.06283041089773178, -0.06751427054405212, -0.054263755679130554, -0.004970070905983448, -0.008158423006534576, -0.08350751549005508, -0.04474383220076561, -0.055904898792505264, -0.8203943967819214, -0.23926258087158203, 0.015354137867689133, 0.03351636976003647, 0.011844736523926258, 0.07725275307893753, 0.024740517139434814, 0.05177854746580124, 0.06026988476514816, 0.06421615928411484, 0.052088890224695206, 0.04782882705330849, -0.0022381776943802834, 0.07340475916862488, 0.024473456665873528, 0.04249867796897888, 0.05178811773657799, 0.016831237822771072, 0.03857109323143959, -0.011204568669199944, 3018.425319996487, 0.030871383845806122, 6316.025308790154]",63,cat
5096,data/audio_cat-classification/NAYA_DATA_AUG1X/MotherCall/Cat_pills0189.mp3,cat,"[-325.2986145019531, 140.39340209960938, 35.960269927978516, 14.254009246826172, 19.604427337646484, 11.067129135131836, 5.677515506744385, -5.100912570953369, 3.1600289344787598, 4.013343334197998, -5.877131462097168, 0.16555435955524445, -5.530625343322754, -2.235679864883423, -2.6561737060546875, -3.6205577850341797, -3.1357264518737793, -7.154517650604248, -1.7663134336471558, -0.7126467823982239, 0.19584622979164124, 0.16857701539993286, 0.08541203290224075, -0.03797910735011101, 0.07587248086929321, -0.05544498190283775, 0.08252646028995514, -0.004937135148793459, -0.08791077882051468, 0.03304465487599373, -0.02038532681763172, 0.01687006466090679, 0.06276582926511765, -0.03336264565587044, -0.03446333110332489, -0.033063337206840515, -0.029450802132487297, -0.00022308337793219835, -0.001747164991684258, -0.05838559940457344, -0.3471410870552063, -0.04726358875632286, -0.01945456862449646, 0.029140423983335495, 0.028059229254722595, -0.062085751444101334, -0.017408480867743492, 0.04973427951335907, -0.002157562877982855, -0.021435700356960297, -0.03570791333913803, -0.027313364669680595, 0.04752521589398384, 0.033720891922712326, 0.00125297368504107, 0.03364326432347298, 0.03623206168413162, 0.06001397967338562, 0.03430505841970444, -0.004572322126477957, 1255.294666985624, 0.003147886833176017, 2284.106914813702]",63,cat
5045,data/audio_cat-classification/NAYA_DATA_AUG1X/MotherCall/Last_addCat142Pil_aug1(1).mp3,cat,"[-342.7558898925781, 72.5668716430664, 15.218144416809082, 21.672224044799805, 9.777938842773438, 18.843963623046875, 14.02568531036377, 5.821159362792969, -8.124346733093262, 0.05734357610344887, 7.636606216430664, -6.581854343414307, -9.054969787597656, -0.6305055022239685, -0.9490015506744385, -3.862844944000244, 4.105739593505859, -2.21598219871521, -3.951798677444458, 0.7557601928710938, -1.2919658422470093, -0.5939045548439026, -0.07617312669754028, -0.025087589398026466, -0.09605028480291367, -0.09040345251560211, -0.037517331540584564, -0.02538132108747959, -0.005602947436273098, 0.0806436762213707, 0.05477096140384674, -0.028705410659313202, -0.07117996364831924, 0.0016465841326862574, 0.030125711113214493, 0.0435667559504509, 0.07656046748161316, 0.08602084964513779, 0.06544531881809235, -0.04713032394647598, -0.2549327313899994, -0.023808712139725685, -0.03717402368783951, -0.014518017880618572, 0.002915008459240198, 0.016355477273464203, 0.005190718453377485, -0.013479609042406082, -0.021913429722189903, -0.03851982578635216, -0.005357003770768642, 0.02127840183675289, 0.036948274821043015, 0.016834599897265434, 0.003379208268597722, 0.010103528387844563, -0.003265523351728916, 0.00661158561706543, 0.015123026445508003, 0.011213443242013454, 2518.5484901889495, 0.0708560049533844, 5164.43266027114]",63,cat
2887,data/audio_cat-classification/NAYA_DATA_AUG1X/Warning/LastEntry_cat1344Grl_aug1(1).mp3,cat,"[-189.1655731201172, 133.44175720214844, -16.6972599029541, 35.24228286743164, -24.4859561920166, 10.124029159545898, -17.009185791015625, 15.417889595031738, -12.939743995666504, -2.4387624263763428, -21.075878143310547, -4.007930755615234, -14.270221710205078, -16.03354835510254, -6.792752265930176, -2.9945008754730225, -2.900270700454712, -6.641227722167969, -0.786090612411499, -2.647817373275757, 4.2200822830200195, 1.05117666721344, -0.23624108731746674, 0.35317257046699524, -0.20956505835056305, 0.23914805054664612, -0.22541426122188568, 0.17235136032104492, -0.17713579535484314, 0.18701587617397308, -0.06277039647102356, 0.11498656868934631, 0.006590135861188173, 0.08039698749780655, -0.006579435896128416, 0.003018144750967622, 0.03469671308994293, 0.031056534498929977, 0.02390870451927185, 0.010721310041844845, -0.02541065216064453, 0.01942264288663864, -0.0051946151070296764, -0.027460575103759766, -0.009801921434700489, 0.0031150688882917166, 0.045241858810186386, 0.016719341278076172, -0.04735518991947174, 0.0015525899361819029, 0.0005840117228217423, 0.0071018473245203495, 0.005748567171394825, -0.005578568205237389, 0.011548031121492386, 0.005889762658625841, 0.04286610707640648, 0.015142461284995079, 0.010245307348668575, 0.026641845703125, 1297.2374139492422, 0.11020956188440323, 2700.581776012074]",63,cat
1919,data/audio_cat-classification/NAYA_DATA_AUG1X/Mating/cat015.mp3,cat,"[-285.0755920410156, 94.17990112304688, -14.84525203704834, 24.4243106842041, 3.3959901332855225, 11.274280548095703, 3.0127360820770264, 6.594083309173584, -3.8302505016326904, -4.896916389465332, 0.18228814005851746, 7.987015724182129, 1.125105857849121, -3.170281410217285, -10.567209243774414, -4.413091659545898, 1.4409891366958618, -1.7716484069824219, -5.061938762664795, -7.260604381561279, 0.2283770591020584, 0.16299040615558624, 0.08445627987384796, -0.017763834446668625, 0.01778949797153473, 0.03664122521877289, -0.022118881344795227, 0.05006934702396393, 0.03576674684882164, 0.003616486908867955, -0.011005603708326817, -0.09666662663221359, -0.03619830682873726, 0.008322710171341896, 0.04343397915363312, 0.06534086167812347, -0.04623516649007797, -0.06761745363473892, 0.0012150739785283804, 0.02248089201748371, -0.21736982464790344, -0.06379538029432297, 0.029106637462973595, -0.016494954004883766, -0.01581660471856594, 0.028445202857255936, 0.008638568222522736, -0.06689928472042084, 0.018298856914043427, 0.0358874686062336, -0.011771103367209435, 0.043760139495134354, 0.0169090386480093, -0.033215511590242386, -0.02582247368991375, 0.007206998765468597, 0.035502009093761444, 0.022733740508556366, 0.0007539615617133677, -0.05869211256504059, 2395.3870008979056, 0.03962980955839157, 3809.1773248487902]",63,cat
2609,data/audio_cat-classification/NAYA_DATA_AUG1X/Warning/cat_flickr0109.mp3,cat,"[-227.3438262939453, 90.43388366699219, -32.200801849365234, 19.27842140197754, -24.31154441833496, -7.075387001037598, -11.88164234161377, -1.3184126615524292, -14.33399486541748, -4.290892601013184, -2.5647213459014893, -13.527295112609863, 2.422700881958008, -9.830726623535156, -19.472084045410156, -1.3004952669143677, -1.7758123874664307, -1.8221368789672852, 7.65575647354126, -1.9523087739944458, 0.3866690993309021, -0.5575999617576599, 0.3187265992164612, -0.08172547072172165, 0.0875597596168518, 0.4458184242248535, -0.2672891914844513, -0.2413000762462616, 0.18111199140548706, -0.024356134235858917, -0.09990055114030838, -0.001217458164319396, -0.0009856647811830044, 0.06322940438985825, 0.014149819500744343, 0.036697883158922195, 0.09777457267045975, -0.07686419039964676, -0.11751458048820496, 0.07607659697532654, -0.8569442629814148, 0.18945124745368958, -0.033824365586042404, 0.08914206922054291, 0.044184815138578415, -0.14095236361026764, 0.0532948337495327, 0.06275252252817154, 0.028738167136907578, 0.10694628953933716, 0.03044336475431919, 0.0348224975168705, -0.02169841341674328, 0.005960909184068441, 0.03271810710430145, 0.008529326878488064, -0.0010819344315677881, -0.02834412455558777, 0.028537992388010025, 0.05924135446548462, 2249.32875087459, 0.01566069945693016, 4269.5049738479875]",63,cat
1057,data/audio_cat-classification/NAYA_DATA_AUG1X/Defence/car_extcoll0235.mp3,cat,"[-294.4926452636719, 38.04820251464844, -39.76382827758789, 3.6773881912231445, -8.097452163696289, -8.569487571716309, -10.887908935546875, 0.46417075395584106, -4.585439682006836, 0.8349488973617554, 1.1413055658340454, -0.2832183837890625, -8.194540023803711, -6.195076942443848, -4.04830265045166, -6.157320976257324, -2.5143303871154785, 0.5300965905189514, -3.5537428855895996, -6.753533363342285, -3.936893939971924, 0.20373517274856567, 0.2506980001926422, -0.009735118597745895, 0.03123931773006916, 0.07436791062355042, 0.02050834149122238, 0.10436656326055527, 0.11837679892778397, 0.08518248796463013, 0.013441983610391617, -0.05348007753491402, 0.03427550569176674, 0.08003248274326324, 0.0192862618714571, 0.017949577420949936, -0.006479836069047451, -0.028082817792892456, -0.05313572287559509, 0.06254164129495621, -0.2983517348766327, -0.030368957668542862, -0.02814890816807747, 0.005179183557629585, 0.04142823442816734, -0.034189045429229736, 0.0291264820843935, -0.03653448820114136, -0.09555283188819885, -0.006686697714030743, -0.022212879732251167, 0.0026864048559218645, 0.04061714932322502, 0.008550256490707397, 0.037590209394693375, 0.02362760901451111, 0.02711569331586361, 0.0033240942284464836, 0.01326072309166193, 0.020428625866770744, 2975.5924304203572, 0.2171921730041504, 5572.84304596657]",63,cat
5755,data/audio_cat-classification/NAYA_DATA_AUG1X/Resting/cat05.mp3,cat,"[-363.26385498046875, 83.12276458740234, 17.362171173095703, 8.887884140014648, 1.3357954025268555, 9.073864936828613, 6.794224739074707, 14.970076560974121, 3.609957218170166, -1.5369075536727905, -3.4782025814056396, -4.166638374328613, -5.560108184814453, -1.8129611015319824, 0.8316478133201599, 1.02981698513031, -0.4371405839920044, -1.7529066801071167, -2.775763988494873, -1.1277287006378174, 0.8331704139709473, 0.02494651824235916, -0.054579686373472214, -0.02700769528746605, -0.026743141934275627, -0.03641141951084137, -0.049060381948947906, -0.0025947289541363716, -0.062164049595594406, 0.003511004615575075, 0.03005598857998848, 0.00711421063169837, 0.06413682550191879, 0.04602685198187828, -0.011001232080161572, 0.013026637956500053, 0.09298515319824219, -0.05673305317759514, -0.02651887759566307, 0.08116164803504944, -0.8233236074447632, -0.04178375378251076, 0.004186751786619425, 0.0019590093288570642, 0.010470987297594547, 0.011830485425889492, -0.014296907931566238, -0.04392607510089874, 0.03940049558877945, 0.03689264506101608, 0.022373534739017487, -0.0737106055021286, -0.0203577671200037, 0.00691731134429574, 0.00820634514093399, -0.024067696183919907, 0.020906059071421623, 0.07910698652267456, 0.04494097828865051, 0.025222251191735268, 2852.131584111789, 0.07249771803617477, 6789.457743876689]",63,cat
1212,data/audio_cat-classification/NAYA_DATA_AUG1X/Happy/Online_Cat0506Hpy_aug1(1).mp3,cat,"[-237.6001739501953, 153.65927124023438, -5.859084606170654, 14.795768737792969, 5.45604944229126, -14.945395469665527, -18.29117202758789, 1.7656747102737427, 13.482399940490723, 5.778205394744873, 10.594870567321777, -9.89786434173584, -23.474119186401367, -17.387720108032227, -4.737573146820068, 10.816178321838379, -11.322151184082031, -10.062091827392578, 9.799431800842285, 17.276317596435547, -2.3681650161743164, 0.6568303108215332, -0.321895033121109, -0.8614327907562256, 0.9294700622558594, 0.3819332420825958, 0.3287101686000824, -0.09275346994400024, 0.14223110675811768, 0.7322091460227966, 1.4739563465118408, 0.37991267442703247, -0.32286936044692993, -0.43144452571868896, -0.6786544919013977, -0.23535645008087158, -0.5483353734016418, -0.7009544968605042, 0.19344452023506165, 0.9698565006256104, 1.2206693887710571, -0.6632645130157471, 0.062273770570755005, -0.29386433959007263, -0.2368161529302597, 0.0017675476847216487, -0.07591398805379868, 0.3022513687610626, 0.01839764416217804, 0.17870891094207764, 0.5669503808021545, 0.28347721695899963, 0.024691924452781677, -0.14114904403686523, -0.26536306738853455, -0.08848563581705093, 0.13343416154384613, 0.22844675183296204, 0.06695269048213959, 0.03887050226330757, 1246.6551963803522, 0.0012489211512729526, 1951.9215303308824]",63,cat
889,data/audio_cat-classification/NAYA_DATA_AUG1X/Defence/Edit9035Hiss.mp3,cat,"[-516.1670532226562, -12.90013599395752, -66.25687408447266, 31.902708053588867, -45.221435546875, 19.043270111083984, -27.130760192871094, 21.9979305267334, -20.615428924560547, 19.55189323425293, -11.51214599609375, 10.290018081665039, -5.390880107879639, 4.150031089782715, -1.83871591091156, 0.7692394256591797, 1.0166583061218262, 0.2703840434551239, 0.9478039145469666, -1.8690950870513916, 1.1906590461730957, 0.12099964171648026, -0.23034606873989105, -0.05907631292939186, -0.38919684290885925, 0.11283423006534576, -0.13060453534126282, -0.02806864306330681, 0.0050243535079061985, 0.17254649102687836, 0.024908678606152534, 0.004059249069541693, 0.06985612213611603, -0.07810325920581818, -0.05263863131403923, -0.06039408966898918, 0.03883069381117821, -0.13548146188259125, 0.0019248415483161807, 0.08335775882005692, -1.1967476606369019, -0.12079863250255585, 0.38440221548080444, -0.07453681528568268, 0.12393677234649658, -0.0659218356013298, 0.10047196596860886, -0.019724663347005844, 0.0704892948269844, 0.08690888434648514, 0.07057370245456696, -0.017413318157196045, 0.025718115270137787, 0.08185239881277084, 0.003913493826985359, 0.027504317462444305, -0.009234551340341568, 0.037825822830200195, -0.08761489391326904, -0.03394963592290878, 4295.922187291685, 0.10374002158641815, 6935.48583984375]",63,cat
5735,data/audio_cat-classification/NAYA_DATA_AUG1X/Resting/cat_flickr01386 (2).mp3,cat,"[-463.49761962890625, 132.97442626953125, 21.78757667541504, 37.66948699951172, -7.990192890167236, 17.406085968017578, -13.583038330078125, 14.148488998413086, -14.653240203857422, 9.632197380065918, -13.87809944152832, 9.600627899169922, -7.041690826416016, 1.3264343738555908, -9.322718620300293, 1.2154844999313354, -13.142498016357422, 1.002866506576538, -5.559537410736084, 3.2200396060943604, 0.21538472175598145, 0.03184277191758156, 0.01193391252309084, 0.049379922449588776, 0.012813612818717957, 0.02535625919699669, -0.011553166434168816, 0.024049580097198486, 0.021385954692959785, 0.05032627284526825, -0.03753490000963211, 0.01931430958211422, -0.01586192660033703, -0.02247363142669201, -0.009100746363401413, -0.0056418925523757935, -0.024827465415000916, -0.003686025505885482, -0.013047580607235432, 0.04086490720510483, -0.19192305207252502, -0.049402035772800446, -0.04616662859916687, -0.024532485753297806, 0.06020835414528847, -0.01850033365190029, 0.01799595169723034, -0.0319548100233078, 0.017952099442481995, -0.018591973930597305, 0.003138741245493293, -0.010817790403962135, 0.02760072611272335, -0.007552883122116327, 0.038148101419210434, 0.009791361168026924, 0.028009779751300812, -0.011032690294086933, 0.0032807805109769106, -0.01462053693830967, 1505.6941416923135, 0.007393536623567343, 3529.323658662684]",63,cat
2509,data/audio_cat-classification/NAYA_DATA_AUG1X/Warning/LastEntry_cat1011Ang.mp3,cat,"[-324.88323974609375, 82.95286560058594, -13.802530288696289, 5.445638179779053, -15.8040771484375, -7.414650917053223, -3.464900493621826, -15.4007568359375, 8.004877090454102, -7.339642524719238, 12.23611068725586, -8.183988571166992, 2.9928126335144043, -12.265713691711426, -2.2146902084350586, -10.258636474609375, -4.549036026000977, -0.8699551820755005, -0.3693535625934601, 13.392399787902832, -0.20292513072490692, -0.2681899070739746, 0.008787507191300392, 0.05821792781352997, 0.11280449479818344, 0.13754183053970337, 0.01557884644716978, 0.07220397889614105, 0.055983465164899826, -0.08506324142217636, -0.022760586813092232, 0.021207893267273903, 0.06288642436265945, 0.05869898945093155, 0.04972698912024498, 0.04322188347578049, 0.05986954644322395, 0.0172695592045784, -0.0006018365966156125, -0.062096208333969116, -0.2547210156917572, 0.07559213042259216, 0.06233784556388855, -0.05082150921225548, -0.03210688382387161, -0.03180990368127823, -0.024156009778380394, 0.007589598186314106, 0.004336737096309662, 0.031627755612134933, 0.012412292882800102, -0.011086288839578629, -0.036517251282930374, 0.003908815793693066, 0.015270269475877285, 0.05041263997554779, 0.020166102796792984, 0.016829701140522957, 0.00646832212805748, -0.017084376886487007, 2349.7871946336427, 0.03741150721907616, 4826.691143329327]",63,cat
561,data/audio_cat-classification/NAYA_DATA_AUG1X/Paining/Cat meow (4)_aug1(1).mp3,cat,"[-215.47552490234375, 95.90155792236328, -58.41616439819336, 33.643089294433594, 5.377781867980957, -13.480761528015137, 36.045902252197266, -0.23140734434127808, 6.084323406219482, 12.760504722595215, -15.374979972839355, 12.152788162231445, 5.083960056304932, -1.3078583478927612, 6.248048782348633, -3.6514742374420166, 4.416855335235596, -0.4616595506668091, -2.972653865814209, 11.236600875854492, 1.540579915046692, 0.012411072850227356, -0.1700064241886139, 0.16673563420772552, -0.0019343779422342777, -0.049933843314647675, 0.02633325383067131, -0.12283609062433243, -0.03572684898972511, 0.02518872357904911, -0.012152760289609432, 0.04880550131201744, -0.04050809144973755, -0.0018425874877721071, -0.012113683857023716, -0.08266393095254898, -0.027202272787690163, 0.027802228927612305, -0.029880689457058907, -0.01673610880970955, -0.4568355977535248, -0.15588964521884918, 0.06503984332084656, 0.05929812043905258, 0.003278036369010806, 0.01123882457613945, -0.022995103150606155, -0.0790819600224495, -0.079774409532547, -0.09644715487957001, -0.04602646455168724, 0.00942129548639059, 0.023018978536128998, 0.011074201203882694, -0.06809604912996292, -0.06028568372130394, -0.006494034081697464, -0.0057053342461586, -0.02716705948114395, 0.013903272338211536, 2642.3544980368983, 0.06738776713609695, 4475.526037881541]",63,cat
3181,data/audio_cat-classification/NAYA_DATA_AUG1X/Angry/Last_addCat294Ang_aug1(1).mp3,cat,"[-195.89512634277344, 50.15489196777344, -56.7486457824707, -18.966083526611328, -23.701129913330078, 3.253725051879883, 1.6697659492492676, -2.0349268913269043, -8.90804672241211, -11.691177368164062, -10.707876205444336, -1.9452265501022339, 8.26828384399414, 5.5491814613342285, 4.449599266052246, -6.7448811531066895, -0.5347510576248169, 2.218759536743164, 3.7073633670806885, -2.4695348739624023, 0.32037585973739624, 0.4742025136947632, -0.15416736900806427, -0.29730063676834106, -0.32474610209465027, -0.17036278545856476, -0.02939531020820141, -0.06411323696374893, -0.04513884335756302, -0.11742307990789413, 0.02140915021300316, -0.001088812598027289, 0.007523508742451668, 0.0942949503660202, 0.10702305287122726, -0.024388661608099937, 0.07902351021766663, -0.010756428353488445, -0.05759980157017708, 0.032289572060108185, -0.9874019622802734, -0.1448242962360382, -0.03390013799071312, -0.08866489678621292, 0.0230680163949728, 0.013590878807008266, 0.08526820689439774, 0.023847773671150208, -0.02520175836980343, 0.02355952374637127, 0.034612711519002914, 0.05501111224293709, 0.05788542702794075, 0.09376507252454758, 0.006982467137277126, 0.02039850875735283, 0.007595021277666092, -0.02147367224097252, 0.03918934613466263, 0.025334371253848076, 2336.6253577967514, 0.008638047613203526, 4200.5265519425675]",63,cat
3728,data/audio_cat-classification/NAYA_DATA_AUG1X/HuntingMind/catchatter017.mp3,cat,"[-410.8601989746094, 84.37876892089844, -13.993013381958008, -6.819397449493408, 10.118536949157715, 7.192992210388184, 18.456159591674805, 8.332867622375488, 1.079865574836731, -2.6359245777130127, -1.8120819330215454, -0.6517415642738342, -3.288069725036621, 2.604656219482422, 5.0403947830200195, 4.2052083015441895, 0.1302158683538437, 0.22803470492362976, -0.4231840968132019, -2.4217565059661865, 0.17828460037708282, 0.06879305839538574, 0.2530474364757538, -0.10082457214593887, -0.09851663559675217, 0.07413285970687866, 0.04596620053052902, 0.07585463672876358, 0.002391638932749629, 0.034011341631412506, 0.1651378571987152, 0.04324068874120712, -0.018092216923832893, 0.037599287927150726, -0.018947698175907135, -0.06893090903759003, -0.009676394052803516, -0.07408996671438217, -0.0516643300652504, 0.045198410749435425, -0.6505587697029114, -0.02450171671807766, 0.15228773653507233, -0.0828934907913208, -0.09567468613386154, 0.02754397690296173, 0.020617326721549034, 0.08339959383010864, 0.06003955379128456, 0.034169767051935196, 0.07230238616466522, 0.0031264391727745533, -0.07857596129179001, -0.006354470271617174, -0.03510855883359909, 0.013344265520572662, 0.013453255407512188, -0.058551039546728134, -0.005822357255965471, -0.006669982802122831, 2860.4599016000857, 0.07434982806444168, 6524.178300665681]",63,cat
5427,data/audio_cat-classification/NAYA_DATA_AUG1X/Resting/cat_flickr01373.mp3,cat,"[-537.3494262695312, 127.45392608642578, 49.976707458496094, 33.236759185791016, 21.95427131652832, 21.717613220214844, 23.51885223388672, 15.957076072692871, 19.040441513061523, -5.662159442901611, 0.8946112394332886, 3.310948133468628, -1.575506567955017, -0.15324996411800385, -3.6570231914520264, 5.899098873138428, 2.4014930725097656, 4.0984697341918945, 2.3324103355407715, 7.8467698097229, 0.11674350500106812, 0.1328558772802353, 0.07497166842222214, 0.0221326295286417, -0.022563867270946503, 0.008532590232789516, 0.017606964334845543, -0.024906644597649574, -0.001406096387654543, -0.06382467597723007, -0.014906410127878189, 0.0014499806566163898, -0.04840346425771713, -0.013880966231226921, 0.011063655838370323, 0.02136053331196308, -0.00284440815448761, 0.027782108634710312, 0.011554878205060959, 0.03911697492003441, -0.19145488739013672, -0.05042296648025513, -0.015937281772494316, -0.03544557839632034, -0.030512234196066856, -0.03235625475645065, -0.01554485596716404, -0.01379317045211792, 0.0037138385232537985, 0.031398266553878784, 0.009876064956188202, -0.021254125982522964, -0.018543221056461334, 0.034234561026096344, 0.033421359956264496, -0.005557093303650618, -0.029724515974521637, -0.011030969209969044, 0.008332005701959133, -0.013259251601994038, 950.014497287742, 0.001097249099984765, 1469.679292719415]",63,cat
3697,data/audio_cat-classification/NAYA_DATA_AUG1X/HuntingMind/Last_addCat206Chat.mp3,cat,"[-315.70849609375, 105.75969696044922, -18.891389846801758, 56.90977478027344, -20.894075393676758, 40.7668342590332, -12.310251235961914, 22.89622688293457, -7.1454854011535645, 13.872889518737793, 0.6286001801490784, 7.883331775665283, 2.6215877532958984, 3.701364040374756, 0.3742446005344391, 2.723816156387329, 0.5301479697227478, 5.474215984344482, -5.193764686584473, 6.827932357788086, 0.17270389199256897, 0.04426785930991173, -0.01908198371529579, 0.06854840368032455, -0.06186387315392494, 0.03957147151231766, -0.06364316493272781, 0.028668111190199852, 0.023337561637163162, 0.013139878399670124, -0.02481374889612198, 0.0071897609159350395, -0.001084422692656517, 0.004120711702853441, 0.008111050352454185, -0.0015499076107516885, -0.02442442812025547, -0.0028611987363547087, -0.001967373536899686, 0.013914569281041622, -0.13647255301475525, -0.0403711274266243, 0.0920911580324173, -0.0784469023346901, 0.12388996034860611, -0.0675269290804863, 0.07989158481359482, -0.05390714108943939, 0.03978060185909271, -0.03771045431494713, 0.0069730463437736034, -0.03412448614835739, -0.00024638843024149537, -0.022704564034938812, 0.017587993294000626, -0.0020258708391338587, 0.00776289589703083, -0.019263839349150658, 0.012818410992622375, -0.030254298821091652, 1754.9921597019295, 0.0012297286884859204, 4548.797917770127]",63,cat
4545,data/audio_cat-classification/NAYA_DATA_AUG1X/Fighting/YashLL_Cat0298Fit.mp3,cat,"[-85.2900161743164, 49.22146224975586, -21.833528518676758, 5.023885250091553, -20.254467010498047, 3.8274364471435547, -3.5890228748321533, -11.208130836486816, -10.332173347473145, -12.596858024597168, -1.8043439388275146, -9.483065605163574, -2.675091028213501, -8.834362983703613, -3.708472967147827, -1.6056511402130127, -1.653428077697754, -1.8734862804412842, 1.1688008308410645, 2.5521152019500732, 2.247880458831787, -0.74691241979599, -0.19903533160686493, -0.17126092314720154, -0.03104514256119728, 0.22134673595428467, 0.14057299494743347, 0.05241764336824417, -0.1882028579711914, 0.03152495622634888, 0.09257324784994125, 0.010344422422349453, 0.05024173483252525, 0.06740030646324158, 0.05073095113039017, -0.09947312623262405, 0.006886497605592012, 0.10993074625730515, 0.11559519171714783, 0.003340161871165037, -0.41864484548568726, -0.048142049461603165, 0.03917991742491722, 0.053442105650901794, 0.004011403303593397, -0.06913268566131592, -0.03052062913775444, 0.05092168599367142, -0.01384284719824791, -0.08086955547332764, 0.10871147364377975, 0.07553179562091827, 0.07057251781225204, 0.07485243678092957, 0.01937640830874443, 0.054844606667757034, 0.0018730672309175134, -0.06610606610774994, -0.04682735726237297, 0.02311769686639309, 3258.7263894876082, 0.09308015555143356, 5838.8108473557695]",63,cat
1044,data/audio_cat-classification/NAYA_DATA_AUG1X/Defence/Cat_YoutubeLLT42359_aug1(1).mp3,cat,"[-156.04566955566406, 15.165862083435059, -44.167823791503906, -10.472027778625488, -18.867782592773438, -8.769034385681152, -9.266939163208008, -13.633199691772461, -6.054020881652832, -0.7193478941917419, -5.329050064086914, -3.4360227584838867, -3.5840227603912354, -1.9035059213638306, -5.976745128631592, -5.365567684173584, -1.4077048301696777, -1.9153860807418823, 1.0553834438323975, -4.162190914154053, 1.9602116346359253, 0.11882219463586807, -0.2188192903995514, -0.4174861013889313, 0.010774782858788967, -0.0853116363286972, -0.20260250568389893, -0.046506017446517944, 0.1365566849708557, -0.00018998443556483835, 0.14318232238292694, -0.2240012139081955, -0.19303493201732635, 0.02084813080728054, 0.02462487295269966, 0.02473335526883602, -0.2963961660861969, -0.11075933277606964, -0.22940576076507568, -0.01276395469903946, -0.4620291292667389, 0.09396738559007645, -0.06457923352718353, 0.2409008890390396, -0.038780033588409424, 0.046224500983953476, -0.0643443763256073, 0.019609635695815086, -0.020376868546009064, -0.020091280341148376, -0.054340776056051254, -0.00515610259026289, 0.03833160549402237, -0.00715485867112875, 0.11079671233892441, 0.2119024097919464, 0.08555367588996887, -0.07205679267644882, 0.09739325195550919, 0.046091485768556595, 3925.152643688591, 0.18573173880577087, 7455.430327868852]",63,cat
5723,data/audio_cat-classification/NAYA_DATA_AUG1X/Resting/cat_youtube01292_aug1(1).mp3,cat,"[-176.60482788085938, 96.9123306274414, 2.341414213180542, 8.760204315185547, 2.0443527698516846, 3.119683265686035, -4.046250820159912, 5.751354217529297, -11.468774795532227, -3.831423759460449, -11.195343017578125, -5.8289361000061035, -2.66899037361145, 0.5032967925071716, -12.631189346313477, -6.657259464263916, -8.436777114868164, 0.27670082449913025, -4.7126145362854, -0.5352301597595215, 0.7188519239425659, 0.11066551506519318, -0.08106335252523422, -0.16980953514575958, -0.02025267481803894, -0.05749361962080002, -0.03560797870159149, -0.049105145037174225, -0.039781879633665085, -0.028657907620072365, -0.0255650132894516, -0.012615843676030636, -0.028547821566462517, -0.015431741252541542, -0.02047700248658657, -0.013934355229139328, -0.010024197399616241, -0.0028548662085086107, -0.01987415924668312, 0.009233676828444004, -0.10004228353500366, -0.006587276700884104, -0.016964592039585114, -0.020036770030856133, 0.0046965982764959335, -0.012692410498857498, 2.0321491319919005e-05, 0.0006681036902591586, -0.0015958241419866681, 0.020956890657544136, -0.0026077672373503447, -0.013216630555689335, -0.0019655381329357624, -0.006949405185878277, 0.02340608276426792, 0.0290359053760767, 0.006535497959703207, -0.010684910230338573, 0.014728620648384094, 0.014145178720355034, 2503.2267173314067, 0.05501570552587509, 5494.42862451604]",63,cat
4464,data/audio_cat-classification/NAYA_DATA_AUG1X/Fighting/YashLL_Cat0930Fit.mp3,cat,"[-206.52130126953125, 54.55226516723633, 2.371448278427124, -10.038825035095215, -0.42923882603645325, 7.253424167633057, 0.9859331846237183, 0.7673001885414124, 0.05817801132798195, 4.023047924041748, 2.5132176876068115, 6.130532741546631, 2.326350450515747, 1.6848505735397339, 1.777662992477417, 1.6417948007583618, 0.6255519390106201, -0.20411929488182068, 2.5417256355285645, 1.2780330181121826, -1.302700400352478, 0.18012520670890808, 0.8035451769828796, 0.49371275305747986, -0.1345275342464447, -0.07863050699234009, 0.10359183698892593, 0.13793592154979706, 0.014624135568737984, 0.18665656447410583, 0.08755216747522354, -0.03923039138317108, 0.0001903581287479028, -0.015760933980345726, 0.24203866720199585, 0.0991978794336319, -0.06638734042644501, 0.12541458010673523, 0.04254166781902313, 0.030353203415870667, -0.6401118636131287, 0.03770642727613449, 0.04442344233393669, 0.031643230468034744, -0.09767673909664154, -0.05569731816649437, 0.0771210640668869, 0.0506078340113163, -0.008720466867089272, 0.019374286755919456, -0.018352091312408447, 0.01005517691373825, 0.015036930330097675, 0.0804390236735344, -0.09690890461206436, -0.10081654042005539, 0.00251345825381577, 0.010506566613912582, 0.038335517048835754, 0.009332000277936459, 3733.6785064081237, 0.158549964427948, 7526.288629347278]",63,cat
3434,data/audio_cat-classification/NAYA_DATA_AUG1X/Angry/Cat_Angry1029.mp3,cat,"[-277.2606201171875, 128.20753479003906, 4.074403762817383, -14.283166885375977, -10.476226806640625, -0.771394670009613, -16.170875549316406, -7.295177459716797, -0.21764501929283142, 8.165797233581543, -11.996580123901367, -2.977449417114258, -0.4337245225906372, 5.42242956161499, 3.3873844146728516, 1.1880453824996948, 2.9302282333374023, 2.7918312549591064, -4.02962589263916, 4.639306545257568, 0.6184132695198059, -0.19483885169029236, 0.07073456794023514, 0.041559845209121704, -0.013595976866781712, -0.002682989928871393, -0.061362333595752716, -0.03848009929060936, 0.0023806095123291016, 0.05045628175139427, -0.0011331565910950303, 0.1386076658964157, 0.03759625554084778, -0.03286651149392128, -0.08445386588573456, -0.06536053866147995, -0.06752088665962219, 0.09711277484893799, -0.017627563327550888, 0.0907159075140953, -0.3984062671661377, -0.2037544548511505, 0.08120941370725632, 0.015727460384368896, -0.004031670745462179, -0.05446023494005203, -0.013982870616018772, -0.004633877892047167, -0.023484352976083755, -0.03167724609375, -0.013887407258152962, 0.039963725954294205, 0.04426056519150734, -0.02999306656420231, -0.06488828361034393, -0.043080899864435196, 0.009183369576931, 0.06733547896146774, -0.016000572592020035, -0.01631919853389263, 1510.6402792217887, 0.006894801743328571, 2545.8349993848424]",63,cat
3070,data/audio_cat-classification/NAYA_DATA_AUG1X/Angry/Cat_angry1024.mp3,cat,"[-259.5345764160156, 126.90531158447266, 2.6929235458374023, -11.94157886505127, -13.765351295471191, 7.044851303100586, -21.601205825805664, -14.355109214782715, -9.082575798034668, 6.034831523895264, -3.4895331859588623, -0.22931213676929474, -6.258044242858887, 0.11438248306512833, -3.862417221069336, -1.2737782001495361, 1.2475370168685913, 0.1549369990825653, 2.641059637069702, 13.004472732543945, 2.840116262435913, -0.3495388329029083, -0.29594799876213074, -0.32917481660842896, -0.0074226572178304195, -0.3514319062232971, -0.16635841131210327, -0.20472852885723114, -0.07012144476175308, 0.208176389336586, -0.0828341692686081, 0.16835704445838928, -0.003121110610663891, -0.009589482098817825, 0.014429807662963867, -0.03692067414522171, 0.042154710739851, 0.12043198943138123, -0.05391388013958931, -0.07989522814750671, -0.7668480277061462, 0.17447270452976227, -0.004296822007745504, 0.018812822178006172, -0.11634711176156998, -0.048999592661857605, -0.023497125133872032, -0.13775716722011566, 0.04366213455796242, -0.1570635288953781, 0.06886418908834457, -0.06864455342292786, -0.0009658735943958163, -0.04994141682982445, -0.04282364994287491, 0.00847299862653017, -0.06632208079099655, -0.018731318414211273, -0.01350571308284998, -0.0024076432455331087, 1774.5395126244812, 0.016702396795153618, 3474.783790717691]",63,cat
5379,data/audio_cat-classification/NAYA_DATA_AUG1X/Resting/cat_flickr01404.mp3,cat,"[-523.6815185546875, 50.697757720947266, 1.341198205947876, 7.105958461761475, -17.789295196533203, 9.526310920715332, -7.869335651397705, -1.8424558639526367, -20.218074798583984, -8.916376113891602, -16.550609588623047, 3.404480218887329, -11.541388511657715, -4.471860408782959, -13.933473587036133, -1.8662190437316895, -5.255625247955322, -0.02472713589668274, -6.97664737701416, -2.1222691535949707, -0.48749032616615295, -0.045155372470617294, -0.15479865670204163, 0.0852847620844841, 0.2349664568901062, -0.041163064539432526, 0.061510633677244186, 0.12105222791433334, -0.004050225950777531, -0.029042283073067665, 0.015744345262646675, -0.023652611300349236, 0.02461620233952999, -0.0690610408782959, -0.042810775339603424, 0.06378160417079926, 0.023586537688970566, 0.06065474450588226, 0.09594419598579407, -0.04425325244665146, -0.41974666714668274, -0.07580249756574631, -0.015335703268647194, 0.013746657408773899, 0.032777056097984314, 0.037989821285009384, -0.004678466822952032, -0.016771430149674416, 0.05552088841795921, -0.007043295539915562, 0.019610511139035225, -0.040667835623025894, -0.0016256277449429035, 0.021111449226737022, 0.052142031490802765, -0.02238313853740692, -0.02380622737109661, 0.008621441200375557, 0.047933802008628845, 0.0371343269944191, 3615.1781916390787, 0.14432257413864136, 7156.489724010678]",63,cat
5235,data/audio_cat-classification/NAYA_DATA_AUG1X/MotherCall/Last_addCat296Pill.mp3,cat,"[-460.8504333496094, 96.58320617675781, -3.6916134357452393, 1.339735984802246, 18.88279914855957, 22.951526641845703, 21.618635177612305, 10.092286109924316, 6.38178014755249, 6.741671085357666, 1.3604316711425781, 4.695015907287598, 1.3963383436203003, 1.0521553754806519, 1.0016634464263916, 3.7139437198638916, 4.802892208099365, 5.470034122467041, -2.5851128101348877, -0.18026944994926453, 2.4787116050720215, 0.6087259650230408, -0.0719413235783577, -0.061320699751377106, 0.08492696285247803, 0.1702849566936493, 0.1421845257282257, 0.04408770427107811, 0.007512033451348543, 0.021663114428520203, 0.024991005659103394, 0.04630101099610329, 0.02482922375202179, 0.034497592598199844, 0.012443908490240574, 0.008609225042164326, 0.013250638730823994, 0.0457950234413147, -0.017830865457654, 0.016344670206308365, -0.4525737166404724, -0.15108256042003632, 0.011067690327763557, -0.018137797713279724, -0.03911563381552696, -0.04211688041687012, -0.04450589045882225, -0.026169342920184135, -0.031935494393110275, -0.021543297916650772, 0.01906850002706051, 0.014513353817164898, 0.011247246526181698, -0.00015812579658813775, -0.004418433643877506, 0.010141919367015362, -0.021371548995375633, -0.01341735664755106, -0.005849378649145365, -0.011365019716322422, 2263.2775732630694, 0.035144027322530746, 4755.233001708984]",63,cat
763,data/audio_cat-classification/NAYA_DATA_AUG1X/Defence/Edit9043Hiss.mp3,cat,"[-435.9916076660156, 34.20860290527344, -11.606650352478027, 6.556167125701904, 10.347655296325684, 8.981590270996094, 2.6972243785858154, 1.1740095615386963, 6.341907978057861, 1.2444241046905518, 0.6395270228385925, 2.3588826656341553, 4.985110759735107, 5.030536651611328, 0.8555465340614319, 0.3542426824569702, 2.774968385696411, -1.2648228406906128, -1.1418514251708984, 0.8055270314216614, 10.760689735412598, 2.4725942611694336, -0.04465603455901146, -0.2225182056427002, 0.15158261358737946, 0.20732828974723816, 0.5192102193832397, 0.2109139859676361, -0.05306436866521835, 0.0719137117266655, -0.025044720619916916, -0.0008670760435052216, -0.24640409648418427, -0.0010727207409217954, 0.004605211783200502, -0.006513437256217003, -0.06717606633901596, 0.19892078638076782, -0.1099114641547203, -0.22107969224452972, -5.69374942779541, 0.7140361070632935, 0.22079645097255707, -0.16258051991462708, -0.11521360278129578, -0.10358136892318726, 0.04307198524475098, 0.09403883665800095, -0.1326231062412262, 0.14040924608707428, 0.1066608875989914, 0.04912896454334259, -0.19735024869441986, -0.12108815461397171, -0.007381885312497616, -0.03199285268783569, -0.1946098357439041, 0.057046446949243546, 0.0284228827804327, 0.07339835166931152, 3990.08781536201, 0.2223893105983734, 7436.307879192073]",63,cat
2770,data/audio_cat-classification/NAYA_DATA_AUG1X/Warning/LastEntry_cat1018Grl_aug1(1).mp3,cat,"[-169.9304962158203, 54.676490783691406, 18.699491500854492, 35.01924133300781, 37.810726165771484, -22.239063262939453, -15.65555191040039, -17.091764450073242, -0.45284444093704224, 4.328250885009766, -11.443181037902832, -8.990986824035645, -6.67995023727417, 6.8615875244140625, -8.172572135925293, -10.390924453735352, -7.264231204986572, -14.648432731628418, 0.9618785381317139, -3.917801856994629, 0.6477645039558411, 0.10608334094285965, 0.22102715075016022, -0.16374759376049042, -0.2737981379032135, 0.0019397222204133868, 0.011949232779443264, -0.038744013756513596, -0.06096932291984558, -0.09852001070976257, 0.12378936260938644, 0.08440230786800385, -0.16828687489032745, 0.01038306299597025, 0.0933242067694664, 0.02219768986105919, -0.024322640150785446, 0.003453267505392432, 0.0652308315038681, 0.11511874943971634, -1.30465829372406, -0.30838438868522644, 0.020620476454496384, -0.11110648512840271, -0.26890936493873596, 0.017844242975115776, 0.030823906883597374, -0.036928899586200714, 0.00025210200692526996, -0.11182133108377457, 0.09614720195531845, 0.10592739284038544, 0.020625591278076172, 0.05641958490014076, 0.08756972849369049, 0.10268643498420715, 0.02683304250240326, 0.050921984016895294, -0.0002557242987677455, -0.0981830433011055, 3629.7391417898866, 0.13152222335338593, 8291.373491890823]",63,cat
4275,data/audio_cat-classification/NAYA_DATA_AUG1X/Fighting/cat_flickr01338_aug1(1).mp3,cat,"[-210.52442932128906, 72.22784423828125, -37.08488845825195, 17.641544342041016, 6.267843723297119, 8.278911590576172, 1.1093922853469849, 2.361220121383667, 2.0754663944244385, 0.20420093834400177, 1.9608452320098877, -0.8312672972679138, 7.87930154800415, 7.58241605758667, -2.080768346786499, 0.6951303482055664, -3.716555118560791, 3.497204303741455, 1.7779719829559326, -4.928676605224609, -1.0166635513305664, -0.29426419734954834, 0.05953885242342949, 0.011217999272048473, -0.05354192852973938, -0.03025011532008648, 0.023079989477992058, -0.0018028855556622148, 0.035118672996759415, 0.0010907533578574657, -0.016938619315624237, -0.043054502457380295, -0.06811936944723129, -0.05740257725119591, -0.023764541372656822, 0.020953970029950142, 0.046856995671987534, 0.003515617921948433, -0.003066378179937601, 0.019265063107013702, -0.17708609998226166, 0.024990659207105637, -0.005233013536781073, 0.0001915246684802696, 0.034940242767333984, -0.013725516386330128, -0.02260427176952362, -0.010950830765068531, -0.014252876862883568, -0.017149996012449265, -0.011096307076513767, 0.017104383558034897, 0.02090460993349552, 0.0062725599855184555, 0.004948448855429888, -0.004805590491741896, -0.005137256346642971, 0.0013829466188326478, -0.004207315854728222, -0.013116960413753986, 2231.4469090203847, 0.0717855840921402, 3929.844640675896]",63,cat
2118,data/audio_cat-classification/NAYA_DATA_AUG1X/Mating/cat023.mp3,cat,"[-308.2716369628906, 132.0844268798828, -5.021820068359375, 16.92181396484375, 5.219384670257568, 7.526042461395264, -2.061126947402954, 0.971528172492981, 4.038322448730469, 4.199375629425049, -6.091053009033203, -3.0504415035247803, 7.573789596557617, 2.041661500930786, -6.56498908996582, -3.9067981243133545, -2.648219347000122, -8.784208297729492, -4.290417671203613, -7.439342021942139, 0.09908253699541092, -0.1135157123208046, 0.06637169420719147, -0.1220577210187912, 0.044040173292160034, -0.034048035740852356, -0.0628402903676033, 0.043478235602378845, 0.057689666748046875, 0.016818037256598473, -0.05264241248369217, 0.06043315678834915, 0.07091205567121506, 0.06784205138683319, 0.10582877695560455, -0.12456648051738739, -0.13494068384170532, -0.04434479773044586, -0.024052998051047325, -0.018089082092046738, -0.6583216190338135, -0.08683302253484726, 0.025784380733966827, -0.007683500647544861, 0.07825734466314316, -0.03229241818189621, 0.028310628607869148, -0.019530467689037323, 0.045028168708086014, 0.00576372817158699, 0.04595011845231056, 0.13406535983085632, 0.0673922672867775, -0.023127233609557152, -0.04615824297070503, -0.09273763746023178, 0.0016609845915809274, 0.10191400349140167, 0.10443252325057983, 0.054756179451942444, 1577.4912168043702, 0.008872289210557938, 2903.9380724676726]",63,cat
1844,data/audio_cat-classification/NAYA_DATA_AUG1X/Mating/cat03547_aug1(1).mp3,cat,"[-272.3759460449219, 70.2920150756836, 45.96078872680664, 21.29912757873535, 8.027053833007812, 4.816699028015137, 1.584504246711731, -0.8370696902275085, -1.1537353992462158, -2.5551512241363525, -0.6681683659553528, 2.8603665828704834, 4.048369884490967, 3.5623884201049805, 1.179816722869873, -2.0579071044921875, -4.653232097625732, -6.861757755279541, -6.860503673553467, -4.851360321044922, 0.09648336470127106, 0.09051159024238586, 0.07644291967153549, 0.006085285451263189, 0.008122480474412441, 0.07144279778003693, 0.055084776133298874, -0.0042425114661455154, 0.012541361153125763, -0.020844629034399986, -0.0253030713647604, 0.007227972149848938, 0.016670236364006996, -0.008954988792538643, -0.025045879185199738, -0.04169294610619545, -0.07719295471906662, -0.04233841598033905, -0.022214138880372047, -0.01901046745479107, -0.20240285992622375, -0.026867737993597984, -0.0376008003950119, -0.0354810394346714, -0.019645191729068756, 0.013208795338869095, 0.019414296373724937, 0.02951705828309059, 0.04414281249046326, -0.017534073442220688, 0.004083734005689621, -0.004309536889195442, -0.010952139273285866, 0.011281321756541729, 0.02097393572330475, 0.02713564969599247, 0.033656708896160126, 0.027756839990615845, 0.02199324406683445, 0.028887256979942322, 3008.062397472661, 0.03861886262893677, 7185.651524222676]",63,cat
2292,data/audio_cat-classification/NAYA_DATA_AUG1X/Mating/car_extcoll0154.mp3,cat,"[-410.1659851074219, 140.421630859375, -47.3929328918457, 74.4566879272461, -17.478113174438477, 6.367156982421875, 13.719340324401855, -14.93297290802002, 15.01815128326416, -8.9868803024292, 11.225457191467285, -1.2902404069900513, -5.64574670791626, 11.227143287658691, -10.921928405761719, 7.242981910705566, 3.6045711040496826, 0.45015138387680054, 6.921211242675781, -0.6606460809707642, 0.27946028113365173, 0.07325632870197296, -0.06636154651641846, 0.04912244901061058, -0.04092783108353615, 0.01774878054857254, 0.020633067935705185, -0.002137824660167098, 0.004936416167765856, -0.021936817094683647, 0.009631712920963764, -0.030412456020712852, -0.020565016195178032, 0.008295895531773567, 0.0015366885345429182, -0.01794363558292389, -0.10784562677145004, -0.1050126925110817, -0.0826493352651596, -0.06175796687602997, -0.23518282175064087, -0.07338032126426697, 0.07069583982229233, -0.02929001860320568, 0.018229035660624504, 0.0009835753589868546, 0.008828881196677685, 0.022696837782859802, -0.014220243319869041, -0.010181289166212082, -0.025747695937752724, -0.009271856397390366, -0.015051109716296196, -0.024777086451649666, -0.00774809718132019, -0.0018937707645818591, 0.04166146740317345, 0.02778102084994316, 0.021196948364377022, 0.03545570373535156, 1470.0922966197354, 0.00043045534403063357, 3464.5031789356694]",63,cat
2268,data/audio_cat-classification/NAYA_DATA_AUG1X/Mating/cat_youtube64371.mp3,cat,"[-474.5262451171875, 102.83747863769531, 28.740318298339844, 3.3164312839508057, -10.495828628540039, -8.874939918518066, -12.739575386047363, -0.007802839390933514, -9.864267349243164, -7.95758056640625, -9.126076698303223, -5.8938751220703125, -5.743210792541504, -4.353651523590088, -3.9163734912872314, -2.8990097045898438, -3.2799296379089355, -3.5815320014953613, -7.361413478851318, -4.576066493988037, -0.2506276071071625, -0.0781361386179924, 0.09885052591562271, 0.14570720493793488, 0.14021998643875122, 0.11159539967775345, 0.04548441246151924, 0.03499206155538559, 0.028068747371435165, -0.02038993313908577, -0.01616695336997509, -0.009419204667210579, 0.018907438963651657, -0.0022619497030973434, -0.0275450199842453, 0.0071028731763362885, -0.0240047387778759, -0.041929371654987335, -0.01315061841160059, -0.0016458596801385283, -0.09172523766756058, -0.10026346892118454, -0.013749673031270504, 0.04127746820449829, 0.030522342771291733, 0.011932013556361198, 0.007468522060662508, -0.007341318763792515, -0.0007477349136024714, 0.004881491884589195, 0.01008753851056099, 0.006652003154158592, 0.019007187336683273, -0.00021554395789280534, -0.012957480736076832, -0.002892937045544386, 0.000501022208482027, 0.007707229349762201, 0.009468451142311096, 0.017090316861867905, 2062.669641005227, 0.027773236855864525, 4142.909501238567]",63,cat
3691,data/audio_cat-classification/NAYA_DATA_AUG1X/HuntingMind/catchatter661.mp3,cat,"[-551.6430053710938, 61.07543182373047, 17.31979751586914, 17.180009841918945, 15.938163757324219, 6.630343914031982, 13.167680740356445, 8.319512367248535, 2.041621685028076, 8.787169456481934, 0.2723650634288788, 7.056077480316162, 7.358234405517578, 2.9881629943847656, 3.649634838104248, 1.434356927871704, 1.4585292339324951, 1.903476357460022, 1.9933347702026367, 8.344107627868652, 0.31623387336730957, -0.21910743415355682, -0.16319334506988525, -0.04163707047700882, 0.15269507467746735, 0.14675180613994598, 0.10178418457508087, 0.11850578337907791, 0.003725313115864992, -0.015697089955210686, 0.04110028222203255, 0.037489842623472214, 0.126322403550148, 0.033002663403749466, 0.09674544632434845, 0.10933062434196472, 0.07476895302534103, 0.10215658694505692, 0.0387585386633873, -0.09702985733747482, -0.5771584510803223, 0.14999844133853912, 0.0872531458735466, -0.10859248042106628, -0.07504373043775558, 0.0008427531574852765, 0.0012974542332813144, -0.0368427112698555, 0.051506709307432175, 0.03545607626438141, 0.036342352628707886, 0.007536826655268669, -0.05508933961391449, -0.03313203155994415, -0.04542216286063194, -0.028065430000424385, -0.005165748298168182, -8.139436249621212e-05, -0.036854665726423264, 0.006247585639357567, 3307.123306875977, 0.055503785610198975, 7855.556272110849]",63,cat
3857,data/audio_cat-classification/NAYA_DATA_AUG1X/HuntingMind/cat05_aug1(1).mp3,cat,"[-161.88009643554688, 71.66297912597656, -5.4695725440979, 0.4854263365268707, -2.003481864929199, -6.472691059112549, -7.797946453094482, -2.2939798831939697, -9.08338451385498, -7.7043890953063965, -6.968520164489746, 2.7021028995513916, -1.7685190439224243, 1.7186472415924072, -0.7011834383010864, -1.0050663948059082, -2.251767635345459, -2.9438655376434326, -3.4544825553894043, 1.4997755289077759, -0.9483582973480225, -0.26278066635131836, -0.05055506154894829, -0.0010028324322775006, 0.04189649596810341, 0.0162190031260252, 0.008823330514132977, -0.02454749494791031, 0.02434016391634941, 0.033951397985219955, 0.06497684121131897, 0.008537518791854382, 0.029176129028201103, 0.01120611373335123, 0.005688636563718319, -0.00853938702493906, -0.012823202647268772, -0.041795872151851654, 0.0009483395842835307, 0.011888897977769375, -0.055654317140579224, 0.09070023149251938, -0.029203884303569794, -0.028849083930253983, -0.02161797322332859, -0.020806631073355675, 0.01590769737958908, -0.007742419373244047, -0.011826151050627232, -0.009036066941916943, 0.005402150563895702, 0.024063801392912865, 0.01603468880057335, 0.010680151171982288, 0.0027059130370616913, -0.012277365662157536, 0.006605660077184439, 0.005959724076092243, 0.0053485301323235035, 0.014392550103366375, 2981.9415176287794, 0.08570399880409241, 6342.006019357935]",63,cat
5796,data/audio_cat-classification/NAYA_DATA_AUG1X/Resting/Online_Cat0433Purr.mp3,cat,"[-413.1376953125, 83.26010131835938, 59.26166915893555, 52.8303108215332, 33.366783142089844, 8.510656356811523, 9.116747856140137, 3.4958271980285645, -7.2784647941589355, -8.689958572387695, -13.636406898498535, -14.2052640914917, -18.352924346923828, -14.588741302490234, -8.1077299118042, -17.240938186645508, -11.606868743896484, -8.989875793457031, -9.32213306427002, -12.860342025756836, 1.5663871765136719, 0.3644437789916992, 0.07834649085998535, 0.15294604003429413, -0.004509435035288334, -0.021863169968128204, 0.05077781155705452, -0.029255345463752747, -0.08606322109699249, -0.03196612372994423, -0.02105998434126377, -0.05556131899356842, -0.06407208740711212, -0.03854897618293762, -0.007316890172660351, -0.026427390053868294, -0.003462758380919695, 0.02753503806889057, -0.006896842736750841, -0.01868780143558979, -0.6027920246124268, -0.17214412987232208, -0.12670375406742096, -0.12740518152713776, -0.10369456559419632, 0.01632709614932537, 0.017689084634184837, -0.015863532200455666, 0.029838066548109055, 0.07769417762756348, 0.05080002173781395, 0.027695538476109505, 0.05942979082465172, 0.030333945527672768, 0.017852356657385826, 0.04269145801663399, 0.022574836388230324, -0.004585742950439453, 0.018702959641814232, 0.03574690595269203, 1423.4601892484202, 0.002898632548749447, 3218.3610670637377]",63,cat
952,data/audio_cat-classification/NAYA_DATA_AUG1X/Defence/LastEntry_cat1325Hiss.mp3,cat,"[-155.731689453125, 94.25020599365234, -53.77309036254883, 28.92730712890625, -40.36826705932617, 23.825632095336914, -15.596129417419434, 14.0366849899292, -26.35243797302246, 0.06360680609941483, -18.802637100219727, 5.008236408233643, -16.906301498413086, 0.061711907386779785, -11.809952735900879, 3.025783061981201, -5.307080268859863, 4.034526348114014, -3.8421695232391357, 8.498136520385742, 5.027793884277344, 2.1628777980804443, -0.7137027382850647, -0.14849773049354553, 0.5916138291358948, 0.17789418995380402, -0.018922608345746994, -0.4889231026172638, -0.9302719831466675, -0.22492225468158722, 0.48403993248939514, 0.019797921180725098, -0.7199488282203674, -0.027073035016655922, 0.3188072741031647, 0.11914382874965668, -0.09258508682250977, 0.11547272652387619, -0.5256951451301575, -0.4843471050262451, -1.3721674680709839, -0.3512900471687317, 0.1459820568561554, -0.24637135863304138, 0.9345012307167053, -0.2652885615825653, 0.42573094367980957, -0.6416597366333008, 0.013084684498608112, -0.37481656670570374, 0.5256041288375854, -0.4226350784301758, 0.12890486419200897, 0.05804907903075218, 0.2985461354255676, -0.4528323709964752, -0.1155693382024765, -0.02570689097046852, 0.07618028670549393, -0.13982374966144562, 2526.252714786522, 0.022097380831837654, 4817.669677734375]",63,cat
3846,data/audio_cat-classification/NAYA_DATA_AUG1X/HuntingMind/catchatter343.mp3,cat,"[-408.1946716308594, 65.82170867919922, -4.238847732543945, 2.5358853340148926, 10.302994728088379, -7.972112655639648, 0.06156932935118675, -6.142294406890869, -3.763272285461426, -2.9015583992004395, -6.365971565246582, -3.852989673614502, -6.330047607421875, 0.7252801060676575, -4.804923057556152, -1.4983304738998413, -5.070478916168213, -4.54886531829834, -6.934324741363525, -5.013758659362793, 1.0567623376846313, -0.253791481256485, -0.14992183446884155, 0.06337636709213257, -0.02603919617831707, -0.07283186167478561, 0.08028373122215271, 0.03928488492965698, -0.047640252858400345, -0.0026583888102322817, -0.021674633026123047, -0.04576585814356804, 0.029967177659273148, -0.010191194713115692, -0.01704026386141777, 0.03697212412953377, -0.005416709464043379, -0.0037184159737080336, 0.021343881264328957, -0.06475578248500824, -0.29964083433151245, -0.02968425489962101, -0.10688012093305588, 0.12192565947771072, -0.02565724588930607, 0.047139182686805725, -0.07663055509328842, -0.013699308969080448, -0.027601303532719612, -0.017258895561099052, 0.033598147332668304, -0.005299095064401627, -0.04455379769206047, -0.015428360551595688, -0.03208942711353302, -0.022666005417704582, -0.013625571504235268, -0.020424267277121544, 0.014201845973730087, -0.007753289304673672, 3434.718848505644, 0.11482074111700058, 7903.74589399858]",63,cat
5095,data/audio_cat-classification/NAYA_DATA_AUG1X/MotherCall/Last_addCat135Pil.mp3,cat,"[-335.2868347167969, 83.6771011352539, -0.42114707827568054, 15.715394020080566, 14.333280563354492, 16.7283992767334, 16.595441818237305, 13.389204978942871, 8.874558448791504, 3.653308391571045, -0.24453069269657135, 1.9350974559783936, 3.4169344902038574, -2.40378737449646, -4.2561936378479, -0.11528050899505615, -1.7378864288330078, -1.650449275970459, 1.1244707107543945, 0.771213948726654, 0.6291226744651794, 0.015288975089788437, -0.053773727267980576, -0.03777635470032692, -0.013939852826297283, 0.024290388450026512, 0.04165735840797424, 0.011522418819367886, -0.028171198442578316, -0.01019426342099905, 0.010915023274719715, 0.02317507378757, 0.0101074343547225, -0.01421507727354765, -0.028512798249721527, -0.01276934053748846, -0.01531602256000042, -0.030234362930059433, -0.0360582135617733, 0.028457963839173317, -0.11748554557561874, 0.011888698674738407, -0.011781204491853714, -0.03432521969079971, 0.003779894905164838, 0.05069087818264961, 0.025363674387335777, -0.0057457443326711655, -0.021185141056776047, -0.02448815293610096, 0.003640577895566821, 0.005399280693382025, -0.024070588871836662, -0.033870235085487366, 0.0017963983118534088, 0.0038379253819584846, 0.00495042372494936, 0.0003014349495060742, -0.020964281633496284, -0.011562533676624298, 2444.536649393126, 0.04989614337682724, 5485.153842979754]",63,cat
3607,data/audio_cat-classification/NAYA_DATA_AUG1X/HuntingMind/cat_youtube01123 (2).mp3,cat,"[-313.8877868652344, 66.76762390136719, -27.805513381958008, 8.395700454711914, -4.048976421356201, -15.597652435302734, -7.82929801940918, -12.649026870727539, -0.7041684985160828, -10.31174373626709, -11.694902420043945, -4.658143997192383, -8.583819389343262, -9.622196197509766, -7.853983402252197, -2.2149317264556885, -4.347707271575928, -1.658096432685852, -0.9582132697105408, -5.227235794067383, 1.2122663259506226, 0.06988298147916794, -0.5572037696838379, -0.05716132000088692, -0.06230152025818825, -0.025073546916246414, -0.07372391223907471, -0.02479618974030018, 0.1209656298160553, -0.01548701897263527, -0.12109502404928207, -0.03852647915482521, 0.08993618190288544, 0.09560655057430267, 0.10903742909431458, 0.007624543737620115, -0.08432428538799286, -0.01995513029396534, -0.004132188390940428, 0.04657389223575592, -0.3627670407295227, -0.010191733948886395, -0.07955984026193619, 0.014455433934926987, 0.08801508694887161, 0.0680542066693306, 0.06173008307814598, 0.03022470697760582, 0.020929977297782898, 0.0008998766425065696, 0.026468846946954727, 0.0688880905508995, 0.06133132055401802, -0.005252361297607422, -0.07463771849870682, -0.1229158565402031, -0.008531359024345875, 0.06360875070095062, 0.037297263741493225, -0.05514729022979736, 3040.4631642133663, 0.09762468934059143, 6210.8440530711205]",63,cat
2799,data/audio_cat-classification/NAYA_DATA_AUG1X/Warning/LastEntry_cat1349Grl_aug1(1).mp3,cat,"[-204.4204559326172, 102.62562561035156, -46.29407501220703, 5.743817329406738, -29.16926383972168, 10.963900566101074, -10.398240089416504, 8.779216766357422, -19.142736434936523, 3.2374672889709473, -10.647235870361328, 1.6119582653045654, -17.335355758666992, 2.3938915729522705, -5.232339859008789, -2.780510902404785, -0.9997397661209106, 1.3458867073059082, -2.7436325550079346, 0.5639618039131165, 3.7074568271636963, -0.019474651664495468, -1.017424464225769, -0.21286402642726898, -0.537013590335846, 0.05608608201146126, 0.27274763584136963, -0.038577061146497726, -0.18528126180171967, -0.052659228444099426, 0.18351531028747559, -0.20147168636322021, -0.04306640475988388, -0.01300148293375969, -0.25761139392852783, -0.044337011873722076, 0.06057129427790642, -0.1224157065153122, -0.2229965180158615, 0.05616184324026108, -0.940004289150238, 0.04223557189106941, 0.26276150345802307, -0.12386354804039001, 0.10603348910808563, -0.0680091604590416, 0.15485642850399017, -0.0368925966322422, 0.17166653275489807, 0.016914483159780502, 0.1937827616930008, -0.0116624366492033, 0.0692933052778244, -0.10037324577569962, -0.04812830314040184, -0.1433458924293518, 0.07426334172487259, -0.03402823954820633, -0.011634034104645252, -0.022406011819839478, 2163.0854739102792, 0.014901606366038322, 4130.2119140625]",63,cat
4740,data/audio_cat-classification/NAYA_DATA_AUG1X/MotherCall/Edit9100Pill.mp3,cat,"[-256.26031494140625, 92.0480728149414, -29.2535457611084, 41.3659782409668, 4.346861839294434, 17.07834243774414, -8.013679504394531, 20.121177673339844, 3.727132797241211, 15.70533561706543, 7.630082607269287, -4.825262069702148, -5.957879066467285, -6.235998153686523, 8.63261890411377, -0.5499365925788879, -1.082887053489685, -1.048174500465393, 5.203309535980225, -6.054381370544434, 0.6416214108467102, 0.47108909487724304, 0.2525944113731384, 0.056227728724479675, -0.014040112495422363, 0.21884800493717194, 0.017752982676029205, -0.05592650920152664, -0.11722663789987564, 0.002305127214640379, -0.02798537351191044, -0.13631626963615417, -0.014657334424555302, 0.025183796882629395, 0.07572923600673676, 0.030453545972704887, 0.0699598416686058, 0.13089266419410706, -0.04518306627869606, -0.07984060049057007, -0.7156751751899719, -0.09598743170499802, 0.1061665415763855, -0.15274259448051453, 0.045024845749139786, -0.06755270808935165, -0.0038779880851507187, -0.10141012817621231, -0.0012478033313527703, -0.04316970705986023, -0.06579689681529999, -0.0340137705206871, -0.006649082526564598, 0.036801308393478394, 0.01770612969994545, 0.04044945538043976, 0.04618329182267189, 0.04422149807214737, -0.024084405973553658, 0.028831401839852333, 2051.65312481562, 0.0016200471436604857, 3869.952392578125]",63,cat
1002,data/audio_cat-classification/NAYA_DATA_AUG1X/Defence/cat_flickr01468.mp3,cat,"[-186.6366729736328, 28.425203323364258, -31.854095458984375, -16.004905700683594, -16.18182945251465, -4.93248176574707, -0.45083779096603394, -11.618557929992676, -6.537631511688232, 1.4919633865356445, 0.6338782906532288, -3.622551202774048, -11.123538970947266, 0.4731826186180115, -3.5501296520233154, -10.315267562866211, -3.5576295852661133, 0.4514651298522949, 1.8640315532684326, -4.25710916519165, -0.7605118155479431, -0.022944040596485138, -0.17128445208072662, 0.7240831851959229, 0.003875176189467311, 0.10479621589183807, -0.14283858239650726, 0.11897189915180206, 0.21538110077381134, -0.23298339545726776, -0.09445282816886902, 0.16522501409053802, 0.10363766551017761, -0.1527954787015915, -0.14431780576705933, 0.1103731095790863, 0.2757703959941864, -0.2115720510482788, -0.07716629654169083, 0.0903920978307724, -1.4350241422653198, -0.012047826312482357, 0.06504567712545395, 0.037464454770088196, 0.056545332074165344, 0.02803788334131241, -0.020538635551929474, 0.07964224368333817, 0.00018386883311904967, 0.013172738254070282, -0.014237075112760067, 0.010409963317215443, 0.020170865580439568, 0.03572346270084381, 0.07745466381311417, 0.036753881722688675, 0.1226358711719513, 0.1408478319644928, 0.12674951553344727, 0.10194618999958038, 3929.3018833289234, 0.21169808506965637, 7831.097090871711]",63,cat
221,data/audio_cat-classification/NAYA_DATA_AUG1X/Paining/Online_Cat0315hpy.mp3,cat,"[-399.95550537109375, 61.94611740112305, -22.39665985107422, -41.33757019042969, -37.468997955322266, -0.5145614743232727, 8.575448036193848, -14.395269393920898, -47.27199935913086, -17.16145896911621, -9.743178367614746, -4.319209098815918, -24.983911514282227, -17.87302017211914, -15.557977676391602, 15.832684516906738, 31.381305694580078, 41.160892486572266, 26.48558807373047, 6.952555179595947, -2.772857904434204, -2.431562662124634, 0.5840302109718323, 1.9224696159362793, 1.6746970415115356, 0.7104731798171997, 0.07096518576145172, 0.17493583261966705, 0.7111665606498718, 0.595257580280304, 0.04546276852488518, -0.12072599679231644, 0.23971615731716156, -0.283475399017334, -0.9828616380691528, -1.7131118774414062, -0.4899415969848633, 0.4387165606021881, 1.196547269821167, 1.1197528839111328, -1.3471592664718628, -0.7659611701965332, 0.0026385162491351366, -0.21087102591991425, -0.02490040473639965, 0.026532873511314392, 0.06733544170856476, -0.16118170320987701, 0.02774972841143608, 0.46477872133255005, 0.43311232328414917, 0.2768065929412842, 0.4327490031719208, 0.4122088551521301, 0.08395057916641235, -0.7119191288948059, -0.7054551243782043, -0.7174643874168396, -0.03374623507261276, 0.6933584213256836, 1429.8975952779115, 0.004374766256660223, 1648.4603218410325]",63,cat
101,data/audio_cat-classification/NAYA_DATA_AUG1X/Paining/cat_youtube01250_aug1(1).mp3,cat,"[-244.26507568359375, 87.15467834472656, -20.947397232055664, 26.670063018798828, -0.012594923377037048, -6.3147077560424805, 4.739067554473877, 6.649663925170898, 9.244096755981445, -5.718437194824219, 2.8344759941101074, -5.8694939613342285, 3.4390757083892822, 3.67631196975708, -4.158449649810791, 5.116304397583008, 4.14036750793457, 0.764277458190918, -6.398897647857666, -3.9791293144226074, -1.8635220527648926, -0.2080623060464859, 0.3143630027770996, -0.33205217123031616, 0.04787272587418556, 0.062397100031375885, -0.030494647100567818, -0.08450035005807877, 0.031067458912730217, 0.07262924313545227, -0.04811939224600792, 0.012402094900608063, 0.02474290318787098, 0.015147637575864792, 0.05200677365064621, -0.05825374275445938, -0.11682724207639694, -0.09472542256116867, -0.03636940196156502, 0.07876460999250412, -0.25124314427375793, -0.02705940045416355, 0.0012128320522606373, -0.05582911893725395, 0.009593136608600616, -0.005707662086933851, 0.019678570330142975, 0.02535889483988285, -0.04931658133864403, 0.02905639447271824, -0.017365513369441032, 0.03928030654788017, -0.001890665851533413, 0.019200999289751053, 0.009812906384468079, -0.06709732115268707, 0.02896176651120186, 0.014674047008156776, 0.0166937205940485, 0.008327764458954334, 1937.9748665470195, 0.10714906454086304, 3495.3426256092316]",63,cat
4362,data/audio_cat-classification/NAYA_DATA_AUG1X/Fighting/cat_flickr01338.mp3,cat,"[-185.87770080566406, 88.88334655761719, -38.96174621582031, 13.277876853942871, 6.514708042144775, 7.925377368927002, 3.304752826690674, 2.0379741191864014, 3.3923118114471436, 1.8484642505645752, 1.1615939140319824, -0.2524459958076477, -4.763094425201416, 10.096197128295898, 4.986155986785889, 3.9421708583831787, 1.7223635911941528, -4.325858116149902, 2.795825958251953, 3.511345386505127, 0.08334343880414963, 0.044978898018598557, -0.15825825929641724, -0.04082098603248596, -0.11437975615262985, -0.016726525500416756, 0.03707660734653473, 0.048467010259628296, 0.10265453159809113, -0.03399315103888512, -0.07979588955640793, -0.014192353002727032, -0.017383476719260216, -0.08941026777029037, -0.08755865693092346, -0.10037504881620407, -0.02894139289855957, 0.022250153124332428, -0.03962589055299759, 0.01652284525334835, -0.14790090918540955, 0.042773086577653885, -0.030676577240228653, -0.05182569846510887, 0.05226004123687744, 0.008848986588418484, 0.009281656704843044, 0.01657775603234768, -0.0016356881242245436, -0.022877147421240807, -0.06599439680576324, -0.009236223995685577, 0.03213143348693848, 0.009836804121732712, 0.010764094069600105, 0.007894118316471577, 0.0009659237693995237, -0.011746691539883614, 0.008213695138692856, 0.00042577364365570247, 2157.799495205626, 0.01148423831909895, 3797.8047224908387]",63,cat
1684,data/audio_cat-classification/NAYA_DATA_AUG1X/Happy/cat_139_aug1(1).mp3,cat,"[-334.45880126953125, 90.7823715209961, -78.25540161132812, -15.990955352783203, -14.746172904968262, 6.000572681427002, -21.10348129272461, 19.406719207763672, -9.476322174072266, 3.847259759902954, -8.89201831817627, -5.462425708770752, -10.388439178466797, 6.154093265533447, 8.653538703918457, 3.250370502471924, -1.5791782140731812, -2.5265860557556152, -4.517335891723633, -0.5844311714172363, -4.4892377853393555, -1.909554362297058, 1.0825546979904175, 0.23548956215381622, 0.1461421102285385, 0.15253368020057678, 0.3737853765487671, -0.24457456171512604, -0.006443395279347897, 0.24296629428863525, 0.24647970497608185, 0.0053365048952400684, 0.0581253357231617, -0.0033981630112975836, -0.23572158813476562, -0.1459859162569046, 0.01970142126083374, 0.3579607307910919, 0.085471011698246, -0.02074732445180416, -3.2576258182525635, -1.6753573417663574, 0.39901840686798096, 0.046896107494831085, 0.25735318660736084, -0.27587684988975525, 0.015407085418701172, 0.25580957531929016, 0.13100630044937134, -0.03861243650317192, 0.007931958884000778, 0.1574731469154358, -0.035842858254909515, -0.12769795954227448, -0.002695369068533182, -0.0022394040133804083, -0.14859233796596527, 0.21347181499004364, 0.0797487199306488, -0.0555792972445488, 1860.5368459202568, 0.07908368110656738, 2926.0117641715115]",63,cat
810,data/audio_cat-classification/NAYA_DATA_AUG1X/Defence/cat_flickr0124.mp3,cat,"[-221.85610961914062, 69.69615173339844, -23.251516342163086, 19.96929168701172, -5.290280342102051, -4.938601970672607, 9.608231544494629, 12.464239120483398, -8.197256088256836, 0.24045871198177338, -6.143355369567871, 8.298943519592285, -8.951303482055664, 13.852588653564453, -0.754298746585846, 0.192880779504776, 4.59238862991333, 0.3846389949321747, 2.5047826766967773, -1.719452142715454, 7.761016845703125, 0.2159988135099411, -0.39371153712272644, 0.07001833617687225, 0.10537554323673248, 0.09286808222532272, -0.06205179914832115, -0.32629361748695374, 0.04770345985889435, -0.13692809641361237, -0.04684358462691307, 0.023251749575138092, -0.0975324958562851, -0.09477468580007553, -0.1225723847746849, -0.07836093008518219, 0.06725682318210602, -0.11395981907844543, -0.03951949253678322, -0.10401317477226257, -2.52396297454834, -0.7912342548370361, 0.21625731885433197, -0.04964832216501236, -0.029850784689188004, -0.047789059579372406, -0.09391424059867859, -0.2471497654914856, 0.23136307299137115, -0.09091376513242722, -0.1441430151462555, -0.0220278762280941, 0.011069870553910732, 0.15455865859985352, -0.09176365286111832, 0.1061052605509758, 0.028716426342725754, 0.06255178898572922, 0.002833364065736532, 0.04501546174287796, 2969.8758078854635, 0.08439531922340393, 5747.2947340745195]",63,cat
3265,data/audio_cat-classification/NAYA_DATA_AUG1X/Angry/cat05_aug1(1).mp3,cat,"[-202.20516967773438, 135.42527770996094, -3.646765947341919, -9.615665435791016, -3.0029022693634033, 0.8688430786132812, -6.632784843444824, -11.520496368408203, -3.747527837753296, 1.0031523704528809, -1.06436288356781, 1.0713648796081543, -1.7320678234100342, -3.447145700454712, 0.2609820067882538, -6.4000773429870605, -5.194273948669434, -1.112636685371399, -4.206962585449219, -3.8018007278442383, -0.43141117691993713, -0.3643853962421417, -0.15055368840694427, 0.043413206934928894, 0.08984314650297165, 0.06672126799821854, 0.107631616294384, 0.25768283009529114, 0.2060626894235611, 0.021272331476211548, -0.07412279397249222, -0.059862103313207626, 0.06978030502796173, 0.08166281878948212, 0.012585282325744629, 0.06937127560377121, 0.033378008753061295, -0.04966852813959122, 0.03894035890698433, 0.013744285330176353, -0.32786792516708374, 0.05828893557190895, 0.00941761489957571, 0.08990741521120071, 0.02817407064139843, -0.0060581848956644535, -0.052002571523189545, -0.026899652555584908, 0.034090761095285416, -0.028779594227671623, -0.0017871897434815764, -0.026800071820616722, -0.031817272305488586, 0.015195787884294987, -0.04072387516498566, -0.00744176609441638, -0.006661343853920698, -0.012978031300008297, -0.002253012266010046, 0.018978208303451538, 1343.7770976437075, 0.004587483126670122, 2281.7854447798295]",63,cat
1978,data/audio_cat-classification/NAYA_DATA_AUG1X/Mating/YashLL_Cat0210Mating.mp3,cat,"[-485.4695739746094, 100.19564056396484, 51.916107177734375, 13.672653198242188, -10.740212440490723, -21.939189910888672, -29.511070251464844, -16.757829666137695, -18.738126754760742, -9.366791725158691, -16.254480361938477, -4.278014659881592, -10.397198677062988, -11.455862045288086, -12.973050117492676, -11.683480262756348, -10.165397644042969, -8.551674842834473, -6.149507999420166, -8.24075698852539, 0.30877968668937683, 0.10339120030403137, -0.06721964478492737, 0.02240801975131035, -0.03648826852440834, -0.009577061980962753, -0.031091993674635887, -0.034728195518255234, 0.015373344533145428, -0.016605503857135773, -0.060525234788656235, -0.06805121153593063, -0.05533340573310852, -0.04970705136656761, -0.0357024259865284, -0.011309370398521423, -0.005341623909771442, 0.018376154825091362, -0.02808644436299801, -0.040616340935230255, -0.25049516558647156, 0.00368613563477993, 0.038132891058921814, -0.019468363374471664, 0.015733519569039345, 0.03464405983686447, 0.058247458189725876, 0.05391480773687363, 0.03321082517504692, 0.02001662366092205, 0.04231622815132141, 0.03503447771072388, 0.04232821241021156, 0.03225894644856453, 0.025559905916452408, 0.025239255279302597, -0.013648699037730694, 0.00023583053553011268, 0.022307172417640686, 0.008263858035206795, 2062.7723762149913, 0.03734636679291725, 4945.036764705882]",63,cat
3221,data/audio_cat-classification/NAYA_DATA_AUG1X/Angry/cat02_aug1(1).mp3,cat,"[-281.3086242675781, 96.69861602783203, -15.205214500427246, -13.37000560760498, -0.27250853180885315, 3.6081912517547607, -14.952706336975098, -11.359114646911621, 7.352281093597412, 9.693187713623047, 3.7602875232696533, -2.2281250953674316, -6.444477558135986, 0.2364359200000763, 1.6280019283294678, -4.992450714111328, 1.597644329071045, -2.6177315711975098, -6.876084804534912, -10.169221878051758, 1.9207512140274048, 0.7349177598953247, -0.44263508915901184, -0.2418082356452942, -0.16746924817562103, -0.31404173374176025, -0.39842161536216736, -0.15908782184123993, 0.0694911852478981, -0.002229016274213791, -0.010621339082717896, 0.09959457069635391, -0.016879979521036148, -0.08199062198400497, -0.07017507404088974, -0.052246883511543274, 0.0267107505351305, 0.10170555859804153, -0.013469119556248188, -0.18272027373313904, -0.6412246227264404, -0.21962545812129974, 0.019094806164503098, 0.16554833948612213, 0.045577459037303925, 0.012646450661122799, 0.16177929937839508, 0.12865155935287476, 0.038564372807741165, 0.005993476137518883, 0.04003202170133591, 0.08241409063339233, 0.07569294422864914, -0.03294478356838226, -0.02995244599878788, -0.03715624660253525, 0.02066575177013874, 0.08258064836263657, 0.035581499338150024, 0.01682507060468197, 2028.5389748825944, 0.013017550110816956, 3798.45703125]",63,cat
3867,data/audio_cat-classification/NAYA_DATA_AUG1X/HuntingMind/Cat_YoutubeLLT42418_aug1(1).mp3,cat,"[-226.7909393310547, 97.29791259765625, -24.48552131652832, 7.385738849639893, 13.378619194030762, 12.625804901123047, 8.169027328491211, 12.116934776306152, 2.0122010707855225, -0.6716774106025696, -6.250653266906738, 5.3566484451293945, 8.782919883728027, -2.0493805408477783, -0.9034234881401062, -1.206173300743103, -0.26303577423095703, -2.204761505126953, -4.972784519195557, 1.4642215967178345, -0.3696950376033783, -0.04740278050303459, 0.10410074144601822, -0.006395268253982067, -0.000175207169377245, -0.0210191011428833, -0.011077918112277985, -0.030698200687766075, -0.00031300840782932937, 0.02642056532204151, 0.030775705352425575, -0.020703786984086037, -0.013894299976527691, 0.0019728082697838545, -0.0151908528059721, -6.692291935905814e-05, 0.015374421142041683, 0.0017335141310468316, 0.012254482135176659, -0.0017141624120995402, 0.29531344771385193, 0.03864465653896332, -0.06328641623258591, 0.010592727921903133, 0.00024959532311186194, 0.016759468242526054, 0.004270109813660383, 0.023460568860173225, -0.0018693971214815974, -0.01627262867987156, -0.02125762589275837, 0.013177668675780296, 0.007360153365880251, -0.002986508421599865, 0.00749569246545434, -0.0009816669626161456, -0.010723595507442951, -0.0009259420330636203, -0.006800295785069466, 0.001854869187809527, 1907.512005749936, 0.0866093635559082, 3436.4874167520493]",63,cat
964,data/audio_cat-classification/NAYA_DATA_AUG1X/Defence/LastEntry_cat1307Hiss_aug1(1).mp3,cat,"[-142.5766143798828, 70.23664093017578, -44.69865798950195, 22.222625732421875, -20.75088119506836, -1.2971595525741577, -12.867731094360352, 6.630495548248291, -7.868677139282227, 4.82118558883667, -4.052670001983643, -6.799261093139648, -4.507599830627441, -5.576096534729004, 4.792059421539307, -0.7963060736656189, -1.5368444919586182, -3.4287948608398438, -0.8470543026924133, -3.158945322036743, 3.6370339393615723, 0.21024252474308014, -1.0980808734893799, 0.25388312339782715, -0.4225006103515625, 0.062182214111089706, -0.057569026947021484, 0.19489340484142303, -0.3013589680194855, -0.44653114676475525, -0.37696370482444763, 0.16291067004203796, -0.03570815548300743, 0.029648279771208763, 0.3770577907562256, -0.16853173077106476, -0.16748325526714325, -0.19779223203659058, -0.021292338147759438, -0.07618734985589981, -1.9289674758911133, -0.6099482774734497, 0.4954562485218048, 0.41234543919563293, 0.41679906845092773, 0.37726208567619324, 0.05813426151871681, -0.1723124086856842, -0.2452974021434784, -0.26124027371406555, 0.044224437326192856, 0.19191031157970428, 0.009505318477749825, -0.1589406132698059, -0.17415949702262878, -0.0789262056350708, -0.0880126953125, -0.1100548803806305, 0.051965948194265366, -0.0681687742471695, 2935.6473021452503, 0.09878941625356674, 5471.9835783305925]",63,cat
5430,data/audio_cat-classification/NAYA_DATA_AUG1X/Resting/LastEntry_cat1218Purr (2).mp3,cat,"[-414.9393310546875, 143.2270050048828, 51.28927230834961, -12.641264915466309, -11.794184684753418, -4.114991664886475, -18.54901123046875, -17.376571655273438, -0.05973079800605774, 0.9937228560447693, 4.907425880432129, -8.18628215789795, -11.93924331665039, -8.097594261169434, -11.235688209533691, -6.034183502197266, -6.996301174163818, -4.870946884155273, -3.5175092220306396, -8.166136741638184, 0.112289659678936, 0.06381293386220932, 0.0608924925327301, -0.03872602432966232, 0.007268130779266357, 0.021015889942646027, -0.0003107023367192596, -0.09614179283380508, -0.05028017982840538, -0.0005309557891450822, 0.002036541700363159, 0.014764525927603245, -0.03226472809910774, 0.0133729362860322, -0.09860250353813171, -0.05131419748067856, -0.023233074694871902, 0.041023045778274536, -0.008731318637728691, -0.02080192044377327, -0.041920870542526245, -0.19738516211509705, -0.0006170416017994285, 0.004908408969640732, 0.03217212110757828, -0.032769154757261276, -0.0379784069955349, 0.06313801556825638, 0.013314112089574337, 0.06018881872296333, -0.029020385816693306, 0.045967865735292435, -0.010158568620681763, -0.015985803678631783, 0.03225431963801384, -0.0038437629118561745, 0.011854864656925201, -0.0036895943339914083, -0.0014294534921646118, -0.011626838706433773, 1657.5231146675358, 0.014063438400626183, 3109.0177001953125]",63,cat
4599,data/audio_cat-classification/NAYA_DATA_AUG1X/Fighting/car_extcoll0301_aug1(1).mp3,cat,"[-218.38644409179688, 61.05046463012695, -72.31481170654297, 13.854949951171875, -2.171745538711548, -9.81316089630127, 14.381030082702637, -0.24670016765594482, -2.7450270652770996, 1.904829740524292, -6.273412227630615, -8.901956558227539, -3.329941987991333, -1.709051489830017, -0.2856106460094452, 1.8687161207199097, -1.7220584154129028, -2.5081331729888916, 0.1906224936246872, 0.7779130935668945, 5.184948921203613, 1.2728252410888672, -0.1968977302312851, 0.230008065700531, -0.24203667044639587, -0.38504675030708313, 0.06607618927955627, 0.021740173920989037, 0.06935985386371613, -0.13047859072685242, -0.24528472125530243, -0.0434650294482708, -0.10721701383590698, -0.17656657099723816, 0.0707181915640831, 0.06659107655286789, -0.12693773210048676, -0.04590201750397682, -0.013862657360732555, -0.015526365488767624, -0.5782966017723083, 0.006233224645256996, 0.28702351450920105, -0.03356087952852249, 0.056189242750406265, 0.022619007155299187, -0.04530320316553116, 0.001233391696587205, -0.001432158169336617, 0.05106621980667114, 0.0027723757084459066, -0.002949510235339403, 0.010213978588581085, 0.04247443005442619, 0.03259889781475067, -0.009673879481852055, 0.010115008801221848, 0.02403612621128559, 0.007353402674198151, 0.019703296944499016, 2271.3475877480537, 0.15098246932029724, 3426.0272686298076]",63,cat
4180,data/audio_cat-classification/NAYA_DATA_AUG1X/Fighting/YashLL_CONF_Cat0261Fit (6).mp3,cat,"[47.86345672607422, 11.781332015991211, -10.09800910949707, -23.728723526000977, -1.690982460975647, 1.694541573524475, -22.36762237548828, 9.789299011230469, -4.272270202636719, -5.391800403594971, -2.3778886795043945, -11.780706405639648, 1.583707332611084, -3.1203227043151855, -2.8023433685302734, 0.24549195170402527, -7.996097564697266, 3.6405773162841797, -2.601257801055908, 5.08629035949707, -0.03306877613067627, -0.42910706996917725, 0.178351491689682, 0.1800267994403839, 0.08903659135103226, 0.1044236347079277, -0.029084905982017517, 0.026405273005366325, 0.002037033438682556, -0.0724383294582367, 0.0751037746667862, 0.11163879930973053, 0.20177820324897766, 0.1570291817188263, 0.06668184697628021, 0.07318215072154999, 0.054042451083660126, -0.10853712260723114, -0.09502782672643661, -0.13232171535491943, -0.5262505412101746, 0.030107541009783745, 0.03529108315706253, 0.06278330087661743, 0.04217110574245453, -0.001128997653722763, 0.03661264479160309, -0.01794089376926422, -0.11949804425239563, -0.024844206869602203, -0.033826880156993866, -0.0443948432803154, 0.07067811489105225, 0.007304437458515167, 0.06555528938770294, 0.020509513095021248, -0.04395655542612076, 0.006449393928050995, -0.011721407994627953, 0.07843802124261856, 4436.658932759074, 0.06878354400396347, 8018.090057373047]",63,cat
5231,data/audio_cat-classification/NAYA_DATA_AUG1X/MotherCall/Cat_pills0117.mp3,cat,"[-284.24810791015625, 55.918434143066406, -2.8260550498962402, 32.586795806884766, 7.623389720916748, 31.30253791809082, 6.408441543579102, -1.0283381938934326, 6.880358695983887, -6.645536422729492, 2.769186496734619, 9.526583671569824, -5.244134426116943, -9.879672050476074, 6.581744194030762, -1.096002459526062, -6.327555179595947, 1.0525230169296265, -1.495788335800171, -3.018160343170166, 0.8996968865394592, -0.1931387335062027, -0.09812451153993607, 0.1802842915058136, -0.09324232488870621, 0.0355803519487381, 0.045301660895347595, 0.04028141126036644, 0.08151604235172272, -0.09398217499256134, -0.0536152608692646, -0.042462196201086044, 0.0970621183514595, 0.0005023198900744319, -0.022468259558081627, 0.11250589042901993, 0.03751908987760544, -0.08675897121429443, 0.062285229563713074, 0.15271106362342834, -0.6351543664932251, 0.05574287101626396, 0.08467794209718704, -0.03959755226969719, -0.026511799544095993, 0.04857897385954857, -0.05456225574016571, -0.060872290283441544, 0.012821568176150322, 0.05555400252342224, -0.03303799778223038, -0.023236794397234917, 0.025011539459228516, 0.04946427047252655, 0.06422173231840134, 0.060188330709934235, -0.015149235725402832, 0.04264631122350693, -0.041309479624032974, -0.06995631009340286, 3121.123064913341, 0.026808083057403564, 5639.618278952206]",63,cat
465,data/audio_cat-classification/NAYA_DATA_AUG1X/Paining/Online_Cat0355hlp.mp3,cat,"[-235.3507080078125, 114.37291717529297, -55.69231033325195, 43.15960693359375, -16.20058250427246, 10.088897705078125, 18.48076820373535, -6.474832534790039, 15.995917320251465, -12.171107292175293, 1.8487591743469238, 0.27911779284477234, -1.430190086364746, 25.41190528869629, 13.244961738586426, 15.004632949829102, 2.715471029281616, -7.827305316925049, -4.496708393096924, -13.671717643737793, 0.8189906477928162, 0.2727830708026886, 0.04519772529602051, -0.17320068180561066, -0.28830137848854065, -0.10743224620819092, -0.025840459391474724, 0.08108196407556534, -0.103567935526371, -0.3288087546825409, -0.1524171531200409, -0.18993845582008362, -0.21466587483882904, 0.1173926591873169, 0.2667466998100281, 0.1857854276895523, 0.16243775188922882, 0.0831027626991272, -0.10483577102422714, -0.2015196681022644, -0.17613576352596283, -0.01807234436273575, 0.28426697850227356, -0.05152036249637604, 0.062132932245731354, -0.0705428197979927, -0.0744669958949089, 0.022408341988921165, -0.06650788336992264, -0.015695972368121147, -0.024805409833788872, 0.007001284975558519, -0.04643955081701279, -0.054835014045238495, 0.040474992245435715, -0.05454582720994949, -0.019632255658507347, 0.022706564515829086, 0.025053517892956734, 0.08615101873874664, 1622.8993977627401, 6.793011561967432e-05, 2731.1017335766423]",63,cat
3562,data/audio_cat-classification/NAYA_DATA_AUG1X/HuntingMind/trill02989_aug1(1).mp3,cat,"[-233.775146484375, 80.87731170654297, 26.67441177368164, 17.277156829833984, 4.232377529144287, 10.530902862548828, 5.761668682098389, 1.1874994039535522, 0.029051490128040314, -1.9945980310440063, -1.1942236423492432, 1.2829689979553223, -0.3959542214870453, -2.1624743938446045, 5.519265174865723, 3.0853214263916016, 2.6446080207824707, 5.7840070724487305, 3.73414945602417, 1.876078724861145, 0.5646228194236755, 0.14207351207733154, -0.09996455907821655, 0.07066753506660461, -0.03352339565753937, -0.0650741383433342, -0.09220772236585617, 0.06217918172478676, 0.10746458917856216, 0.08682630211114883, 0.011292127892374992, 0.05001838132739067, 0.09907444566488266, -0.08696284145116806, -0.08128808438777924, 0.06409657001495361, 0.13776931166648865, 0.12934966385364532, -0.07054982334375381, -0.06514916568994522, -1.0307077169418335, -0.4102216958999634, 0.1008882150053978, 0.14502044022083282, 0.1039644107222557, 0.007622494827955961, 0.027443625032901764, 0.09283062070608139, 0.04649856686592102, 0.029362916946411133, 0.09868083149194717, 0.046709466725587845, 0.0694674476981163, 0.08354989439249039, -0.12285951524972916, -0.06687889248132706, 0.05841590091586113, 0.056034110486507416, 0.009865937754511833, 0.04860556125640869, 2894.133374944233, 0.04781249165534973, 6968.354611280488]",63,cat
2763,data/audio_cat-classification/NAYA_DATA_AUG1X/Warning/Edit9009Grl.mp3,cat,"[-376.34033203125, 79.79215240478516, 2.750908851623535, 15.191883087158203, -5.958932876586914, -3.6466786861419678, 1.837505578994751, -10.437776565551758, 5.0588579177856445, -14.862998008728027, 9.369962692260742, -12.665657043457031, 9.518500328063965, -7.067352771759033, 1.1866666078567505, -7.009547710418701, -3.3997859954833984, -3.074183702468872, -7.4518351554870605, 3.330928087234497, 5.414644241333008, 0.718612790107727, -0.11100181192159653, 0.012549789622426033, -0.17299784719944, -0.05397900566458702, 0.02101627178490162, -0.1115824356675148, 0.00451465742662549, -0.13911034166812897, 0.10453003644943237, -0.16437053680419922, -0.028878089040517807, -0.025135651230812073, -0.07371575385332108, -0.039040472358465195, 0.013458658941090107, -0.025011956691741943, -0.08784976601600647, -0.04226261004805565, -3.237354278564453, -0.3206467628479004, 0.08300986140966415, -0.1537298858165741, -0.052293937653303146, -0.035211995244026184, -0.007743479683995247, 0.10195068269968033, -0.08637519925832748, 0.07206124067306519, -0.03136702626943588, 0.051850326359272, -0.04748246818780899, 0.09528354555368423, -0.093781478703022, 0.024168945848941803, 0.04175485670566559, -0.008279519155621529, 0.07275395095348358, -0.033943116664886475, 3111.9791687361794, 0.08757930994033813, 6729.1259765625]",63,cat
3218,data/audio_cat-classification/NAYA_DATA_AUG1X/Angry/cat_103_aug1(1).mp3,cat,"[-299.0361022949219, 56.801151275634766, -16.09867286682129, -15.92334270477295, -14.525737762451172, -7.0511651039123535, -13.482734680175781, -7.671142101287842, -2.4587717056274414, -8.167550086975098, -11.179462432861328, -9.555591583251953, -8.043680191040039, -4.150386810302734, 1.5366113185882568, 3.9955532550811768, 3.4114139080047607, 1.5946303606033325, 1.0679724216461182, -4.553008079528809, -0.11552760004997253, -0.046774283051490784, 0.0461377277970314, 0.006619947496801615, -0.024117838591337204, -0.04342777281999588, -0.03869479149580002, -0.006582100410014391, -0.04233482852578163, -0.040270525962114334, 0.0024074323009699583, -0.0008173117530532181, 0.0309098232537508, 0.03621792793273926, 0.03203384950757027, 0.019127054139971733, -0.010144751518964767, -0.0812414288520813, -0.044603604823350906, -0.03286163881421089, 0.055107373744249344, 0.0744432806968689, 0.011282882653176785, 0.0015973723493516445, 0.006804519332945347, 0.0099404351785779, 0.01821942999958992, 0.013944654725492, 0.012651595287024975, 0.0005532335489988327, -0.014464550651609898, 8.828722639009356e-05, 0.00034559302730485797, 0.004055780824273825, 0.022232655435800552, 0.014856778085231781, -0.0009076356654986739, -0.005621205549687147, -0.007848022505640984, 0.008622371591627598, 3118.8822782461107, 0.12453951686620712, 6582.9989218298415]",63,cat
4949,data/audio_cat-classification/NAYA_DATA_AUG1X/MotherCall/Cat_pills0145_aug1(1).mp3,cat,"[-176.41921997070312, 114.39738464355469, 9.07658863067627, 25.830114364624023, 5.81478214263916, 18.138864517211914, -5.875542640686035, -0.7836762070655823, 0.6620907783508301, 0.4068799614906311, -2.8080837726593018, -0.7286368608474731, -1.9073779582977295, -2.5303289890289307, -5.716907978057861, -3.7332723140716553, -1.6123443841934204, -7.334672927856445, 0.5720894932746887, -4.838850021362305, -0.732621967792511, 0.3396282196044922, -0.10392213612794876, -0.2850901484489441, 0.2558330297470093, -0.21890327334403992, -0.05415836349129677, 0.08448728919029236, -0.0009657049085944891, -0.31006327271461487, 0.19595859944820404, 0.17091131210327148, -0.33828631043434143, -0.17539344727993011, 0.10792583227157593, -0.20954643189907074, 0.1308814436197281, -0.0173992570489645, -0.16261154413223267, 0.32623741030693054, -1.1079541444778442, 0.129586324095726, 0.1060914695262909, -0.016668202355504036, 0.07282295823097229, -0.03068527951836586, -0.08656062930822372, -0.1173478215932846, 0.06339290738105774, 0.00848934892565012, 0.10347110778093338, 0.006121954880654812, 0.05173952877521515, 0.1372227519750595, 0.009898717515170574, -0.0476834736764431, 0.010468886233866215, 0.1518898457288742, -0.12600547075271606, 0.11147117614746094, 1913.3225227725954, 0.007760607171803713, 3920.442626953125]",63,cat
80,data/audio_cat-classification/NAYA_DATA_AUG1X/Paining/Cat_YoutubeLLT42327_aug1(1).mp3,cat,"[-117.375, 52.92353057861328, -24.902318954467773, -6.6933369636535645, -18.2900333404541, -21.205852508544922, -18.34625816345215, -17.533309936523438, -15.827840805053711, -8.648794174194336, -10.282519340515137, -16.104143142700195, -14.0860013961792, -10.361093521118164, -4.042681694030762, -9.819473266601562, -6.686814308166504, -4.721493244171143, -2.1898436546325684, -6.032220840454102, 0.7642346620559692, 0.046337492763996124, 0.013148879632353783, 0.06717140972614288, -0.08209346234798431, -0.05106072500348091, 0.06901958584785461, 0.016113203018903732, -0.014736921526491642, -0.05585810914635658, 0.02314620465040207, -0.023042669519782066, -0.04566444829106331, -0.10025427490472794, -0.09647690504789352, -0.015919512137770653, 0.07454386353492737, -0.07975323498249054, -0.09991613030433655, 0.08771469444036484, -0.22530029714107513, 0.04783085733652115, 0.0551411472260952, 0.07722466439008713, 0.04294437915086746, -0.004329002927988768, -0.024124424904584885, 0.027187734842300415, 0.035550832748413086, 0.0008479270036332309, -0.009135443717241287, -0.01224041823297739, 0.02916833944618702, 0.014185680076479912, -0.017309071496129036, -0.022943761199712753, 0.02032662369310856, 0.024641528725624084, -0.06614567339420319, -0.052784208208322525, 3172.177277460163, 0.038050632923841476, 6066.196954900568]",63,cat
1042,data/audio_cat-classification/NAYA_DATA_AUG1X/Defence/Edit9065Hiss_aug1(1).mp3,cat,"[-187.1454315185547, -9.080687522888184, -1.6672707796096802, -24.587928771972656, -7.157725811004639, -18.088651657104492, -13.608450889587402, -12.95796012878418, -14.398710250854492, -10.434256553649902, -10.697489738464355, -3.0675525665283203, -2.2936923503875732, 0.8486390113830566, 1.4676876068115234, -1.0556730031967163, -2.4926302433013916, -3.703268051147461, -1.5212570428848267, -0.2533726990222931, -0.22532682120800018, -0.4539664387702942, -0.18241539597511292, -0.35556015372276306, 0.2895655035972595, 0.1730927973985672, 0.07247992604970932, 0.14591869711875916, -0.052714426070451736, -0.08672532439231873, -0.014460628852248192, -0.012354525737464428, -0.08799739927053452, -0.04972781613469124, -0.05173984915018082, 0.15305854380130768, 0.2837276756763458, 0.06303882598876953, -0.07688367366790771, -0.05533089488744736, -3.0630223751068115, -0.5456954836845398, -0.19955570995807648, 0.18414224684238434, 0.20810329914093018, 0.1878705471754074, 0.31133049726486206, 0.13815273344516754, 0.13709184527397156, 0.11902328580617905, 0.12476802617311478, 0.13167254626750946, 0.22002732753753662, 0.20684824883937836, 0.07599921524524689, 0.08910657465457916, 0.06366411596536636, 0.02373712696135044, 0.06332316994667053, -0.04965544864535332, 5728.057020319046, 0.309709757566452, 9642.372602982954]",63,cat
1420,data/audio_cat-classification/NAYA_DATA_AUG1X/Happy/cat_85.mp3,cat,"[-238.5106201171875, 82.95536804199219, -98.26264190673828, -29.000581741333008, -20.320045471191406, 24.27164649963379, -44.1678352355957, 16.2791748046875, -6.066108703613281, -4.299884796142578, 15.829936027526855, -11.220730781555176, -3.991521120071411, -20.146886825561523, -1.7825069427490234, 6.783035755157471, -2.275388717651367, -0.621015727519989, 10.007335662841797, 17.469539642333984, 1.6848524808883667, -0.5497623085975647, -1.450233817100525, 0.9354653358459473, 0.43725886940956116, -0.34209784865379333, -0.34396496415138245, -0.20524883270263672, -0.011073756031692028, -0.17968696355819702, -0.12721215188503265, 0.2319566011428833, 0.25612273812294006, -0.18791870772838593, 0.11334899812936783, -0.009779602289199829, -0.5329463481903076, -0.23851215839385986, -0.6115559935569763, -0.0021181900519877672, -2.9427051544189453, -0.47936365008354187, 1.135175108909607, 0.33125367760658264, 0.4757882058620453, -0.20211924612522125, 0.5474128723144531, -0.10729966312646866, -0.23194579780101776, -0.08878549188375473, -0.2921130359172821, 0.006835669279098511, 0.028226494789123535, 0.11935114860534668, 0.08331666141748428, -0.05706353485584259, -0.1591200977563858, 0.3397838771343231, 0.0945863127708435, -0.09986115247011185, 2099.3918138310614, 0.0015668215928599238, 3401.7974853515625]",63,cat
2569,data/audio_cat-classification/NAYA_DATA_AUG1X/Warning/cat_flickr01466.mp3,cat,"[-313.71588134765625, 94.02685546875, 32.86903381347656, 10.068191528320312, 7.318737506866455, 1.456311583518982, 0.7216858863830566, 2.1298558712005615, -0.07489493489265442, -1.2237651348114014, -5.091135025024414, -3.7579290866851807, -1.3241673707962036, -1.8404804468154907, -3.7845966815948486, -3.990947961807251, -2.239509344100952, 1.862432599067688, 1.3028370141983032, 0.700211226940155, 0.13670483231544495, 0.009397870860993862, 0.0624508373439312, -0.026979411020874977, 0.018261248245835304, 0.038460731506347656, 0.044496964663267136, -0.06014710292220116, -0.06013493239879608, -0.01926528476178646, 0.026809707283973694, 0.05309464409947395, -0.03409505635499954, -0.010283142328262329, 0.01059756800532341, -0.026662275195121765, 0.011441363953053951, -0.013323369435966015, -0.006787833292037249, -0.025437746196985245, -0.18497471511363983, 0.03521367162466049, -0.015579212456941605, 0.004530147649347782, -0.003053071442991495, -0.0209778044372797, -0.01987008936703205, 0.007017440628260374, 0.016348114237189293, 0.0016117922496050596, -0.025977613404393196, -0.022225266322493553, 0.026077652350068092, 0.017017940059304237, -0.0042702737264335155, 0.010503869503736496, -0.008596682921051979, -0.0053963689133524895, -0.0002614112454466522, -0.004249189514666796, 2223.142357408505, 0.03938153386116028, 4788.234342082163]",63,cat
2705,data/audio_cat-classification/NAYA_DATA_AUG1X/Warning/cat03.mp3,cat,"[-478.017822265625, 173.26815795898438, 73.11843872070312, 44.19969177246094, 18.125211715698242, 2.3432531356811523, -2.0149052143096924, -8.513168334960938, -4.12857723236084, -3.8606812953948975, -0.24289461970329285, 3.9641201496124268, 5.77305269241333, 2.7938485145568848, 4.377726078033447, 4.241213321685791, -0.234781876206398, -5.679926872253418, -2.9972574710845947, -1.1548525094985962, -0.06168881803750992, 0.06222515553236008, 0.0686241015791893, 0.004199260845780373, -0.013477366417646408, 0.03738218545913696, 0.032369986176490784, -0.014693213626742363, 0.026174144819378853, -0.019449234008789062, 0.04401128366589546, 0.04080156609416008, 0.02173704095184803, -0.0021002960857003927, 0.008497325703501701, 0.020997487008571625, -0.0015123123303055763, -0.05631579831242561, -0.012440626509487629, 0.050560057163238525, -0.03348243609070778, -0.07588594406843185, -0.05350206047296524, -0.00951075553894043, -0.006146398838609457, 0.013299056328833103, 0.0027673484291881323, -0.007447640411555767, -0.01701180450618267, -0.015841931104660034, -0.02300594002008438, -0.018706701695919037, 0.03862402215600014, 0.008507562801241875, -0.03956284373998642, -0.006003430113196373, -0.018091648817062378, -0.0020198356360197067, 0.010817470028996468, 0.019550912082195282, 577.6922328359977, 0.0002570281794760376, 773.7510122903964]",63,cat
5846,data/audio_cat-classification/NAYA_DATA_AUG1X/Resting/cat_flickr01395.mp3,cat,"[-416.63421630859375, 66.92828369140625, 36.26448059082031, 10.413412094116211, 12.833723068237305, 11.187891006469727, 5.593077659606934, 10.597674369812012, -4.437550067901611, 0.9457597136497498, -7.774397373199463, 0.3778540790081024, -4.713019371032715, -2.5812301635742188, 0.9085632562637329, -2.5469608306884766, -0.2731919586658478, -3.9843640327453613, -0.5332634449005127, -1.0774306058883667, 0.2796644866466522, 0.06111057475209236, 0.02011912502348423, 0.02242046222090721, 0.017375443130731583, -0.018342269584536552, 0.03138872981071472, 0.008466837927699089, 0.006395748816430569, -0.01885906048119068, -0.018898412585258484, -0.05150115117430687, -0.017235469073057175, 0.0007114263717085123, -0.0008744572987779975, 0.009582210332155228, -0.006070210598409176, 0.007367451675236225, 0.0074062952771782875, 0.016706667840480804, -0.24148298799991608, -0.0034236209467053413, 0.005783581640571356, -0.0025394558906555176, -0.0055349827744066715, -0.0054798428900539875, -0.004343625623732805, 0.012151923961937428, 0.017732832580804825, 0.003351503750309348, 0.024942979216575623, 0.026751399040222168, -0.006093056406825781, 0.000761606905143708, -0.003425082890316844, 0.01252205204218626, 0.004792714957147837, -0.007679207716137171, -0.015241937711834908, -0.03823643550276756, 3515.0006778593656, 0.0827239602804184, 7968.9075208690065]",63,cat
1315,data/audio_cat-classification/NAYA_DATA_AUG1X/Happy/Online_Cat0370hpy.mp3,cat,"[-302.8173828125, 44.5196647644043, -85.75886535644531, 47.7546501159668, 14.102381706237793, 38.896148681640625, 9.162271499633789, 19.530813217163086, 15.80626106262207, 18.613374710083008, 1.76493501663208, 2.8842971324920654, 2.5791170597076416, 4.691401958465576, 6.1557745933532715, 2.1671690940856934, -10.927319526672363, -7.130228042602539, 2.219390869140625, 9.62614917755127, 0.9310880899429321, 0.35931673645973206, 0.7349050045013428, 0.12069078534841537, -0.22914214432239532, 0.12643884122371674, 0.15862059593200684, -0.2264193892478943, -0.14383815228939056, 0.03525887802243233, -0.03375174477696419, -0.10945912450551987, 0.005944643169641495, 0.19629959762096405, -0.02182047814130783, -0.1210261881351471, 0.11374827474355698, 0.20137257874011993, 0.10583397001028061, -0.11888441443443298, -1.5194952487945557, -0.0939239114522934, 0.7143747806549072, -0.14356529712677002, 0.11500611901283264, -0.051882147789001465, -0.07780206948518753, -0.06794804334640503, 0.010884173214435577, 0.03888619691133499, 0.058572884649038315, 0.004304940812289715, 0.10272284597158432, 0.0005348032573238015, -0.06818597763776779, 0.08211573958396912, 0.1732465624809265, 0.05887211859226227, 0.04458048939704895, 0.04034727066755295, 1927.5547192691135, 0.0008903126581571996, 3218.56787109375]",63,cat
2818,data/audio_cat-classification/NAYA_DATA_AUG1X/Warning/car_extcoll0213_aug1(1).mp3,cat,"[-294.9542541503906, 92.70085144042969, 30.72324562072754, 20.20163917541504, 4.808216571807861, 7.63253927230835, 8.75492000579834, 0.6707980632781982, -5.069390296936035, -5.862053394317627, -6.622644901275635, -4.742352485656738, -4.686039447784424, -5.1881279945373535, -3.472461462020874, -5.489559173583984, -5.592116832733154, -0.5245246887207031, 4.695996284484863, 5.6226887702941895, 0.5438013076782227, -0.0792158767580986, -0.10895439237356186, 0.00840234849601984, -0.10294680297374725, -0.005902310833334923, 0.08311565220355988, -0.01550342421978712, -0.06150100380182266, 0.04129345715045929, -0.020536020398139954, -0.03096163645386696, -0.027578938752412796, 0.014275187626481056, 0.014583313837647438, 0.005803834646940231, 0.022982966154813766, -0.012110152281820774, 0.04375312477350235, 0.030829036608338356, -0.3803962767124176, 0.05290122330188751, 0.06579568982124329, -0.025997722521424294, -0.01339572574943304, 0.05392429232597351, -0.014166436158120632, -0.041788481175899506, -0.0005019624368287623, 0.006933104712516069, -0.031104035675525665, 0.004400611389428377, -0.022481445223093033, -0.02195819653570652, -0.03324555233120918, -0.007521686609834433, 0.010304119437932968, 0.027536863461136818, 0.017282217741012573, 0.002743771765381098, 2210.814861783259, 0.022907216101884842, 5455.734811336436]",63,cat
534,data/audio_cat-classification/NAYA_DATA_AUG1X/Paining/Online_Cat0468Hlp_aug1(1).mp3,cat,"[-185.78036499023438, 137.71372985839844, -75.26978302001953, 21.193876266479492, 13.375687599182129, -20.138357162475586, 28.12863540649414, 4.494039058685303, -10.349345207214355, 14.467133522033691, -6.739431381225586, 0.7745521664619446, 20.74808692932129, 11.670278549194336, 18.017690658569336, 10.399374961853027, -7.025367259979248, 0.6305131912231445, -3.6232199668884277, -6.293833255767822, -0.33821195363998413, -0.03710047900676727, 0.29458165168762207, 0.04723573848605156, 0.025839950889348984, 0.08345648646354675, 0.042064227163791656, 0.07713757455348969, 0.017591044306755066, 0.02182215452194214, 0.044322315603494644, -0.11852048337459564, -0.11170558631420135, -0.038682226091623306, -0.07517774403095245, 0.08578772097826004, 0.14891719818115234, -0.03680844604969025, -0.06152622774243355, -0.004229625687003136, -0.2814387083053589, -0.13575755059719086, 0.04981747269630432, -0.10750539600849152, -0.04100361093878746, 0.08187858015298843, -0.026190005242824554, -0.07039106637239456, -0.03812503442168236, -0.05993570387363434, -0.048905499279499054, -0.01728912442922592, 0.002017308259382844, -0.0026124606374651194, -0.039645206183195114, -0.013832367025315762, 0.03077094256877899, -0.007572912145406008, -0.01847711205482483, 0.02654169872403145, 1506.6122666583708, 0.00020554564252961427, 2586.8921433052005]",63,cat
5531,data/audio_cat-classification/NAYA_DATA_AUG1X/Resting/cat_flickr01384_aug1(1).mp3,cat,"[-276.5248718261719, 142.00465393066406, 4.6861891746521, 55.38234329223633, -12.111783027648926, 34.90107727050781, -16.42971420288086, 19.29093360900879, -6.2303547859191895, 3.8383097648620605, -0.5967678427696228, -7.291809558868408, 4.5901641845703125, 0.45891767740249634, 1.8808828592300415, -3.1733808517456055, 6.126699447631836, -8.048725128173828, 0.14397032558918, -6.845093250274658, 0.20116691291332245, 0.011532893404364586, 0.05651537701487541, -0.012620363384485245, 0.00010766617924673483, 0.07599890232086182, -0.054893359541893005, -0.04439340904355049, -0.03840140253305435, -0.030079292133450508, -0.01337778102606535, -0.014678485691547394, -0.05948401242494583, -0.02849544957280159, 0.057707641273736954, 0.007239199709147215, -0.034526925534009933, -0.0031752220820635557, 0.0002614474797155708, -0.0008842850802466273, -0.38457584381103516, -0.09842171519994736, 0.030831854790449142, -0.10564341396093369, 0.07359404116868973, -0.052733998745679855, 0.05426252260804176, -0.03309541195631027, 0.02063893713057041, 6.83857433614321e-05, 0.02608637697994709, 0.035001240670681, -0.0034915111027657986, 0.036737050861120224, 0.006079161539673805, 0.008654019795358181, 0.01651838980615139, 0.015696987509727478, -0.010441665537655354, -0.020391445606946945, 1290.653627416755, 0.002196400659158826, 3141.729636270492]",63,cat
5259,data/audio_cat-classification/NAYA_DATA_AUG1X/MotherCall/Cat_pills0128.mp3,cat,"[-353.1272888183594, 65.05010223388672, 2.0206010341644287, 13.159928321838379, 10.472938537597656, 24.903331756591797, 5.004388809204102, 2.1506283283233643, -5.040642738342285, 1.10245943069458, 16.776981353759766, 1.5926846265792847, -12.742104530334473, -4.4013848304748535, 5.243612289428711, -0.48188501596450806, -1.0957269668579102, 2.194991111755371, -10.733941078186035, -7.242616176605225, 1.3206590414047241, 0.2793167233467102, 0.4699218273162842, -0.10797134041786194, 0.24888750910758972, -0.18150684237480164, -0.1477910876274109, -0.09792608767747879, 0.10810536891222, 0.03603734076023102, 0.04732469469308853, -0.0005390465375967324, 0.17387303709983826, -0.11735425889492035, -0.10046812891960144, -0.022509362548589706, 0.10945335775613785, 0.11269495636224747, -0.23250535130500793, 0.036247726529836655, -0.188125342130661, -0.052981916815042496, -0.014274509623646736, -0.04453342407941818, 0.051839679479599, -0.04823075607419014, 0.02103283628821373, -0.02640729397535324, 0.07599612325429916, -0.02818427048623562, -0.027934253215789795, -0.046583421528339386, 0.08309893310070038, -0.05116506293416023, -0.053171269595623016, 0.05031273886561394, 0.0411902479827404, -0.049533434212207794, 0.00020008346473332494, 0.04942965880036354, 3069.3717218913575, 0.04096435382962227, 6436.7431640625]",63,cat
1215,data/audio_cat-classification/NAYA_DATA_AUG1X/Happy/cat_109_aug1(1).mp3,cat,"[-464.4102783203125, 59.85605239868164, -4.804561138153076, -2.615004539489746, -12.582123756408691, -3.956458330154419, -6.854449272155762, -26.753198623657227, -18.489240646362305, -11.13843059539795, -10.597253799438477, -3.549424648284912, -7.914330959320068, -6.82009744644165, 1.717553734779358, 6.978233337402344, 11.8494291305542, 13.816713333129883, 12.551907539367676, 4.1411871910095215, 0.22819513082504272, -0.08124542236328125, -0.14441341161727905, 0.09204640984535217, -0.04793049395084381, -0.04294561967253685, -0.011855868622660637, -0.007383646909147501, 0.05294273793697357, 0.009748414158821106, -0.03041681833565235, 0.031965047121047974, -0.042564570903778076, -0.007905468344688416, -0.013905277475714684, -0.0015843684086576104, 0.015379815362393856, -0.015896661207079887, 0.005143431946635246, -0.02604219876229763, 0.283666729927063, 0.0024434488732367754, -0.12292884290218353, 0.03625446930527687, -0.01770619861781597, 0.003051943611353636, 0.010280770249664783, 0.04038511961698532, 0.06347710639238358, 0.03265048563480377, -0.012886839918792248, -0.003791339695453644, -0.02829883247613907, -0.008083873428404331, -0.026845121756196022, -0.026111910119652748, -0.013719847425818443, -0.01430646050721407, 0.018608858808875084, -0.011303042061626911, 1560.6756359512422, 0.051338136196136475, 3129.9867164431594]",63,cat
5871,data/audio_cat-classification/NAYA_DATA_AUG1X/Resting/Online_Cat0435Purr_aug1(1).mp3,cat,"[-252.4429168701172, 88.26889038085938, 57.55791473388672, 54.338531494140625, 31.64250946044922, 9.226234436035156, 7.773271560668945, 1.4782788753509521, -8.178351402282715, -10.574405670166016, -13.82509708404541, -14.932392120361328, -18.394203186035156, -14.35914421081543, -8.706419944763184, -16.584976196289062, -10.99140453338623, -8.33736801147461, -9.906333923339844, -12.759154319763184, 0.2681474983692169, 0.09577595442533493, -0.01080911885946989, -0.035505879670381546, -0.0030228064861148596, -0.01256414595991373, -0.01413138397037983, 0.02811506949365139, 6.865846080472693e-05, 0.004471424035727978, 0.009068386629223824, 0.0063578542321920395, 0.020092487335205078, 0.018997449427843094, 0.0026476469356566668, 0.00655450951308012, -0.014714962802827358, -0.03287482261657715, -0.014123107306659222, 0.007853828370571136, -0.7915395498275757, -0.3757445216178894, -0.1718522161245346, -0.1570899486541748, -0.11263401061296463, -0.04186174273490906, -0.02326173521578312, -0.011901093646883965, 0.031112398952245712, 0.05137211084365845, 0.046665582805871964, 0.050876084715127945, 0.04266517609357834, 0.028191694989800453, 0.016693975776433945, 0.052853263914585114, 0.011850480921566486, -0.0027214540168642998, 0.0327187180519104, 0.03339342772960663, 1322.9465299794472, 0.007736254949122667, 2691.8468614564326]",63,cat
156,data/audio_cat-classification/NAYA_DATA_AUG1X/Paining/cat_coll0175_aug1(1).mp3,cat,"[-266.0711975097656, 53.652442932128906, -85.7603988647461, -3.6209778785705566, -0.4741615951061249, -31.574304580688477, -0.6374011635780334, -17.613950729370117, -25.409257888793945, -7.598842620849609, -15.058744430541992, -21.706392288208008, -3.3768198490142822, 5.778355598449707, 1.213154673576355, 9.827301025390625, -8.458114624023438, -13.531112670898438, -1.2619649171829224, 0.8281756043434143, 0.023084303364157677, 0.2097514271736145, 0.2688116133213043, -0.09294050931930542, 0.07667453587055206, -0.14411887526512146, -0.18604783713817596, 0.04334099218249321, 0.04627179354429245, -0.0664244145154953, -0.06273578852415085, -0.06015089899301529, 0.06619483977556229, 0.0528164803981781, -0.00958328228443861, -0.01310653705149889, -0.07549047470092773, 0.022722948342561722, 0.14323613047599792, 0.07926971465349197, -0.6629135608673096, -0.22966603934764862, 0.15018269419670105, 0.15084725618362427, 0.029234571382403374, -0.0024395612999796867, 0.009795336052775383, 0.10776884853839874, 0.07186446338891983, -0.02075362205505371, -0.0021420661360025406, 0.03179328888654709, 0.08455254137516022, 0.045931797474622726, 0.025500401854515076, -0.007969572208821774, -0.013622811995446682, 0.056873731315135956, 0.009030758403241634, -0.0015586486551910639, 2876.7164536168916, 0.056211426854133606, 5348.7648362379805]",63,cat
3757,data/audio_cat-classification/NAYA_DATA_AUG1X/HuntingMind/cat_youtube01192.mp3,cat,"[-514.7723388671875, 53.992801666259766, -41.72864532470703, 21.19295883178711, 10.746012687683105, 2.684361457824707, 4.443630218505859, 3.012362003326416, 12.318249702453613, 10.024340629577637, 1.8849561214447021, -1.5991029739379883, -2.8594093322753906, -4.4699530601501465, -3.586843252182007, 3.304708242416382, 3.291299343109131, 0.6230867505073547, -1.8967941999435425, 2.4562933444976807, 2.5441200733184814, 0.47990190982818604, -0.00968319084495306, 0.04304052144289017, 0.12879681587219238, 0.038998208940029144, -0.07071743160486221, 0.020724451169371605, 0.04348955303430557, 0.006924229674041271, -0.054559167474508286, -0.04776822403073311, 0.005044975318014622, -0.04372959956526756, -0.011656352318823338, 0.05802879482507706, 0.031199758872389793, 0.0222623310983181, -0.013994595967233181, 0.06537342071533203, 0.07367641478776932, -0.030319295823574066, 0.09350653737783432, 0.06785237789154053, -0.035555191338062286, -0.0033539237920194864, 0.037244681268930435, -0.026907989755272865, -0.024069994688034058, 0.01358456164598465, 0.0039346241392195225, 0.008202909491956234, 0.021354150027036667, 0.052295926958322525, 0.011007142253220081, -0.026251275092363358, -0.007584830746054649, 0.006883884780108929, -0.02530616521835327, -0.035106364637613297, 3083.403047098066, 0.10475043952465057, 5731.47216796875]",63,cat
393,data/audio_cat-classification/NAYA_DATA_AUG1X/Paining/angry2_aug1(1).mp3,cat,"[-212.8224334716797, 61.348609924316406, -34.19307327270508, -4.1533002853393555, -9.585025787353516, 9.699333190917969, 16.874820709228516, -8.222755432128906, 4.729423999786377, -0.6302164196968079, -1.9240097999572754, 9.525511741638184, 8.613581657409668, 14.92934799194336, 7.696475982666016, -4.474032402038574, -3.2555606365203857, 0.7048606872558594, 10.007211685180664, 2.4253973960876465, 0.04536888003349304, -0.7734453678131104, -0.4302164316177368, 0.16049012541770935, 0.11331532895565033, 0.20553910732269287, 0.0955575704574585, -0.15038609504699707, 0.08225411921739578, 0.2956482768058777, 0.19585759937763214, 0.20746105909347534, 0.07443839311599731, 0.11189231276512146, -0.050180427730083466, -0.22102051973342896, -0.21058893203735352, -0.03610387071967125, 0.107077457010746, -0.08775065839290619, -1.3138957023620605, -0.4167383909225464, 0.34913426637649536, 0.2382836937904358, 0.14766550064086914, -0.005901917815208435, -0.014303520321846008, 0.17736633121967316, 0.1023065447807312, -0.0015282928943634033, -0.03290337324142456, -0.047532711178064346, -0.021631918847560883, -0.12491676211357117, -0.0911417007446289, 0.054204270243644714, 0.007481634616851807, -0.056907445192337036, 0.1060657873749733, 0.11175213754177094, 2668.9119013130626, 0.03170793130993843, 4806.110000610352]",63,cat
1335,data/audio_cat-classification/NAYA_DATA_AUG1X/Happy/cat_68.mp3,cat,"[-464.0672302246094, 25.62464714050293, -43.908687591552734, -2.816284656524658, 4.391764163970947, -10.81832504272461, -13.03218936920166, -4.951038837432861, 13.948271751403809, 19.89126968383789, 18.50910186767578, 19.181241989135742, 9.520112991333008, -1.04335618019104, -9.55872631072998, -7.029222011566162, 4.353677272796631, 3.912849187850952, 1.0836009979248047, 2.0985188484191895, 0.77837735414505, 0.24607908725738525, -0.5280284881591797, -0.1716998964548111, 0.0878085345029831, 0.05844457074999809, -0.0555485300719738, -0.04172462597489357, 0.085743248462677, -0.04636681079864502, -0.11750903725624084, -0.03180002048611641, 0.040029507130384445, 0.21530140936374664, 0.19624976813793182, -0.05578622221946716, -0.12790334224700928, 0.04523133859038353, 0.1393095701932907, -0.06973032653331757, -0.41456523537635803, -0.5659254789352417, -0.17003034055233002, 0.19055724143981934, -0.03423649072647095, -0.13108675181865692, 0.048145174980163574, 0.0631394237279892, -0.06269942224025726, -0.17218688130378723, -0.18480390310287476, -0.19391381740570068, -0.21613161265850067, -0.14796338975429535, 0.005359552334994078, 0.17679627239704132, 0.12974287569522858, -0.07295449078083038, -0.09278426319360733, -0.02667665295302868, 1244.0270674045335, 0.42650309205055237, 1858.2318055976941]",63,cat
1964,data/audio_cat-classification/NAYA_DATA_AUG1X/Mating/YashLL_Cat0228Mating_aug1(1).mp3,cat,"[-317.84710693359375, 39.726341247558594, 3.056452989578247, -3.3022236824035645, -1.6459487676620483, -25.936756134033203, -2.0282046794891357, -18.269397735595703, -7.015557289123535, -9.66827392578125, -5.675456523895264, -2.7061543464660645, -5.639800071716309, -0.37330523133277893, 1.153252124786377, -1.0294969081878662, -3.3778135776519775, -5.862776756286621, -3.2843117713928223, -3.362048864364624, 0.8770469427108765, 0.05684781074523926, 0.03913984075188637, -0.026207558810710907, -0.004918528720736504, -0.06620355695486069, 0.019878918305039406, -0.07405786961317062, 0.01441698893904686, -0.037250861525535583, -0.04379355162382126, -0.040134113281965256, -0.016674092039465904, -0.009468874894082546, -0.009495126083493233, -0.010629341937601566, -0.012710295617580414, -0.010484889149665833, -0.00030288839479908347, -0.019788479432463646, -0.005246046930551529, 0.01230198796838522, -0.000840905006043613, -0.012703955173492432, -0.0021769956219941378, -0.002538742031902075, -0.008165488950908184, -0.022083522751927376, -0.03143851459026337, -0.031279582530260086, -0.012997803278267384, -0.0002294285804964602, -0.010729148052632809, -0.00869731605052948, -0.009006443433463573, -0.0021457599941641092, -0.004377942532300949, -0.006180458702147007, 0.0021358844824135303, -0.001565459999255836, 3233.4597554604034, 0.3189924657344818, 6656.8359375]",63,cat
408,data/audio_cat-classification/NAYA_DATA_AUG1X/Paining/Cat_YoutubeLLT42374_aug1(1).mp3,cat,"[-182.59347534179688, -7.756587982177734, -37.589599609375, 19.28425407409668, -20.351991653442383, 16.254552841186523, -3.355731964111328, 7.778858661651611, -6.188289642333984, 4.917579174041748, -3.9470481872558594, -4.159422874450684, 2.5721397399902344, 13.149748802185059, 16.356008529663086, 9.011700630187988, 9.628575325012207, -11.052748680114746, -9.413793563842773, -5.445891857147217, 0.07934416085481644, 0.0333828367292881, 0.007392675615847111, -0.024904049932956696, -0.03937705606222153, -0.02477942779660225, 0.007652041502296925, -0.005375984590500593, -0.0058892578817903996, 0.02933204174041748, 0.011555829085409641, -0.008446155115962029, 0.025210488587617874, -0.009721877984702587, -0.029690315946936607, -0.023556021973490715, -0.030888359993696213, -0.03688349202275276, -0.034224655479192734, -0.015387561172246933, -0.0972384363412857, -0.014275928027927876, 0.001589416991919279, 0.03217454254627228, 0.0003894859692081809, -0.0009942982578650117, 0.012387567199766636, 0.0008696925360709429, -0.007552716415375471, -0.0012293237959966063, 0.007779753301292658, 0.002587745198979974, -0.010683741420507431, -0.019493311643600464, -0.005960059817880392, 0.026815228164196014, 0.02003096230328083, 0.006120448000729084, 0.004324610810726881, -0.0003496144199743867, 4108.988746453833, 0.1706988662481308, 6999.673497537695]",63,cat
2350,data/audio_cat-classification/NAYA_DATA_AUG1X/Mating/LastEntry_cat1021Mat_opt (2)_aug1(1).mp3,cat,"[-191.26754760742188, 35.221710205078125, -33.50245666503906, 1.2581642866134644, -1.6860737800598145, 14.0432767868042, -8.983686447143555, 2.898331642150879, 5.703738212585449, 0.6990172266960144, -3.3134305477142334, -5.295994281768799, -3.1311240196228027, -3.783087730407715, -2.583235025405884, -0.2797093987464905, 6.447076797485352, 4.001889228820801, 4.9470744132995605, 0.8586449027061462, -0.13662903010845184, 0.13033762574195862, 0.01967097446322441, -0.03600713238120079, 0.03570236638188362, -0.011870753020048141, -0.009621083736419678, -0.0010060089407488704, 0.03346564248204231, -0.028314242139458656, -0.026779433712363243, -0.029713302850723267, 0.02612786367535591, -0.007660740986466408, 0.00296437437646091, 0.011727869510650635, -0.038392603397369385, -0.061319880187511444, -0.06388988345861435, 0.006623550783842802, -0.7754150032997131, -0.17016616463661194, 0.11165224015712738, 0.018364151939749718, -0.025406822562217712, -0.03599753603339195, 0.06039939448237419, -0.02851937711238861, -0.04174642637372017, 0.005008093547075987, 0.038814727216959, 0.006869820412248373, -0.035646241158246994, 0.0513477697968483, 0.007798293139785528, 0.003134958678856492, 0.047365620732307434, 0.021518003195524216, 0.010236188769340515, -0.04452222213149071, 2787.4060377933315, 0.1353750228881836, 5380.703812028894]",63,cat
3933,data/audio_cat-classification/NAYA_DATA_AUG1X/HuntingMind/catchatter344.mp3,cat,"[-396.663330078125, 65.14824676513672, -15.20622444152832, -2.4106898307800293, 4.501220703125, -7.870833873748779, 3.1407859325408936, 0.38330695033073425, 0.6580778956413269, -5.7560954093933105, -7.606727600097656, -5.730730056762695, -11.725706100463867, -2.590266704559326, -3.4754655361175537, -0.21747763454914093, -3.2619388103485107, 1.9965779781341553, -4.5301337242126465, -2.518819808959961, 0.7467336058616638, 0.16234126687049866, 0.050495222210884094, 0.022103359922766685, 0.009936334565281868, 0.037581976503133774, 0.05984074994921684, 0.006198887247592211, 0.08206923305988312, -0.008601219393312931, -0.10481622815132141, -0.10223612934350967, 0.0030535191763192415, -0.003483198117464781, 0.041071146726608276, 0.0715276449918747, 0.0020377682521939278, 0.06501337885856628, -0.01744743436574936, 0.006715936586260796, -0.5787009596824646, -0.04388131946325302, -0.03578266128897667, 0.02161458134651184, 0.030679332092404366, -0.010976090095937252, -0.01671777479350567, 0.022543281316757202, 0.003981743473559618, -0.022880587726831436, 0.06367054581642151, 0.10884736478328705, 0.007640594616532326, 0.01711619831621647, 0.023956989869475365, 0.0038493594620376825, -0.0020018848590552807, -0.014388980343937874, -0.004043850116431713, -0.03050975129008293, 3330.9919138854675, 0.1051410511136055, 7382.96015625]",63,cat
4645,data/audio_cat-classification/NAYA_DATA_AUG1X/Fighting/YashLL_CONF_Cat0261Fit (22)_aug1(1).mp3,cat,"[-150.95611572265625, 10.672286033630371, 14.832744598388672, -20.961931228637695, -6.006165027618408, -0.07931961864233017, -21.970611572265625, 12.658010482788086, -8.53161907196045, -0.49057817459106445, -7.682557582855225, -9.963275909423828, -0.6899506449699402, -4.136950969696045, -1.1590346097946167, 0.6487274169921875, -0.5479709506034851, -0.27141112089157104, -7.963145732879639, 7.195611476898193, -2.3772876262664795, -0.054342444986104965, 0.26084190607070923, 0.03276927024126053, -0.057817231863737106, -0.0455329604446888, 0.06179738789796829, -0.08709448575973511, -0.06204625591635704, -0.0076194992288947105, -0.011959049850702286, 0.052994903177022934, 0.017086399719119072, -0.04278460144996643, -0.04948557913303375, 0.03989251330494881, 0.00030362498364411294, -0.00520916236564517, -0.001210792688652873, 0.0019366290653124452, -0.2593660354614258, 0.018391599878668785, -0.0026918703224509954, -0.036939121782779694, -0.030684251338243484, -0.0037786702159792185, 0.018268568441271782, 0.019029071554541588, 0.017990250140428543, -0.0001225535961566493, -0.017353320494294167, 0.01581217721104622, 0.020390450954437256, 0.014617612585425377, -0.0040561724454164505, -0.008816942572593689, 0.024214964359998703, 0.00014921136607881635, 0.0003270329616498202, -0.003334526438266039, 4620.828377960731, 0.11752365529537201, 7580.802958720439]",63,cat
4379,data/audio_cat-classification/NAYA_DATA_AUG1X/Fighting/YashLL_Cat0284Fit (2).mp3,cat,"[-250.1515350341797, 61.91544723510742, -66.25408935546875, 10.330056190490723, 19.014780044555664, 17.556467056274414, 10.401667594909668, 6.34939432144165, 8.297493934631348, -4.882079601287842, 6.047694206237793, 2.314645528793335, 2.7989325523376465, -0.37241700291633606, 1.8314576148986816, 2.6161274909973145, 2.7061967849731445, 4.3863325119018555, 2.6981208324432373, -0.3461144268512726, -0.06265992671251297, -0.0034252051264047623, 0.2696753144264221, 0.07653777301311493, 0.22867484390735626, 0.14317210018634796, 0.10552509874105453, -0.007949333637952805, -0.04057750105857849, -0.2284523844718933, 0.0053093088790774345, 0.16341540217399597, 0.33741697669029236, 0.14030829071998596, -0.06752805411815643, -0.2928033471107483, -0.08935781568288803, 0.11264319717884064, 0.2533907890319824, 0.0572136752307415, -0.26584842801094055, -0.130778506398201, 0.014478938654065132, -0.12496402114629745, -0.12442459166049957, -0.05691080167889595, 0.09231347590684891, -0.01698124408721924, 0.03178437054157257, 0.04633530229330063, -0.044329408556222916, -0.05159420147538185, -0.04783494397997856, -0.036594051867723465, 0.03569648787379265, 0.03869296610355377, 0.04164418950676918, -0.048307474702596664, 0.018216202035546303, 0.0892941877245903, 2626.698333449389, 0.03561273217201233, 4289.216811784351]",63,cat
3852,data/audio_cat-classification/NAYA_DATA_AUG1X/HuntingMind/Last_addCat244Chat.mp3,cat,"[-481.1913757324219, 25.453393936157227, -24.396677017211914, -9.651906967163086, -12.200572967529297, -11.436090469360352, -5.49089241027832, -8.463014602661133, -11.848064422607422, -6.93396520614624, -4.588014602661133, -4.865304470062256, -3.3314759731292725, -2.571837902069092, 0.3702869415283203, -0.4186907708644867, -1.9975440502166748, -4.534297466278076, -3.6016452312469482, -1.9154428243637085, -0.7915487289428711, -0.0020282696932554245, 0.003769343951717019, 0.005732705816626549, 0.004856068640947342, -0.015537637285888195, -0.046371933072805405, 0.017709486186504364, -0.01619771309196949, 0.027758821845054626, 0.06457836925983429, 0.023519830778241158, -0.004358100239187479, 0.01737980917096138, 0.015047967433929443, 0.05070048198103905, 0.031361233443021774, 0.01242993213236332, -0.012530464679002762, 0.022223157808184624, -0.9666424989700317, -0.05872884392738342, -0.01949644461274147, 0.07732788473367691, 0.05175887420773506, 0.003749322611838579, 0.011887051165103912, 0.04268031567335129, 0.062311362475156784, 0.038075920194387436, 0.035440102219581604, 0.038476619869470596, 0.027471737936139107, 0.006800517905503511, -0.0008145356550812721, -0.011027100495994091, 0.02553684636950493, 0.044970471411943436, 0.028949102386832237, 0.02460704743862152, 4220.822528202584, 0.2969902753829956, 8191.581847378399]",63,cat
1163,data/audio_cat-classification/NAYA_DATA_AUG1X/Defence/Edit9063Hiss.mp3,cat,"[-240.39395141601562, 32.94797134399414, -22.221792221069336, -21.317331314086914, -16.77740478515625, -5.343288898468018, -10.113441467285156, -13.05933666229248, -11.791735649108887, -7.240720748901367, -9.922112464904785, -7.506341457366943, -5.246872901916504, -5.0802459716796875, -5.628072261810303, -5.89940071105957, -7.1032843589782715, -7.3741068840026855, -4.784382343292236, -5.574211597442627, 4.055882930755615, -0.12478597462177277, -0.19569453597068787, -0.11273475736379623, 0.005365436896681786, 0.16755501925945282, 0.013482916168868542, 0.0905405730009079, -0.04036150127649307, -0.037735387682914734, -0.14327391982078552, -0.09102505445480347, -0.05885773524641991, 0.020619025453925133, -0.054879892617464066, -0.15123429894447327, -0.08910214155912399, -0.03957328200340271, -0.16651345789432526, -0.04772094264626503, -0.7985028624534607, -0.7072474956512451, 0.25586774945259094, -0.14664927124977112, -0.05411526560783386, 0.043132901191711426, 0.1489679366350174, 0.1573101133108139, 0.032876692712306976, 0.049020346254110336, 0.04279886931180954, 0.06217027083039284, -0.017313016578555107, 0.09759949147701263, 0.09061015397310257, -0.04375063627958298, -0.005348819307982922, 0.05397598445415497, -0.018351852893829346, -0.0066243973560631275, 3973.499076844803, 0.21934443712234497, 7841.7125822368425]",63,cat
1158,data/audio_cat-classification/NAYA_DATA_AUG1X/Defence/LastEntry_cat1292Hiss_aug1(1).mp3,cat,"[-92.4419174194336, 80.41545867919922, -58.70049285888672, 35.63046646118164, -20.017759323120117, 13.264638900756836, -10.202939987182617, -0.929879367351532, -24.39091682434082, -4.1764326095581055, -9.371843338012695, -8.595416069030762, -7.068487167358398, -11.88046932220459, -6.44844388961792, -5.062620162963867, -1.3779213428497314, -5.442323207855225, -0.710176944732666, -2.715998411178589, -2.7104711532592773, 0.9541449546813965, 0.5710585713386536, -0.369870126247406, -0.43598461151123047, 0.811843752861023, 0.6636423468589783, -0.5651686191558838, 0.11847082525491714, 0.4008042514324188, -0.014230291359126568, 0.3042801022529602, 0.3755466938018799, -0.303945928812027, -0.22965633869171143, 0.3178679347038269, -0.6157727837562561, -0.30455806851387024, 0.0144821647554636, -0.4477880597114563, -4.401397705078125, -0.6142628788948059, 1.2113947868347168, -0.40053191781044006, 0.6793394088745117, -0.44797948002815247, 0.1652606725692749, 0.086746945977211, 0.39753469824790955, -0.15833716094493866, 0.041467778384685516, 0.0012247299309819937, 0.10739713907241821, 0.05640658736228943, 0.015409399755299091, -0.020071811974048615, 0.07601197063922882, 0.1990489512681961, 0.1385958343744278, 0.13163429498672485, 2635.052523971894, 0.04229885712265968, 4695.821605009191]",63,cat
1780,data/audio_cat-classification/NAYA_DATA_AUG1X/Mating/LastEntry_cat1086Mat_aug1(1).mp3,cat,"[-214.04225158691406, 118.84443664550781, -55.23655319213867, 16.880084991455078, 1.557835340499878, 3.446241617202759, 3.7035107612609863, 6.469941139221191, -4.530036449432373, 2.1067957878112793, -8.876324653625488, -15.107150077819824, -13.314674377441406, -8.275382041931152, -1.983420491218567, 6.288691997528076, 6.940400123596191, -1.4501935243606567, -2.0925662517547607, -6.588895320892334, -0.21894444525241852, -0.0006490903324447572, 0.46401360630989075, -0.12771360576152802, -0.03598526492714882, -0.018951965495944023, -0.007167143281549215, 0.022585958242416382, -0.03765258565545082, -0.19690512120723724, -0.05264069885015488, 0.011722083203494549, -0.018149571493268013, -0.05856647342443466, 0.07042165100574493, 0.04237527772784233, 0.005714714527130127, 0.0010148329893127084, -0.05408162623643875, -0.025895429775118828, -0.17964528501033783, -0.013804757036268711, 0.08009380847215652, 0.03267170861363411, 0.016808977350592613, 0.040860746055841446, 0.036505259573459625, 0.017792025581002235, 0.018449246883392334, 0.005141019821166992, 0.06003672629594803, 0.014892535284161568, 0.007562222424894571, -0.011176020838320255, -0.0069659799337387085, -0.026643600314855576, -0.009461811743676662, -0.025187203660607338, -0.013348408043384552, -0.0012573599815368652, 1828.47804785117, 0.005601978860795498, 3293.2823181152344]",63,cat
1471,data/audio_cat-classification/NAYA_DATA_AUG1X/Happy/cat_86.mp3,cat,"[-259.1528015136719, 109.30438995361328, -67.03878784179688, -7.30302619934082, -3.249738931655884, 46.61554718017578, -35.292545318603516, 28.63761329650879, 7.232100963592529, 14.279897689819336, 18.967443466186523, 2.569737195968628, 6.019178867340088, -13.63000202178955, 1.3362035751342773, 7.623625755310059, 5.971111297607422, 2.01450514793396, 9.22598648071289, 10.930231094360352, 0.44735097885131836, 0.9367579221725464, 0.1464047133922577, -0.4199993312358856, -0.005150024313479662, 0.042392440140247345, 0.3361319899559021, -0.1132250651717186, -0.10297582298517227, 0.01116929017007351, -0.00905948132276535, 0.07059837877750397, -0.22349567711353302, -0.11468236893415451, -0.03714267536997795, 0.01278535183519125, 0.10763070732355118, 0.07973558455705643, -0.08740878105163574, -0.05300842970609665, -0.6901115775108337, 0.10736362636089325, 0.382880836725235, -0.28494614362716675, -0.13217420876026154, -0.09063802659511566, 0.14302009344100952, -0.020060738548636436, -0.07170441001653671, -0.061119869351387024, -0.11215286701917648, 0.06461358070373535, -0.0747184306383133, -0.06683272123336792, -0.05636731907725334, -0.06116876378655434, 0.04365191236138344, 0.031027738004922867, -0.007852370850741863, 0.05404156446456909, 1971.2829464654128, 0.0021487597841769457, 3364.0108548677886]",63,cat
1886,data/audio_cat-classification/NAYA_DATA_AUG1X/Mating/cat03560_aug1(1).mp3,cat,"[-166.9691619873047, 103.92357635498047, 26.022586822509766, 16.670690536499023, 16.90675163269043, 9.37960433959961, 1.9036774635314941, 2.32775616645813, 2.460879325866699, -3.728616237640381, 4.2069783210754395, 8.129913330078125, 4.3537468910217285, 4.600811004638672, 4.294500827789307, -2.2392561435699463, -3.4043619632720947, -1.3164705038070679, -1.630629539489746, -1.5549932718276978, -2.6012778282165527, -0.5571161508560181, -0.5239153504371643, -0.20731496810913086, -0.11833158880472183, -0.07268480956554413, -0.028325434774160385, -0.047675106674432755, -0.02653900347650051, -0.05840275436639786, -0.08808817714452744, -0.006393290124833584, -0.04498159885406494, -0.017592910677194595, -0.013795490376651287, 0.006299349945038557, 0.0022018791642040014, -0.03688061237335205, -0.0063215503469109535, -0.022386720404028893, -0.060487374663352966, 0.15291708707809448, 0.04678096994757652, -0.003674466861411929, 0.0462094321846962, 0.023633906617760658, -0.029923906549811363, -0.04876454174518585, 0.008357807993888855, 0.03943778946995735, 0.02193928137421608, 0.009907173924148083, -0.013719498179852962, 0.009730461053550243, -0.016447389498353004, -0.014423473738133907, 0.005468264687806368, 0.017871974036097527, 0.009593279100954533, -0.008210698142647743, 1704.9936756642835, 0.0533633790910244, 3873.9490855823865]",63,cat
5889,data/audio_cat-classification/NAYA_DATA_AUG1X/Resting/LastEntry_cat1227Purr.mp3,cat,"[-408.1417236328125, 159.5250244140625, 32.032196044921875, -20.646867752075195, -16.413454055786133, 1.6617435216903687, -12.588357925415039, -20.038942337036133, 0.5830137729644775, -1.4747222661972046, 0.9287794232368469, -6.940671920776367, -13.805010795593262, -9.316344261169434, -9.691801071166992, -7.607884883880615, -4.816093444824219, -7.210561275482178, -4.605870723724365, -6.730474472045898, 0.05627775937318802, -0.1353001594543457, -0.017477717250585556, 0.02295166812837124, 0.07576830685138702, 0.037690479308366776, 0.006603609770536423, -0.020551355555653572, -0.01305301021784544, 0.0038728860672563314, 0.013477367348968983, -0.0006700286758132279, 0.019863232970237732, -0.0028943282086402178, 0.013223929330706596, 0.024733781814575195, 0.005330312065780163, 0.0022316016256809235, -0.043053288012742996, 0.04938583821058273, -0.18126808106899261, -0.014557842165231705, -0.056777823716402054, 0.05840478092432022, 0.033036209642887115, -0.015370056964457035, 0.01862131990492344, 0.026079528033733368, 0.012602523900568485, 0.022177405655384064, 0.006986181251704693, 0.0026283799670636654, 0.028021516278386116, -0.006858937442302704, -0.019532324746251106, 0.001990323420614004, 0.008369380608201027, 0.0021998295560479164, -0.003413265570998192, 0.009406319819390774, 1410.8070521289796, 0.008813241496682167, 2679.1031588040864]",63,cat
319,data/audio_cat-classification/NAYA_DATA_AUG1X/Paining/cat_youtube01109 (2)_aug1(1).mp3,cat,"[-161.72181701660156, 8.21864128112793, -14.829806327819824, 12.960830688476562, 4.499893665313721, 4.074681282043457, -5.321351051330566, 6.77541971206665, -8.946269989013672, 6.454178333282471, 10.868659973144531, 7.813030242919922, -2.7393321990966797, -7.31318998336792, -3.3240861892700195, -7.727893829345703, 7.9192891120910645, -15.275120735168457, -16.233667373657227, 7.884747505187988, -1.4901305437088013, -0.4376278817653656, 0.006215276196599007, -0.025424156337976456, 0.0028355868998914957, -0.0006452706875279546, -0.035747043788433075, 0.048893433064222336, -0.0030872244387865067, 0.015133067965507507, -0.05675673484802246, 0.013354972936213017, -0.018419357016682625, 0.07012124359607697, 0.08535200357437134, 0.01866876147687435, 0.0008515691151842475, 0.06981738656759262, 0.07421506196260452, 0.028337862342596054, -0.3033740222454071, 0.008412690833210945, 0.0013164750998839736, 0.030673924833536148, 0.014978012070059776, -0.02423212304711342, -0.01973694935441017, -0.012047640979290009, -0.013156002387404442, 0.0018690986325964332, 0.023798711597919464, -0.00030664578662253916, -0.008434637449681759, -0.014248957857489586, -0.004876060411334038, 0.015420135110616684, -0.0049344575963914394, -0.016651935875415802, 0.00958438590168953, 0.025205815210938454, 3655.236813324459, 0.09505662322044373, 6636.112732294749]",63,cat
2977,data/audio_cat-classification/NAYA_DATA_AUG1X/Angry/YashLL_Cat0278Ang.mp3,cat,"[-265.4026184082031, 126.45501708984375, -22.82879638671875, -13.760980606079102, 4.035470008850098, -0.5439202785491943, -2.1118578910827637, -0.8617190718650818, 0.17534239590168, -9.576508522033691, -13.96150016784668, 4.965040683746338, 0.5646560192108154, -8.938915252685547, 2.674513339996338, -0.26366740465164185, 0.07213144749403, 1.6760200262069702, -8.138312339782715, 4.909483432769775, 0.3255539834499359, 0.13118687272071838, 0.02994479238986969, -0.0024615267757326365, -0.04098590463399887, -0.03279005363583565, 0.021941259503364563, 0.0015892282826825976, 0.007061698939651251, -0.0037826350890100002, 0.007425795309245586, 0.031117916107177734, -0.013562663458287716, -0.0012703667161986232, -0.019367113709449768, -0.03914790600538254, -0.026033930480480194, -0.03580579534173012, -0.01817709393799305, 0.037431806325912476, -0.2956226170063019, -0.10092147439718246, 0.04274599999189377, 0.03209957480430603, -0.0024815655779093504, 0.007585399318486452, -0.002347693545743823, 0.013671372085809708, 0.002154956804588437, -0.001890508341602981, -0.033840835094451904, -0.011509008705615997, -0.00655305664986372, 0.019588932394981384, 0.016269834712147713, 0.01689845323562622, 0.0007904171943664551, -0.017290307208895683, 0.0022334314417093992, -0.003418054198846221, 1517.3832539136943, 0.003349395003169775, 2411.36766516644]",63,cat
1562,data/audio_cat-classification/NAYA_DATA_AUG1X/Happy/cat_9.mp3,cat,"[-312.6891784667969, 58.79836654663086, -61.89078140258789, 15.12567138671875, 7.998849868774414, 12.2818021774292, -6.655609130859375, -0.6503360271453857, -15.226409912109375, 13.38565731048584, -8.359559059143066, 10.415538787841797, 31.903165817260742, 14.038784980773926, 17.036666870117188, -5.456843852996826, -9.270194053649902, -8.855019569396973, 8.38357925415039, 11.523266792297363, -2.2156050205230713, 0.15709573030471802, 1.511234998703003, -0.28279897570610046, -0.02059803158044815, 0.050097569823265076, 0.5722212195396423, 0.13553856313228607, -0.34664347767829895, -0.14780792593955994, -0.0629723072052002, 0.1849498748779297, -0.08399610966444016, 0.36599838733673096, 0.333245187997818, -0.02674105018377304, 0.16298379004001617, 0.2716488540172577, -0.12503476440906525, -0.6932361125946045, -3.0783307552337646, -0.830606997013092, 0.8604905605316162, -0.2602442502975464, 0.31903302669525146, 0.37530240416526794, 0.2819271385669708, -0.11974716931581497, 0.068014957010746, -0.32457974553108215, -0.3871568739414215, -0.3071017563343048, -0.24255245923995972, 0.5933154821395874, 0.3962787687778473, -0.113064244389534, -0.30749547481536865, 0.08847891539335251, 0.38780972361564636, 0.03647872805595398, 2035.7560880696262, 0.0025972940493375063, 3359.9137739701705]",63,cat
5498,data/audio_cat-classification/NAYA_DATA_AUG1X/Resting/cat_youtube01322.mp3,cat,"[-338.8659973144531, 85.46501922607422, 41.458683013916016, 9.439401626586914, 5.3565497398376465, -4.088230609893799, -8.137165069580078, -6.382414817810059, -7.8833208084106445, -7.910260200500488, -12.783196449279785, -12.277151107788086, -11.747567176818848, -7.303989410400391, -6.02637243270874, -8.311966896057129, -5.4614410400390625, -4.834826469421387, -2.0614380836486816, -2.4005661010742188, 0.4064135253429413, 0.096455417573452, -0.03528857231140137, 0.006986978463828564, -0.0642976313829422, -0.06756564229726791, -0.01869952864944935, -0.013712283223867416, -0.039975035935640335, -0.0038694534450769424, 0.012981131672859192, 0.04157207906246185, 0.025099704042077065, 0.018893741071224213, -0.0037246672436594963, -0.02910870499908924, -0.01296052522957325, 0.0005814321339130402, -0.0019957092590630054, 0.005649377126246691, -0.4027257263660431, -0.07114554196596146, 0.028668100014328957, -0.007213573902845383, 0.0008039242820814252, -0.01704469323158264, 0.0027854889631271362, 0.002192320302128792, 0.020556235685944557, 0.05621151998639107, 0.013975088484585285, 0.003747190348803997, -0.009147044271230698, -0.020630212500691414, 0.020887326449155807, 0.004263496957719326, 0.008825519122183323, 0.02623804658651352, -0.014381906017661095, -0.018039125949144363, 2815.3780264360676, 0.04824567958712578, 7268.302337779749]",63,cat
4405,data/audio_cat-classification/NAYA_DATA_AUG1X/Fighting/Online_Cat0462Ang.mp3,cat,"[-273.26531982421875, 103.29257202148438, -30.243200302124023, 14.949316024780273, -19.872121810913086, 4.533724784851074, -21.450088500976562, -4.470917701721191, -18.414186477661133, -3.8128504753112793, -11.591668128967285, -8.345459938049316, -7.129266738891602, -10.380716323852539, -4.6417622566223145, -9.298830032348633, 1.2575334310531616, -4.96968936920166, 2.214125394821167, -5.714433670043945, 0.5583972334861755, -0.008391475304961205, -0.24092479050159454, 0.012151399627327919, -0.0815466120839119, -0.0002336180623387918, -0.03634454309940338, 0.06121496111154556, 0.02009586989879608, 0.0762755498290062, 0.021169262006878853, -0.0003430923679843545, 0.01881279982626438, 0.034688711166381836, 0.044427551329135895, 0.012417989782989025, 0.0210574883967638, -0.015285861678421497, 0.033020518720149994, 0.0013008610112592578, -0.2880328297615051, -0.33349719643592834, -0.11466456949710846, -0.0153227923437953, 0.01248449832201004, 0.07943136245012283, 0.07654677331447601, 0.07721877843141556, 0.09088640660047531, 0.08851131796836853, 0.021909326314926147, 0.011045645922422409, 0.019438784569501877, 0.01488470658659935, 0.02439143694937229, 0.026615887880325317, 0.014895206317305565, -0.015424104407429695, 0.002306812210008502, 0.01306613627821207, 2015.2129220062661, 0.05301489308476448, 3384.5840282654494]",63,cat
1569,data/audio_cat-classification/NAYA_DATA_AUG1X/Happy/cat12.mp3,cat,"[-447.8121032714844, 102.31221008300781, -11.78986930847168, 8.504857063293457, -8.742141723632812, 3.2436835765838623, 0.7512176036834717, 13.756909370422363, 5.189542293548584, -3.992741346359253, -2.344114303588867, 8.932533264160156, -5.307415008544922, -20.606441497802734, -11.852361679077148, -8.266393661499023, -1.0054781436920166, 22.79616355895996, 22.42967987060547, 13.8355712890625, -1.9017143249511719, -0.7940083146095276, 0.7643789052963257, -0.0917106419801712, 0.3440846800804138, 0.3226551413536072, 0.8183256387710571, 0.3625006079673767, 0.2060699760913849, 0.1469741314649582, 0.13446524739265442, 0.22697389125823975, -0.05569063499569893, 0.24592120945453644, 0.059110891073942184, -0.0018181368941441178, 0.10988006740808487, -0.3534711003303528, -0.317442387342453, -0.21919921040534973, -1.4110466241836548, 0.2699202001094818, 0.5352801084518433, -0.05790906399488449, 0.13808484375476837, -0.21475954353809357, -0.03686315938830376, -0.16177679598331451, -0.10413436591625214, -0.28561967611312866, -0.4216291010379791, 0.051122527569532394, 0.25759926438331604, 0.24995215237140656, 0.13903388381004333, 0.057591915130615234, -0.10795910656452179, -0.22153472900390625, -0.23838654160499573, 0.016326839104294777, 1816.7370260174625, 0.005112538579851389, 3421.3568115234375]",63,cat
132,data/audio_cat-classification/NAYA_DATA_AUG1X/Paining/Cat_YoutubeLLT42342_aug1(1).mp3,cat,"[-314.4036865234375, 16.50890350341797, 17.535358428955078, 13.637280464172363, 5.206871509552002, 18.504873275756836, 4.105203628540039, -7.698699951171875, -1.2034940719604492, 12.345932006835938, 4.761136531829834, -7.819404125213623, 2.2540528774261475, 6.732480525970459, 0.8484374284744263, -0.33824634552001953, 0.30353832244873047, -1.4075435400009155, 6.832782745361328, -1.8444697856903076, 0.07587987184524536, -0.032312702387571335, 0.029094034805893898, -0.026518821716308594, 0.017499657347798347, 0.06183139607310295, 0.023667126893997192, 0.015630200505256653, 0.014433377422392368, -0.011514440178871155, -0.011382020078599453, 0.0016217371448874474, 0.02753947116434574, 0.012238173745572567, -0.026374874636530876, -0.03561388701200485, -0.013032201677560806, -0.005846633575856686, 0.0409415028989315, -0.0037356687244027853, -0.10524038225412369, 0.024367045611143112, -0.01605580933392048, -0.0311416145414114, 0.015110769309103489, -0.0071754055097699165, -0.04044496640563011, -0.03631017357110977, -0.007004390936344862, 0.010780375450849533, 0.03194510191679001, 0.008083075284957886, -0.01024352665990591, 0.02056647650897503, 0.031524114310741425, 0.013483292423188686, 0.013774202205240726, -0.003443721914663911, -0.022879302501678467, -0.012237615883350372, 4485.703414186816, 0.1617496758699417, 8124.212885169343]",63,cat
5859,data/audio_cat-classification/NAYA_DATA_AUG1X/Resting/cat_flickr01371_aug1(1).mp3,cat,"[-330.228271484375, 79.35565948486328, 19.245107650756836, 18.860382080078125, 24.04827117919922, 18.5771427154541, 7.151546001434326, -5.604795932769775, -7.544454097747803, -1.3608509302139282, -5.7724127769470215, -2.098456382751465, 4.271214962005615, 8.28071117401123, 7.047074317932129, 2.6902549266815186, 7.420680522918701, 3.9647061824798584, -2.7058513164520264, 0.08179004490375519, -0.7367726564407349, 0.1650495082139969, 0.10092809051275253, -0.0022700673434883356, 0.15935301780700684, 0.08067386597394943, -0.03670971840620041, -0.10210685431957245, -0.028950490057468414, -0.03182457759976387, 0.06366707384586334, 0.07833606749773026, 0.11306355893611908, 0.1043228879570961, 0.001077723572961986, -0.0021958439610898495, -0.05268930643796921, -0.042381271719932556, -0.017795652151107788, 0.03243396431207657, -0.41480201482772827, -0.02560778334736824, 0.028187576681375504, -0.004423962906002998, -0.0799543559551239, -0.024882065132260323, -0.004090539645403624, 0.02796925976872444, 0.05434180423617363, -0.024551808834075928, 0.023129824548959732, 0.031056663021445274, -0.008407982997596264, -0.035862091928720474, -0.021201303228735924, -0.011072646826505661, -0.017722565680742264, 0.006443553138524294, 0.05722805857658386, -0.0027817022055387497, 2524.069425270877, 0.032974064350128174, 5906.264442121479]",63,cat
2462,data/audio_cat-classification/NAYA_DATA_AUG1X/Warning/cat_flickr01428_aug1(1).mp3,cat,"[-155.85267639160156, 76.77550506591797, 12.038288116455078, 11.611991882324219, -1.5089993476867676, 0.7931721806526184, -3.9274730682373047, -1.3298580646514893, -2.600843906402588, 3.989239454269409, 1.107375144958496, 1.4826890230178833, -3.6217126846313477, -7.049691677093506, -7.13392972946167, -8.022832870483398, -9.177247047424316, -5.662699222564697, -4.791630744934082, -0.7910067439079285, 0.7270731925964355, 0.7812503576278687, 0.4041764736175537, 0.1068250834941864, -0.028529569506645203, 0.001449262141250074, -0.20701521635055542, -0.3104812204837799, -0.260959655046463, -0.04773066192865372, 0.16216187179088593, 0.11687380075454712, -0.008339963853359222, -0.03202643617987633, -0.13566818833351135, -0.32403436303138733, -0.31624865531921387, -0.11912373453378677, 0.02147499844431877, -0.08953879773616791, -0.27939942479133606, 0.19981524348258972, 0.1075936108827591, -0.019251136109232903, 0.019487667828798294, 0.05116265267133713, 0.0719069391489029, 0.03200196474790573, -0.09130771458148956, -0.11416168510913849, 0.005658815149217844, 0.013457956723868847, 0.037641800940036774, -0.00505554024130106, 0.004929644055664539, 0.06552489846944809, -0.0019043757347390056, -0.03179464489221573, -0.056332506239414215, -0.10598275065422058, 2587.3794056044894, 0.03488103300333023, 6219.275296118952]",63,cat
3414,data/audio_cat-classification/NAYA_DATA_AUG1X/Angry/cat03_aug1(1).mp3,cat,"[-306.0525817871094, 108.71472930908203, -14.586451530456543, -7.852190017700195, -1.265952467918396, 3.1488962173461914, -7.796574592590332, -9.581962585449219, 1.7579598426818848, 9.517738342285156, 3.788137912750244, 1.6245816946029663, -0.8561434149742126, -4.860083103179932, -0.8758811354637146, -4.411120891571045, -1.5751941204071045, -0.46357110142707825, -2.3878443241119385, -1.7502025365829468, -0.5732122659683228, -0.3445512354373932, -0.11218368262052536, -0.04153570160269737, -0.06700754910707474, 0.011610182002186775, -0.01035816129297018, 0.005335574969649315, 0.02977539598941803, 0.025358064100146294, 0.012509332038462162, -0.01495113130658865, -0.02633054554462433, 0.015973132103681564, 0.051999397575855255, 0.03237193450331688, 0.008101253770291805, 0.005119291599839926, -0.023226257413625717, -0.016114545986056328, -0.29619985818862915, -0.10511334240436554, 0.015592142008244991, 0.03030526079237461, -0.009941954165697098, 0.007991167716681957, -0.013353393413126469, -0.016338540241122246, -0.00819321721792221, 0.0016559869982302189, -0.0032989380415529013, 0.012769224122166634, 0.01026260294020176, 0.017462322488427162, -0.0013537839986383915, 0.0028258732054382563, -0.00854769628494978, 0.004439439624547958, 0.008305269293487072, 0.004605075344443321, 1622.5611498194744, 0.07185953110456467, 2954.8397082461124]",63,cat
167,data/audio_cat-classification/NAYA_DATA_AUG1X/Paining/Edit9088Hlp(1).mp3,cat,"[-263.10711669921875, 180.7369842529297, -65.27093505859375, -14.63158893585205, 36.209754943847656, -4.2278852462768555, -20.6149959564209, 8.729138374328613, 6.7213263511657715, -12.379124641418457, -5.975219249725342, 1.499570608139038, -1.5778228044509888, -7.026614189147949, -5.678946495056152, 0.4340556859970093, -1.2127200365066528, -6.989067077636719, -5.217247009277344, -3.523242950439453, 0.7747278809547424, 0.4239618480205536, -0.1279987245798111, 0.0025565430987626314, 0.031144943088293076, 0.024153711274266243, -0.012159891426563263, 0.026732295751571655, -0.0032083571422845125, -0.014507876709103584, 0.03658198192715645, 0.021957527846097946, 0.03287329152226448, 0.030488938093185425, 0.008677339181303978, 8.263546624220908e-05, 0.017245260998606682, -0.020337864756584167, -0.04069935530424118, 0.006872283760458231, -0.5392547845840454, -0.3362729251384735, 0.09535197913646698, 0.026729367673397064, -0.014417147263884544, 0.03410225734114647, 0.04150288924574852, 0.002262077061459422, 0.013242739252746105, 0.02618446946144104, -0.017574073746800423, -0.020109819248318672, -0.00629604235291481, 0.015140403062105179, 0.01109967939555645, 0.013707799836993217, 0.024507706984877586, -0.012760821729898453, -0.004894948098808527, 0.008886591531336308, 1457.9416094865965, 0.0010039904154837132, 2148.5247083105896]",63,cat
2765,data/audio_cat-classification/NAYA_DATA_AUG1X/Warning/cat_flickr01345_aug1(1).mp3,cat,"[-168.68777465820312, 93.50487518310547, -14.551251411437988, 27.57875633239746, -16.43035888671875, 13.811798095703125, -5.299744606018066, 1.781262755393982, -11.215253829956055, -6.977087497711182, -9.5106840133667, -8.163064956665039, -2.4096381664276123, -8.972983360290527, -1.505155324935913, -4.565224647521973, 0.021019458770751953, -1.283167839050293, -0.555047869682312, -4.703010559082031, -1.7684507369995117, -0.8728459477424622, 0.2474973201751709, -0.3350045084953308, -0.06433617323637009, -0.1116034984588623, -0.06257787346839905, -0.018970893695950508, 0.10450039058923721, 0.04105159640312195, 0.0019196952925994992, 0.07112722098827362, 0.04431997984647751, 0.03409261628985405, -0.02562188170850277, 0.10999362170696259, 0.10153909772634506, -0.03606439009308815, 0.02240878902375698, 0.06230137497186661, -0.6742404103279114, -0.12878164649009705, -0.057904236018657684, -0.01994231715798378, 0.05672329664230347, -0.03205249458551407, 0.02816600911319256, -0.011759527958929539, 0.04438939690589905, 0.06785411387681961, 0.02661462314426899, 0.028266770765185356, 0.004250471014529467, -0.02459057793021202, -0.042822208255529404, -0.025999566540122032, -0.02869970165193081, -0.05893322452902794, -0.01982840523123741, 0.013549051247537136, 2327.3156484528454, 0.056800782680511475, 4853.6224365234375]",63,cat
3308,data/audio_cat-classification/NAYA_DATA_AUG1X/Angry/YashLL_Cat0269Ang_aug1(1).mp3,cat,"[-224.13995361328125, 112.80166625976562, -10.880810737609863, -17.655576705932617, -7.013152599334717, -3.3777236938476562, -4.246846675872803, -7.477960109710693, 3.273904800415039, 0.37983497977256775, -8.269495964050293, -2.03090238571167, -0.45658233761787415, -6.627079010009766, -11.300847053527832, -12.1193265914917, -6.526817798614502, 0.7722284197807312, 4.6422295570373535, 5.502773284912109, -1.8854707479476929, -0.6336027979850769, 0.10709504038095474, 0.016242552548646927, 0.015128049999475479, 0.10415398329496384, 0.07667990773916245, 0.0346820093691349, 0.012201275676488876, -0.03853888809680939, -0.029744349420070648, -0.0494215153157711, 0.06111450120806694, 0.15860185027122498, 0.07412029802799225, -0.0202605240046978, 0.03974410891532898, 0.06780995428562164, -0.0058471704833209515, -0.07282084226608276, -0.21682006120681763, -0.013951721601188183, 0.030164871364831924, 0.099176786839962, 0.010581881739199162, -0.06084854155778885, -0.03406216576695442, 0.043135154992341995, 0.04668334126472473, -0.00013336181291379035, 0.002759040566161275, -0.015521612018346786, -0.002662590704858303, 0.01477960217744112, 0.01250021904706955, 0.06286104023456573, 0.030744342133402824, -0.009657472372055054, -0.00040911079850047827, -0.011752189137041569, 1811.648239218239, 0.03275088220834732, 2792.6949462890625]",63,cat
622,data/audio_cat-classification/NAYA_DATA_AUG1X/Defence/LastEntry_cat1091Hiss_aug1(1).mp3,cat,"[-126.94639587402344, 67.74891662597656, -29.830907821655273, 12.611177444458008, -23.12088394165039, 2.1913485527038574, -5.848193645477295, -5.81597375869751, -7.357443809509277, 6.046467304229736, -8.651780128479004, -4.058228969573975, -4.507471084594727, -3.190734624862671, 2.809702157974243, 4.499146461486816, 5.791459083557129, 0.6665254235267639, -2.41742205619812, -3.3831121921539307, -4.321221351623535, -2.085284948348999, 0.7240597009658813, -0.2615497410297394, 0.16707053780555725, 0.06338393688201904, 0.06582386046648026, 0.07377177476882935, 0.07804717868566513, 0.036354295909404755, 0.057579927146434784, -0.10887125134468079, -0.10182870179414749, 0.10189417004585266, -0.025326840579509735, 0.023628445342183113, -0.16002508997917175, -0.08383587002754211, 0.1902955174446106, 0.23321931064128876, -2.054755210876465, -0.695051372051239, 0.30577853322029114, 0.036075159907341, 0.12167784571647644, 0.003914601635187864, -0.035713281482458115, 0.05977778509259224, 0.0719870924949646, -0.137795552611351, 0.013451787643134594, 0.09571376442909241, 0.04734644293785095, 0.04083146154880524, -0.03818940743803978, -0.08302373439073563, -0.09746967256069183, -0.20042693614959717, -0.171880841255188, -0.03219578042626381, 3041.3439592031004, 0.09911182522773743, 5633.531452047414]",63,cat
1421,data/audio_cat-classification/NAYA_DATA_AUG1X/Happy/cat_91.mp3,cat,"[-159.576904296875, 68.76050567626953, -51.4625244140625, 43.49593734741211, -51.384666442871094, 29.431974411010742, -30.417694091796875, 16.762697219848633, -34.70990753173828, 12.485650062561035, -21.07624053955078, 7.937427043914795, -0.6512019634246826, 5.957082748413086, 1.639109492301941, -5.317242622375488, 3.328075647354126, 0.4378458261489868, -2.143432378768921, -14.146738052368164, 5.294127941131592, 1.2115451097488403, -0.14896920323371887, 0.6882969737052917, -0.5077934265136719, 0.6093037724494934, -0.291940838098526, 0.266558438539505, -0.040473587810993195, 0.3519055247306824, -0.15255433320999146, -0.010274366475641727, -0.027295036241412163, -0.1159515529870987, -0.018379472196102142, -0.017650751397013664, 0.0943576768040657, -0.1199168860912323, 0.06162022799253464, -0.0990949422121048, -4.269687175750732, -0.5373416543006897, 0.13656513392925262, -0.6257941126823425, 0.27492961287498474, -0.40279462933540344, 0.12095223367214203, -0.4173470139503479, 0.2701554000377655, -0.2994011640548706, 0.18445004522800446, -0.0995795875787735, 0.1344052404165268, -0.014592654071748257, 0.07410745322704315, 0.06006085127592087, 0.066088005900383, 0.08399958163499832, 0.01779216155409813, -0.0012579376343637705, 3131.851340352999, 0.02136548049747944, 5740.876183143029]",63,cat
4977,data/audio_cat-classification/NAYA_DATA_AUG1X/MotherCall/Cat_pills0153.mp3,cat,"[-212.79847717285156, 100.7388916015625, -20.163166046142578, 20.09546661376953, 27.647722244262695, 29.84261131286621, -22.088130950927734, 11.155564308166504, 1.9449684619903564, 6.289402484893799, -5.565728187561035, -4.589315891265869, -2.156013250350952, -2.425144910812378, -4.7434492111206055, -9.157431602478027, 1.5036964416503906, 0.719108521938324, -2.9208574295043945, -2.4323277473449707, 1.1792584657669067, -0.18365605175495148, -0.19600768387317657, 0.058532893657684326, 0.15107940137386322, 0.05479362607002258, -0.23573558032512665, 0.1822507530450821, -0.10170614719390869, 0.0155818872153759, -0.010342438705265522, 0.08607300370931625, 0.06495216488838196, -0.055689018219709396, -0.031517043709754944, -0.1112300381064415, 0.06586414575576782, 0.0942007303237915, 0.034330617636442184, -0.06024499982595444, -0.4352988600730896, -0.04768478870391846, 0.007324011996388435, 0.0059860823675990105, 0.05400189012289047, -0.040447913110256195, -0.023184046149253845, 0.012807346880435944, -0.03836537525057793, -0.01507578045129776, -0.01592443697154522, -0.04906691238284111, -0.032964643090963364, 0.04433140903711319, 0.04693101346492767, -0.013502683490514755, -0.017750758677721024, -0.016761964187026024, 0.009994798339903355, 0.056706421077251434, 2133.9659602030615, 0.01581886038184166, 4369.44580078125]",63,cat
1839,data/audio_cat-classification/NAYA_DATA_AUG1X/Mating/LastEntry_cat1370Mt.mp3,cat,"[-453.96270751953125, 69.55186462402344, 28.528207778930664, 13.595365524291992, -5.880802631378174, -3.7927441596984863, -7.184413433074951, -9.629472732543945, 1.0369563102722168, -3.0148122310638428, -6.1268181800842285, 4.137202739715576, 5.271210670471191, 9.544814109802246, 12.207633018493652, 8.136886596679688, 8.06578254699707, 2.2788281440734863, -3.3720920085906982, -1.2557570934295654, 0.4262229800224304, 0.23251011967658997, -0.0032367054373025894, -0.3887794017791748, -0.14069536328315735, -0.014640575274825096, 0.0183684341609478, 0.005122806411236525, -0.10453148186206818, -0.05603645369410515, 0.026541704311966896, 0.049247901886701584, 0.036662038415670395, -0.03170318156480789, -0.06022286415100098, -0.05730228126049042, -0.061018649488687515, 0.02300938218832016, 0.13215325772762299, 0.19177943468093872, -0.35167407989501953, 0.0390482023358345, -0.11768580973148346, -0.11177228391170502, -0.021047836169600487, 0.014073150232434273, 0.02698247693479061, 0.01698925718665123, -0.019665351137518883, -0.00645348010584712, 0.03367551043629646, -0.006340403109788895, 0.01959899440407753, 0.04047165438532829, 0.021192939952015877, -0.003844229970127344, -0.03133441507816315, -0.05013846233487129, -0.034054189920425415, -0.024592362344264984, 2982.4458981743614, 0.058252353221178055, 6446.630859375]",63,cat
4418,data/audio_cat-classification/NAYA_DATA_AUG1X/Fighting/YashLL_CONF_Cat0261Fit (1).mp3,cat,"[-7.705307483673096, 22.92770767211914, 32.25697326660156, -28.392240524291992, -15.27767276763916, -1.7318819761276245, -29.873395919799805, 2.195218801498413, -6.399987697601318, 2.437614679336548, -4.702749252319336, -13.912602424621582, 2.8376591205596924, -5.233742713928223, -6.3642377853393555, 0.006195475347340107, -4.447094917297363, 1.5260543823242188, -17.78648567199707, 7.1203293800354, -0.4564245045185089, -0.045236460864543915, 0.8199615478515625, 0.060260601341724396, -0.14063042402267456, -0.03211158886551857, -0.13828809559345245, 0.10974790155887604, -0.06581547111272812, 0.01410628017038107, 0.004327835980802774, -0.01283925399184227, -0.041891783475875854, 0.003594929352402687, -0.2447291761636734, -0.15047398209571838, 0.03598485141992569, 0.1658162921667099, 0.0699475035071373, -0.04193956404924393, -0.6094759106636047, -0.05684804171323776, -0.08725842088460922, 0.042456600815057755, 0.01963019371032715, -0.012442931532859802, -0.013367191888391972, -0.07308657467365265, -0.04966375604271889, 0.07258902490139008, 0.13243578374385834, 0.06376064568758011, 0.03636905178427696, -0.013418680988252163, -0.03076089918613434, -0.05849062651395798, 0.0027762206736952066, 0.05198115482926369, 0.044080257415771484, -0.01611735112965107, 4718.103328035808, 0.04637616500258446, 8296.599609375]",63,cat
969,data/audio_cat-classification/NAYA_DATA_AUG1X/Defence/cat06.mp3,cat,"[-367.3453674316406, 48.22616195678711, 14.001259803771973, 11.629054069519043, -4.594300270080566, 16.232118606567383, 15.71833324432373, 14.732109069824219, 10.293961524963379, 10.941679000854492, 4.559847831726074, 7.688608646392822, 15.8619384765625, 10.333087921142578, 12.411498069763184, 15.570425987243652, 7.837398529052734, 2.6422278881073, -4.00090217590332, 11.853471755981445, -0.609218418598175, 0.10731381177902222, 0.4837542772293091, -0.04823179915547371, -0.3575475215911865, 0.13217613101005554, 0.20145635306835175, -0.11297956854104996, 0.15631942451000214, 0.24349775910377502, -0.052681516855955124, 0.04684336110949516, -0.07217337936162949, 0.027684299275279045, 0.004820012487471104, -0.015285239554941654, 0.017462508752942085, 0.05637925863265991, 0.10607267916202545, 0.011198989115655422, -0.7040566802024841, 0.20658205449581146, 0.018000461161136627, -0.016785355284810066, 0.11633113026618958, 0.012162747792899609, 0.05195637792348862, -0.006948435679078102, -0.04633470997214317, -0.09511659294366837, -0.09164250642061234, 0.022014085203409195, -0.017214234918355942, -0.01621924340724945, -0.05383402481675148, -0.1633605808019638, -0.03582896664738655, 0.05708879604935646, -0.13521139323711395, -0.07789105921983719, 3329.0605468777926, 0.04067424312233925, 7235.631247127757]",63,cat
812,data/audio_cat-classification/NAYA_DATA_AUG1X/Defence/LastEntry_cat1363Grl (2).mp3,cat,"[-155.2736053466797, 106.17833709716797, -34.79615783691406, 28.99724006652832, -23.429792404174805, 9.099088668823242, -28.60516929626465, 5.214864730834961, -20.064777374267578, 9.078988075256348, -20.558086395263672, 6.387404918670654, -20.727991104125977, 1.0192419290542603, -5.056797027587891, -1.4294860363006592, -2.2182886600494385, -5.114071846008301, 2.7918572425842285, -3.2941083908081055, -4.9947919845581055, -1.2443605661392212, 0.29261937737464905, -0.4780225455760956, -0.06793411076068878, -0.34367358684539795, 0.12626297771930695, -0.3159460425376892, 0.24982130527496338, -0.2657756507396698, 0.19636566936969757, -0.038050971925258636, 0.34279337525367737, 0.0413602776825428, 0.04284247010946274, -0.011182279326021671, -0.024554461240768433, -0.05179910734295845, -0.05126718059182167, 0.011021371930837631, -2.8949248790740967, -0.6090360283851624, 0.36483147740364075, -0.34087878465652466, 0.23886923491954803, -0.06693004071712494, 0.24107079207897186, 0.02273719012737274, 0.07075868546962738, -0.09624455124139786, 0.15650862455368042, -0.0650518536567688, 0.1523793637752533, 0.10307677835226059, 0.031429048627614975, 0.07407556474208832, 0.005999816581606865, 0.05244402959942818, -0.06306322664022446, 0.09847967326641083, 2308.168127451525, 0.014304617419838905, 5018.1807668585525]",63,cat
5585,data/audio_cat-classification/NAYA_DATA_AUG1X/Resting/LastEntry_cat1215Purr_aug1(1).mp3,cat,"[-229.5255889892578, 132.97251892089844, 44.49258804321289, -1.5920305252075195, -8.162408828735352, -4.365990161895752, -16.628864288330078, -19.18459129333496, -2.2697386741638184, -6.648375988006592, -0.5216261744499207, -6.802568435668945, -13.695762634277344, -6.3184309005737305, -9.193914413452148, -5.853466510772705, -8.904908180236816, -9.762740135192871, -3.354008436203003, -8.443105697631836, 0.4795996844768524, 0.26579082012176514, 0.016510630026459694, -5.017234798287973e-05, 0.10545506328344345, 0.0233986247330904, -0.010427070781588554, -0.10177236795425415, -0.031757183372974396, 0.06622926145792007, 0.1270187944173813, 0.0031357118859887123, -0.020534755662083626, -0.0006368379108607769, -0.06471943110227585, -0.04153291508555412, -0.006808083970099688, 0.08880151808261871, 0.021498223766684532, 0.008612344041466713, -0.3668448030948639, -0.05517837032675743, -0.03506486862897873, 0.01783057488501072, 0.05613290145993233, 0.0014678010484203696, 0.030881311744451523, 0.006943096872419119, -0.017430484294891357, 0.019267721101641655, 0.02972315065562725, 0.023920422419905663, 0.019512487575411797, 0.008447084575891495, -0.004994210787117481, 0.043921712785959244, 0.0233116764575243, 0.004040267318487167, -0.01587827503681183, 0.043637022376060486, 1688.6174540644583, 0.012045563198626041, 3611.8491076548166]",63,cat
2251,data/audio_cat-classification/NAYA_DATA_AUG1X/Mating/cat03117_aug1(1).mp3,cat,"[-359.3428039550781, 95.9572982788086, -3.6950745582580566, 8.158561706542969, 9.364826202392578, -4.221560478210449, -9.521536827087402, 2.710150718688965, 1.3175300359725952, -7.2249436378479, -7.5901665687561035, 1.5591660737991333, 3.5119893550872803, -0.7258990406990051, 1.0531120300292969, -3.174478769302368, 3.469053030014038, -3.2956182956695557, 2.4374985694885254, -0.2875368595123291, 2.5303092002868652, 0.7259959578514099, -0.009221618063747883, 0.037107113748788834, 0.04403384029865265, 0.05074714496731758, -0.12214968353509903, 0.01655850000679493, -0.0720861554145813, -0.20556600391864777, -0.17321395874023438, 0.01678602583706379, 0.03455398604273796, -0.010737141594290733, -0.10391678661108017, -0.17889349162578583, -0.06267091631889343, -0.03559562563896179, -0.09625130891799927, -0.04177810624241829, 0.17619913816452026, -0.03053285926580429, -0.0758623480796814, -0.06451136618852615, 0.004563000984489918, 0.006551890168339014, -0.01323371659964323, 0.022383637726306915, 0.013244135305285454, -0.023407287895679474, -0.0033007031306624413, 0.0368143767118454, 0.03009207174181938, 0.024472152814269066, 0.0014782571233808994, 0.005306419916450977, 0.026439618319272995, 0.015954962000250816, -0.007291583810001612, 0.020806685090065002, 1580.0410088048325, 0.18276704847812653, 3182.8765869140625]",63,cat
1962,data/audio_cat-classification/NAYA_DATA_AUG1X/Mating/cat018_aug1(1).mp3,cat,"[-305.3674621582031, 132.5716094970703, -9.613170623779297, 14.824666023254395, 5.142935276031494, 2.317950963973999, 0.5632528066635132, 4.180000305175781, 0.3576819598674774, -1.1810355186462402, -3.4178853034973145, 1.9900141954421997, 5.029219150543213, -4.10187292098999, -7.758534908294678, -2.8003077507019043, -1.4472593069076538, -6.095919609069824, -3.891000986099243, -3.723848581314087, 1.717068076133728, 0.8711537718772888, -0.01445949636399746, 0.08936777710914612, 0.01690467819571495, 0.022423863410949707, 0.05193324759602547, 0.07823451608419418, 0.0598309151828289, -0.014165906235575676, -0.02327192761003971, 0.013345355167984962, 0.04271653667092323, -0.08515998721122742, -0.07631666213274002, -0.026539433747529984, -0.05315972492098808, -0.05805179104208946, -0.02585320733487606, 0.014055263251066208, -0.04198027774691582, 0.0051066079176962376, 0.01082791481167078, -0.021488280966877937, 0.010667795315384865, -0.0023797396570444107, -0.02008439600467682, -0.020649394020438194, -0.024746742099523544, -0.03292395919561386, -0.016409937292337418, -0.0017516271909698844, 0.00498691201210022, 0.03397244215011597, 0.03124665655195713, 0.022157873958349228, -0.0019776253029704094, -0.0028537313919514418, -0.002075791358947754, -0.014317954890429974, 1447.0101378705685, 0.06681625545024872, 2438.5711669921875]",63,cat
2718,data/audio_cat-classification/NAYA_DATA_AUG1X/Warning/cat_Growl012.mp3,cat,"[-364.8302917480469, 93.20296478271484, -17.922039031982422, -0.1726849526166916, -15.648876190185547, -7.560327529907227, 0.31072431802749634, -2.16446852684021, -17.32535743713379, -13.162734031677246, -8.05530071258545, -11.907751083374023, -10.343332290649414, -7.557566165924072, -7.570647239685059, -9.165404319763184, -4.314176082611084, -0.12917761504650116, -1.8749505281448364, 0.34412258863449097, 0.0863686352968216, -0.5214523077011108, -0.357365220785141, -0.05877937003970146, 0.007737056817859411, 0.04871892184019089, -0.11783059686422348, -0.08497069031000137, 0.03581937029957771, 0.10299116373062134, 0.054051436483860016, 0.10975267738103867, -0.010461999103426933, 0.005491611082106829, 0.0637950599193573, 0.13162046670913696, 0.034541305154561996, 0.019825683906674385, 0.005776647012680769, -0.039936043322086334, -0.1656966656446457, 0.032089658081531525, -0.03915378451347351, -0.03148771449923515, 0.0958937481045723, 0.11039753258228302, 0.05162312090396881, 0.040939588099718094, 0.011483636684715748, -0.046931538730859756, -0.025811128318309784, 0.010485198348760605, 0.005855038296431303, -0.0008675987483002245, 0.02272999845445156, 0.005605378653854132, -0.0042513832449913025, 0.04324107617139816, -0.0005142302252352238, 0.05200115963816643, 2466.091353394516, 0.08428341895341873, 4928.48461254223]",63,cat
1611,data/audio_cat-classification/NAYA_DATA_AUG1X/Happy/cat_youtube01113_aug1(1).mp3,cat,"[-210.45571899414062, 43.34855651855469, -0.9304826855659485, -10.508186340332031, -4.046988487243652, 23.61405372619629, -5.044838905334473, -6.929468154907227, -9.934699058532715, -8.420249938964844, -1.367193341255188, -8.492376327514648, 6.0082221031188965, 15.339459419250488, 7.841251373291016, -3.2864530086517334, -13.50247859954834, -6.298117160797119, -7.368505954742432, -2.6248435974121094, -0.6730282306671143, -0.14892180263996124, -0.34965065121650696, -0.07174406200647354, -0.08792473375797272, 0.04620445892214775, 0.16433848440647125, 0.12426870316267014, -0.02523375116288662, 0.009275334887206554, 0.11997324228286743, 0.07998332381248474, 0.07994323968887329, -0.02984381839632988, 0.009040700271725655, 0.0038945674896240234, -0.09726221114397049, 0.1125120222568512, 0.017006080597639084, -0.026491880416870117, -2.0012080669403076, -0.11718951165676117, 0.059223830699920654, 0.14185672998428345, 0.046112217009067535, -0.09985930472612381, -0.042175378650426865, 0.01513474527746439, 0.032400164753198624, 0.03986753150820732, 0.023737572133541107, 0.04708223044872284, 0.08023371547460556, 0.015037025325000286, 0.016980022192001343, -0.02513856813311577, 0.0028455825522542, -0.01718084141612053, 0.0716557428240776, 0.07513737678527832, 3502.8171538891092, 0.061315376311540604, 7186.901120105422]",63,cat
1965,data/audio_cat-classification/NAYA_DATA_AUG1X/Mating/LastEntry_cat1068Mat_aug1(1).mp3,cat,"[-292.74884033203125, 126.15752410888672, 10.177228927612305, 12.515579223632812, -6.177308559417725, -1.0695466995239258, -13.113669395446777, 5.359137535095215, -15.548898696899414, -7.284328460693359, -2.967355728149414, -11.16624641418457, -0.10401789098978043, -8.875202178955078, -1.0127838850021362, -9.982717514038086, -7.619041919708252, -6.878748893737793, -3.514805793762207, -1.1181414127349854, 1.4382216930389404, 0.5272179841995239, 0.07933109253644943, 0.06019841134548187, -0.039942190051078796, -0.012320942245423794, -0.05673551559448242, -0.003018548246473074, -0.0604170523583889, -0.05201049521565437, -0.0454850047826767, -0.07725077867507935, -0.024992868304252625, -0.044205985963344574, -0.011851916089653969, -0.040724016726017, -0.05633925274014473, -0.024425748735666275, 0.0020506686996668577, 0.014121664687991142, -0.005472966004163027, -0.03371123597025871, 0.010890413075685501, -0.014157268218696117, 0.02733137644827366, 0.008444419130682945, 0.005868550390005112, -0.00363101065158844, 0.010807258076965809, -0.008167196065187454, -0.0021535505075007677, 0.010518735274672508, -0.011915895156562328, 0.0033382633700966835, -0.006127104628831148, 0.014078638516366482, 0.008328835479915142, 0.004987723659723997, 0.005865318700671196, -0.003789780894294381, 1242.584214740884, 0.13339298963546753, 2540.0016622340427]",63,cat
4393,data/audio_cat-classification/NAYA_DATA_AUG1X/Fighting/Last_addCat279Fit (2).mp3,cat,"[-229.84075927734375, 79.5105972290039, -31.798742294311523, 11.279163360595703, -27.525053024291992, 9.578157424926758, -34.7489013671875, 14.915060997009277, -10.966052055358887, 13.571403503417969, -10.680475234985352, 12.248245239257812, -10.384618759155273, -0.8138992786407471, 0.37770408391952515, 6.469080924987793, 1.9261000156402588, 3.8668665885925293, 3.669192314147949, -0.13087481260299683, 1.0369974374771118, -0.058601584285497665, -0.12782424688339233, 0.04092184454202652, -0.06370831280946732, 0.13012294471263885, -0.07737382501363754, -0.010871591046452522, -0.08738783001899719, 0.11083987355232239, 0.0012000034330412745, 0.03268222510814667, -0.054269008338451385, 0.019721100106835365, -0.024744665250182152, -0.011272457428276539, -0.06850841641426086, -0.01425748597830534, -0.04324929788708687, -0.025850659236311913, -0.22430509328842163, -0.08283654600381851, 0.06758637726306915, 0.06068684160709381, 0.034978047013282776, -0.014728487469255924, 0.019132155925035477, -0.036441870033741, -0.014455356635153294, -0.005386380944401026, 0.01465239841490984, -0.021913612261414528, 0.026632899418473244, -0.01588267832994461, -0.004898750223219395, 0.021019866690039635, 0.017699051648378372, 0.010500576347112656, -0.0023053190670907497, 0.01785104162991047, 2821.0446487180184, 0.024494251236319542, 5567.7914319285355]",63,cat
4650,data/audio_cat-classification/NAYA_DATA_AUG1X/Fighting/car_extcoll0222.mp3,cat,"[-180.8384246826172, 27.70614242553711, -86.0012435913086, -42.098480224609375, -7.767009258270264, -22.886550903320312, -8.416633605957031, -28.937637329101562, 1.3257509469985962, 9.376216888427734, -21.957683563232422, 14.988368034362793, -12.06979751586914, -17.244985580444336, 13.03618335723877, -17.707792282104492, 9.314550399780273, -23.831666946411133, 0.2990674674510956, 11.306220054626465, -0.16506852209568024, 0.3189484477043152, -0.5042209625244141, -0.4173765182495117, 0.13171815872192383, 0.3665681779384613, 0.17898531258106232, 0.13747930526733398, 0.09061039984226227, 0.00754276430234313, -0.015801193192601204, -0.027966110035777092, -0.10235098004341125, -0.02967742644250393, 0.11424185335636139, 0.23387722671031952, -0.07209388166666031, -0.051588837057352066, -0.12293460220098495, -0.04718228057026863, -0.012687671929597855, -0.18250319361686707, 0.037084147334098816, 0.027404488995671272, -0.10783256590366364, -0.12786239385604858, -0.0659264400601387, 0.06866924464702606, -0.11663297563791275, -0.11780501902103424, 0.08416032046079636, 0.09664300829172134, -0.025081798434257507, -0.04968494176864624, -0.040751248598098755, 0.031678587198257446, -0.011536507867276669, 0.046938490122556686, -0.02041764184832573, -0.04691965878009796, 3269.90378964571, 0.025511812418699265, 5903.315261314655]",63,cat
4937,data/audio_cat-classification/NAYA_DATA_AUG1X/MotherCall/Cat_pills0156.mp3,cat,"[-225.9629364013672, 148.02828979492188, 0.4595597982406616, 16.70135498046875, 6.673295021057129, 16.24685287475586, -8.644062995910645, -2.6881213188171387, 6.036635875701904, -1.3087719678878784, 1.0985113382339478, 7.7446746826171875, -4.177238941192627, -4.464434623718262, -2.479327440261841, -6.019359111785889, -2.9131133556365967, -2.4417500495910645, -4.439849853515625, -5.711907863616943, 0.7929162979125977, 0.24409028887748718, -0.1967821568250656, -0.046086423099040985, -0.09195839613676071, -0.06470940262079239, 0.015975823625922203, -0.05311598256230354, 0.12058068811893463, -0.05011623352766037, 0.034511715173721313, 0.05844895914196968, 0.04503379017114639, 0.010098651051521301, -0.06617651134729385, 0.07430452108383179, 0.04285210371017456, -0.02382536046206951, -0.010440618731081486, 0.08100438863039017, -0.4434279799461365, -0.003974331077188253, -0.015814846381545067, -0.006614703685045242, 0.07017514109611511, 0.01392088457942009, -0.0336628220975399, -0.012116608209908009, -0.05739960819482803, -0.009067527949810028, 0.015541201457381248, 0.019122494384646416, 0.011014546267688274, 0.010340847074985504, 0.041508231312036514, -0.024861743673682213, -0.01119975745677948, -0.02405252866446972, -0.006379710044711828, 0.010008709505200386, 1329.8774217368218, 0.005224460270255804, 2558.838218330537]",63,cat
1032,data/audio_cat-classification/NAYA_DATA_AUG1X/Defence/LastEntry_cat1200Hiss_aug1(1).mp3,cat,"[-100.02758026123047, 62.50701904296875, -40.90528106689453, 3.286447048187256, -16.098173141479492, 7.452043056488037, -13.81644058227539, -7.8368377685546875, -19.099777221679688, -1.7058333158493042, -9.919445991516113, -3.0088069438934326, -2.1984176635742188, 2.066484212875366, -3.281705856323242, 0.8832571506500244, -3.0562286376953125, -3.941183090209961, -3.1318047046661377, 2.5105719566345215, 1.2862844467163086, -1.5556286573410034, -0.029097994789481163, -0.8382337093353271, -0.032137181609869, -0.16690658032894135, 0.09959173947572708, 0.1620141863822937, 0.09832460433244705, -0.04627089574933052, -0.07113737612962723, -0.10526290535926819, 0.010061915032565594, -0.1363023966550827, -0.17732274532318115, 0.23405799269676208, 0.04900214076042175, 0.10613454878330231, 0.006383779924362898, -0.09616285562515259, -1.300606369972229, 0.32387053966522217, 0.07466943562030792, -0.02367059513926506, 0.037033695727586746, 0.05053771287202835, -0.014254948124289513, -0.23779046535491943, -0.0330272912979126, -0.08652874082326889, 0.008882193826138973, 0.07475001364946365, 0.02402406744658947, -0.09995721280574799, 0.024577051401138306, 0.021479124203324318, -0.1366606205701828, -0.03925401344895363, 0.10449494421482086, -0.07403858751058578, 2991.3614453114174, 0.09708133339881897, 5797.573898087687]",63,cat
5046,data/audio_cat-classification/NAYA_DATA_AUG1X/MotherCall/Last_addCat157Pil_aug1(1).mp3,cat,"[-289.0789489746094, 133.17263793945312, 21.716899871826172, 45.186492919921875, 17.0360107421875, 12.779919624328613, 13.769466400146484, 11.54792308807373, -4.98551607131958, -2.154188394546509, 0.9000923037528992, 1.9465488195419312, -0.7223599553108215, -4.1105241775512695, 1.252131462097168, -2.401367664337158, -3.4349467754364014, 0.7306219339370728, -4.240448474884033, -4.748077869415283, 1.5074095726013184, 0.4656091034412384, -0.24598750472068787, 0.1482582837343216, 0.1494714766740799, -0.0499846488237381, 0.04670288786292076, 0.29528161883354187, 0.089136503636837, -0.12724488973617554, -0.1404021829366684, -0.0224478617310524, 0.14333570003509521, -0.014661185443401337, -0.042205315083265305, 0.01606827974319458, -0.006329760421067476, -0.08948980271816254, 0.05519244074821472, 0.06010203808546066, -0.1640215516090393, 0.09422867000102997, -0.09164329618215561, -0.08683368563652039, -0.028558459132909775, -0.06405580788850784, 0.009789476171135902, -0.04371201619505882, 0.11326958984136581, 0.10018957406282425, -0.07322520017623901, -0.10625400394201279, 0.03599712625145912, 0.1092594787478447, 0.01401202380657196, 0.009097038768231869, 0.0774933248758316, -0.029075533151626587, -0.12416638433933258, 0.082701675593853, 1107.436763119185, 0.0898013710975647, 1825.1142351017443]",63,cat
4690,data/audio_cat-classification/NAYA_DATA_AUG1X/Fighting/Online_Cat0367Ang.mp3,cat,"[-185.1068878173828, 125.9759292602539, -94.4739990234375, 22.419921875, -39.332733154296875, 17.44710922241211, 13.258810997009277, -21.77073860168457, 11.761744499206543, -17.938358306884766, 6.3119730949401855, 0.344860702753067, -6.27756929397583, 11.047757148742676, -4.302842140197754, 12.940656661987305, 2.0904252529144287, -1.5265634059906006, 4.3387250900268555, -10.262721061706543, -7.682309627532959, 0.7501653432846069, 0.6036571264266968, 0.05885620787739754, -0.5955427885055542, -0.26019778847694397, -0.1395934820175171, -0.24086354672908783, -0.21039550006389618, -0.28633150458335876, 0.051512595266103745, -0.3306485414505005, 0.007558876648545265, 0.2003219872713089, -0.07493408024311066, -0.03910381346940994, -0.23832280933856964, -0.48044082522392273, -0.3183245062828064, -0.080653116106987, 0.8744998574256897, -0.2437216341495514, 0.8951275944709778, -0.18918836116790771, 0.32645541429519653, -0.05971384793519974, -0.00205994606949389, 0.3350238502025604, -0.09365271031856537, 0.3720797300338745, 0.11794492602348328, -0.0036758477799594402, 0.10823098570108414, -0.07415707409381866, -0.2157810926437378, -0.05512732267379761, 0.11058582365512848, -0.09954245388507843, 0.0030211766716092825, 0.31415173411369324, 1955.8440729503586, 0.0032754484564065933, 3295.5957952535377]",63,cat
5543,data/audio_cat-classification/NAYA_DATA_AUG1X/Resting/catpurring141.mp3,cat,"[-334.2665710449219, 85.84825134277344, -5.064415454864502, 22.247886657714844, 1.1720860004425049, 10.207493782043457, 2.957524299621582, 17.08865737915039, 9.962890625, -7.7096476554870605, -9.556158065795898, -1.1435680389404297, -5.931063175201416, -17.58020782470703, 1.2957745790481567, 4.12551736831665, -10.456835746765137, 5.213403224945068, 1.3515331745147705, 4.830153465270996, 0.3378767669200897, -0.01813223958015442, -0.02596406079828739, -0.05533812567591667, -0.049600034952163696, -0.04397806525230408, 0.0021119299344718456, 0.024806438013911247, -0.03402172029018402, 0.05784176290035248, -0.019192233681678772, -0.06828886270523071, 0.01293514296412468, 0.025051318109035492, -0.03397119417786598, 0.0703543946146965, 0.011488878168165684, 0.013289066031575203, -0.002842813031747937, -0.01813315972685814, -0.013343403115868568, -0.026471396908164024, -0.12116992473602295, 0.03756440430879593, -0.04000125825405121, -0.043745797127485275, 0.020562058314681053, 0.01223807130008936, 0.006206752732396126, -0.03379973769187927, -0.008938499726355076, -0.011476920917630196, 0.0030923376325517893, -0.02373018115758896, 0.0007723669987171888, -0.003081359900534153, -0.004530407954007387, 0.021994059905409813, 0.021313123404979706, 0.026463523507118225, 2542.366142994943, 0.051836732774972916, 5481.391918386212]",63,cat
5128,data/audio_cat-classification/NAYA_DATA_AUG1X/MotherCall/Last_addCat154Pil.mp3,cat,"[-268.6883544921875, 66.55389404296875, 2.7786948680877686, 47.84270477294922, 14.747892379760742, 18.536909103393555, 25.327510833740234, 17.27037811279297, -0.27738144993782043, 4.825369834899902, 1.1081349849700928, 3.132981777191162, 3.465229034423828, -1.4641730785369873, 0.10350234061479568, -3.2137084007263184, 0.35613739490509033, 2.085968255996704, 1.1783742904663086, -1.5421314239501953, 0.2632679045200348, -0.2543608248233795, -0.25276267528533936, 0.09416956454515457, 0.05050916224718094, -0.07149649411439896, 0.18003112077713013, 0.23016294836997986, -0.2419224977493286, -0.19528813660144806, 0.28320756554603577, 0.2938648462295532, -0.12016594409942627, -0.12869493663311005, 0.14110200107097626, -0.16768036782741547, -0.14181596040725708, 0.3455670177936554, 0.06476546823978424, -0.22822614014148712, -0.37649133801460266, -0.057301267981529236, -0.022869575768709183, 0.04062778130173683, -0.008864667266607285, 0.029004303738474846, -0.005799338221549988, 0.02690519392490387, 0.039499085396528244, -0.09631811827421188, -0.20911487936973572, 0.07063616067171097, 0.1705177128314972, -0.08150985836982727, -0.022378962486982346, 0.14455457031726837, -0.1288778930902481, -0.1478865146636963, 0.17097531259059906, 0.01627236045897007, 2475.9896309066226, 0.009474770165979862, 3879.6170680642986]",63,cat
2366,data/audio_cat-classification/NAYA_DATA_AUG1X/Warning/cat_flickr01448_aug1(1).mp3,cat,"[-211.69471740722656, 67.78280639648438, 9.474757194519043, 9.771810531616211, 0.7446498870849609, 5.713870048522949, 0.9578266739845276, -3.913870096206665, -5.219283103942871, 1.8698618412017822, 0.9594661593437195, -0.27525994181632996, -2.4740383625030518, -0.31125137209892273, 0.32838040590286255, 3.2658774852752686, -1.9060131311416626, -2.5850393772125244, -4.429728984832764, -2.580427408218384, 3.421398639678955, 0.7021182775497437, 0.12165708839893341, 0.03505406528711319, -0.030077693983912468, 0.01590893045067787, -0.04653061553835869, -0.19672122597694397, -0.09323371201753616, 0.0025304246228188276, 0.026996437460184097, 0.0027369491290301085, 0.008452733047306538, 0.03478103503584862, 0.11319780349731445, 0.02272101677954197, -0.09571792930364609, -0.08208801597356796, -0.09693918377161026, -0.08317078649997711, 0.03080405853688717, 0.03105187602341175, -0.021593179553747177, -0.026816098019480705, -0.028086313977837563, -0.008206442929804325, -0.020930614322423935, -0.0061421445570886135, -0.007790160831063986, 0.0276898555457592, 0.020022647455334663, 0.018272606655955315, 0.01394317951053381, -0.004317448474466801, -0.013219430111348629, -0.035386309027671814, -0.05475281924009323, -0.03791402280330658, -0.02212153561413288, 0.012779544107615948, 1993.9488027288826, 0.21659453213214874, 4731.417912544964]",63,cat
168,data/audio_cat-classification/NAYA_DATA_AUG1X/Paining/Online_Cat0549Pill_aug1(1).mp3,cat,"[-220.8033447265625, 19.316064834594727, -16.09204864501953, 22.02979850769043, -6.728282451629639, 11.689326286315918, -2.546210765838623, 22.48678970336914, 6.748434543609619, 11.452588081359863, 0.47606736421585083, -5.2024664878845215, 4.170554161071777, 4.833696365356445, 12.073371887207031, -6.318458557128906, 7.724337577819824, 1.1861038208007812, -0.420797735452652, -3.3278326988220215, 0.5051668882369995, -0.024504849687218666, -0.11217433959245682, 0.035033296793699265, -0.05981501191854477, 0.08845604956150055, -0.044718146324157715, -0.03036011941730976, -0.07652302831411362, -0.07675045728683472, -0.06025553494691849, -0.05876758694648743, -0.0014865654520690441, 0.002459445269778371, 0.05610337853431702, -0.010784515179693699, -0.04413327947258949, -0.047998081892728806, 0.03347693011164665, -0.0029065459966659546, -0.3839122951030731, -0.1478104144334793, 0.07206536084413528, 0.03625088557600975, 0.019657157361507416, 0.027575746178627014, 0.03177526593208313, -0.048779308795928955, -0.02881121262907982, -0.08451222628355026, -0.10783445835113525, -0.07084930688142776, -0.012153116054832935, 0.09170285612344742, 0.05390644446015358, -0.014842486940324306, -0.037256330251693726, -0.011569572612643242, -0.017234181985259056, -0.033449772745370865, 4020.4886113347493, 0.0913923904299736, 7452.79975503178]",63,cat
1507,data/audio_cat-classification/NAYA_DATA_AUG1X/Happy/Online_Cat0380hpy.mp3,cat,"[-235.18099975585938, 78.69233703613281, -14.915440559387207, -4.827042102813721, 0.6737756729125977, 3.4653682708740234, 2.543588161468506, -3.647930383682251, -10.933622360229492, -5.616127967834473, -3.0021626949310303, 2.696126699447632, 19.24895668029785, 19.715713500976562, -1.892494797706604, -12.934798240661621, -16.28118324279785, -2.173110246658325, 10.454154014587402, -1.867896318435669, -1.0989415645599365, 0.029616203159093857, 0.8099402189254761, -0.12430558353662491, -0.39148303866386414, 0.31947940587997437, -0.0072969370521605015, -0.5209124684333801, -0.21403230726718903, 0.12536562979221344, -0.34993261098861694, -0.48584023118019104, -0.16388456523418427, 0.5608269572257996, 0.6617509126663208, 0.15604840219020844, 0.24295131862163544, -0.2161819487810135, -0.23313607275485992, 0.48100727796554565, -1.6172245740890503, 0.21563586592674255, -0.12603695690631866, -0.03494950011372566, 0.0067532784305512905, -0.08687122911214828, -0.3293561041355133, -0.0008530994527973235, -0.12163935601711273, -0.13194742798805237, 0.0030274135060608387, 0.07922933250665665, -0.0431978702545166, -0.059091825038194656, -0.1158420667052269, 0.08501256257295609, 0.12423522025346756, -0.0685632973909378, -0.105788454413414, -0.1323847621679306, 2443.833249919273, 0.016802813857793808, 4598.10791015625]",63,cat
296,data/audio_cat-classification/NAYA_DATA_AUG1X/Paining/cat_flickr01295.mp3,cat,"[-229.1888427734375, 30.3812255859375, -22.538490295410156, -2.4323084354400635, 8.883498191833496, 2.5893006324768066, -13.8451566696167, 0.6267992854118347, -16.26126480102539, 5.368405342102051, 1.1764930486679077, -0.8311298489570618, 0.39105984568595886, 0.08673250675201416, -1.876554250717163, -4.475887298583984, -2.3786025047302246, -6.781198978424072, -3.340559720993042, -0.3644576370716095, 0.6382854580879211, 0.15898315608501434, 0.06550654023885727, -0.08026671409606934, -0.01655007340013981, -0.04648707062005997, 0.08388342708349228, 0.07450621575117111, 0.04340847581624985, 0.06664149463176727, 0.1767360419034958, 0.22885537147521973, 0.11757616698741913, 0.0174174215644598, -0.08539943397045135, -0.09955217689275742, -0.03828388452529907, -0.015315060503780842, 0.013491814956068993, 0.011336002498865128, -0.3933490514755249, -0.03208697587251663, -0.034697964787483215, -0.003194264369085431, 0.033836014568805695, 0.022257499396800995, 0.01080502849072218, -0.009882231242954731, -0.007691783830523491, -0.0485437735915184, -0.06343278288841248, -0.03996440768241882, 0.0295662060379982, 0.03584568202495575, 0.031151805073022842, -0.034082863479852676, -0.03055325709283352, -0.016954347491264343, 0.010286631062626839, 0.0405135452747345, 3600.0630697744195, 0.08857889473438263, 7143.284893519987]",63,cat
5608,data/audio_cat-classification/NAYA_DATA_AUG1X/Resting/cat_flickr01398 (2)_aug1(1).mp3,cat,"[-197.94189453125, 76.81002044677734, 31.935274124145508, 5.4434123039245605, 3.6915881633758545, 3.78422212600708, 6.718165397644043, 1.3482160568237305, -7.05086612701416, -8.036808013916016, -4.61988639831543, -1.9755505323410034, -3.5808098316192627, -0.2126321643590927, -6.110175609588623, -3.823837995529175, -3.807309865951538, 0.1585010439157486, -2.033405303955078, -1.742967963218689, 1.396250605583191, 0.37185749411582947, 0.08943071216344833, -0.05257604643702507, -0.015150818042457104, 0.0436832495033741, 0.05168541148304939, 0.008881988935172558, -0.07604388892650604, -0.07120250165462494, -0.023124294355511665, -0.019478488713502884, -0.03315114229917526, -0.00823590811342001, -0.031192593276500702, -0.001816962263546884, -0.01338528748601675, 0.01583963818848133, 0.03276730701327324, 0.0071502081118524075, -0.039486903697252274, 0.0006120286998338997, 0.0031719093676656485, 0.0020195695105940104, -0.00786992721259594, 0.004121535457670689, 0.001405698829330504, -0.015164359472692013, 0.0035106129944324493, 0.0036359624937176704, 0.006402843631803989, 0.00966516975313425, 0.007345183752477169, -0.0023924661800265312, 0.008058827370405197, -0.004205937031656504, -0.010029618628323078, 0.006027087569236755, -0.015602164901793003, -0.013936172239482403, 2770.896243631751, 0.11918222159147263, 6734.283630005614]",63,cat
5175,data/audio_cat-classification/NAYA_DATA_AUG1X/MotherCall/Cat_pills0157_aug1(1).mp3,cat,"[-213.6521759033203, 125.35151672363281, -14.133424758911133, 8.246790885925293, 5.504936695098877, 0.4872415065765381, -11.99551773071289, 6.887803077697754, -0.3655473291873932, -1.127020239830017, 2.8075344562530518, -2.3108155727386475, -6.5934343338012695, -1.9168339967727661, -6.1497721672058105, 2.6492397785186768, -4.079073429107666, -8.162559509277344, -6.924142360687256, -2.9897212982177734, -3.826937437057495, -1.1152830123901367, 0.2895888090133667, -0.041166018694639206, -0.03967372700572014, 0.10627221316099167, 0.09140673279762268, -0.13312222063541412, -0.017876019701361656, -0.012735061347484589, -0.1070350930094719, 0.035513874143362045, 0.10800611227750778, 0.03741393983364105, -0.03406361863017082, -0.04131465032696724, 0.06802316755056381, 0.07757291942834854, 0.04255224019289017, 0.02468334138393402, -0.34663838148117065, -0.046306148171424866, -0.0020876070484519005, 0.0033598209265619516, 0.04598952829837799, 0.0002450820174999535, 0.010583111084997654, -0.013892152346670628, -0.016633596271276474, -0.008023526519536972, -0.013393346220254898, -0.0056024473160505295, 0.007305131293833256, 0.03337569534778595, 0.047183968126773834, 0.015526904724538326, -0.020219838246703148, -0.000717906397767365, -0.0012263866374269128, -0.010223662480711937, 1274.530632458989, 0.14486312866210938, 2432.7769559972426]",63,cat
3288,data/audio_cat-classification/NAYA_DATA_AUG1X/Angry/cat_flickr01340_aug1(1).mp3,cat,"[-147.86453247070312, 104.22103118896484, -21.293001174926758, 3.833975315093994, 4.5102314949035645, 3.9558699131011963, 4.785187244415283, 13.02318286895752, 10.98940372467041, -3.5284993648529053, -3.9350547790527344, 0.4041750133037567, -8.935992240905762, 2.5747792720794678, 11.349424362182617, 13.988545417785645, 2.5317466259002686, -3.3901169300079346, -1.4707841873168945, -2.555166006088257, 0.6255224943161011, 0.19156087934970856, -0.042520251125097275, 0.13052484393119812, 0.02782442420721054, -0.03062974475324154, 0.005240338854491711, 0.002724815160036087, -0.03084333799779415, -0.04286929592490196, -0.01146119274199009, 0.07651716470718384, -0.10953909903764725, -0.05520862340927124, 0.024408727884292603, -0.0021662390790879726, -0.06146545708179474, -0.05552195757627487, 0.020770173519849777, 0.00897167157381773, -0.3869785964488983, -0.01736818440258503, 0.054688967764377594, -0.026498785242438316, -0.051349006593227386, -0.03436024487018585, -0.0033448967151343822, 0.000947819382417947, -0.0073599847964942455, 0.02838313952088356, -0.0496145635843277, -0.029707282781600952, 0.04695641249418259, 0.0018663478549569845, -0.013104619458317757, 0.00923401303589344, -0.015569738112390041, -0.034211162477731705, 0.018803689628839493, -0.017987877130508423, 2015.2455477573676, 0.013370807282626629, 3803.5929911845437]",63,cat
3305,data/audio_cat-classification/NAYA_DATA_AUG1X/Angry/Last_addCat320Angry_aug1(1).mp3,cat,"[-197.9044647216797, 173.33795166015625, -89.78775787353516, -8.848873138427734, 12.031121253967285, -42.3300666809082, 3.207965612411499, 13.495611190795898, -14.03425121307373, 1.0258173942565918, 2.9741873741149902, -3.9076061248779297, 2.490245819091797, -8.028606414794922, -7.506499767303467, 11.261198997497559, 12.515203475952148, 15.576180458068848, 16.932355880737305, -0.6729549765586853, -0.09572397172451019, 0.4487776458263397, 0.1059318333864212, 0.024731755256652832, -0.05475098267197609, -0.14060309529304504, -0.09272730350494385, -0.0780063197016716, -0.09680265188217163, -0.05311042070388794, -0.054388415068387985, -0.04959286376833916, -0.019155938178300858, -0.06189503148198128, -0.06824862957000732, -0.0018743487307801843, -0.0023950086906552315, -0.05836308002471924, -0.08919598907232285, -0.026741068810224533, -0.14096510410308838, -0.18254372477531433, 0.19777356088161469, 0.08542066812515259, 0.012130890041589737, 0.09088986366987228, 0.015000319108366966, 0.0360734723508358, 0.0729307010769844, -0.01942947879433632, 0.0007809843518771231, 0.058552999049425125, 0.04908257722854614, 0.059864550828933716, 0.03767646104097366, 0.04583320766687393, 0.07249264419078827, 0.02053527906537056, -0.046190571039915085, -0.06646021455526352, 1196.6777658591682, 0.0003052750544156879, 2123.8505859375]",63,cat
2337,data/audio_cat-classification/NAYA_DATA_AUG1X/Mating/LastEntry_cat1057Mat.mp3,cat,"[-490.4295349121094, 130.1147918701172, 0.9969400763511658, 10.821575164794922, -12.011659622192383, 19.315229415893555, -12.422065734863281, 15.36575698852539, -9.28841495513916, -13.336923599243164, 1.0525131225585938, -14.15279483795166, 8.460066795349121, -7.557857990264893, -1.443036437034607, -0.9952439069747925, -2.335613965988159, -3.5526833534240723, -3.980929374694824, 1.603803038597107, 0.6653352975845337, 0.07515215873718262, -0.06644320487976074, -0.025539755821228027, -0.08868061006069183, 0.021966569125652313, 0.08189594745635986, 0.008165930397808552, 0.021294498816132545, 0.015535051003098488, -0.07156696170568466, 0.004254979081451893, 0.05809612199664116, 0.027725618332624435, 0.04151038080453873, -0.01529334019869566, 0.011052083224058151, -0.016376761719584465, -0.027185166254639626, -0.008395589888095856, -0.6802238821983337, 0.06256400048732758, 0.14633148908615112, -0.049249161034822464, 0.03802908584475517, -0.020601248368620872, 0.04697667807340622, -0.021297259256243706, -0.01874171569943428, 0.03362184390425682, 0.022552471607923508, 0.058062680065631866, -0.022478215396404266, 0.010267031379044056, 0.008135159499943256, 0.05167645215988159, 0.033858731389045715, 0.025864552706480026, -0.03234686702489853, -0.031795211136341095, 1793.7514992844144, 0.013379148207604885, 3891.8178679836783]",63,cat
5877,data/audio_cat-classification/NAYA_DATA_AUG1X/Resting/cat_youtube01300.mp3,cat,"[-331.642822265625, 71.03096771240234, 38.19438934326172, 4.881443500518799, -8.759769439697266, -7.52755069732666, -6.931403160095215, -0.6041520237922668, -6.712088108062744, -4.045037269592285, -13.804676055908203, -8.258639335632324, -13.756232261657715, -10.644779205322266, -6.908723831176758, -6.647246837615967, -4.815886974334717, -7.772100925445557, -7.153894901275635, -4.792116165161133, 0.6182063817977905, 0.4184303283691406, -0.06443553417921066, -0.05812808498740196, -0.048393215984106064, -0.11340679228305817, -0.09722065925598145, -0.09292750060558319, -0.06779368221759796, -0.08788943290710449, -0.016671163961291313, 0.07069871574640274, 0.000330809794832021, -0.022735847160220146, -0.018204018473625183, 0.013238179497420788, 0.012627827003598213, -0.04801831766963005, -0.03204645588994026, -0.04188375920057297, -0.4121880829334259, -0.03533901274204254, -0.07394324243068695, 0.015179851092398167, 0.012396872974932194, -0.037162717431783676, 0.022484412416815758, 0.006736859679222107, 0.00814074743539095, 0.009531100280582905, 0.00440496951341629, 0.002019002102315426, 0.0009082274627871811, 0.026554616168141365, 0.012659507803618908, 0.01825866848230362, 0.024260759353637695, 0.0028727094177156687, -0.012235384434461594, -0.016995644196867943, 3418.6593834053906, 0.09759362787008286, 7814.73813860604]",63,cat
5623,data/audio_cat-classification/NAYA_DATA_AUG1X/Resting/catpurring033.mp3,cat,"[-194.34829711914062, 193.75161743164062, -15.13414478302002, 62.64453125, -8.201252937316895, -0.6966649293899536, 16.185260772705078, -4.763212203979492, 4.645873546600342, -11.121855735778809, 17.482255935668945, 8.8724946975708, -1.1310036182403564, 19.213764190673828, 1.9407083988189697, 8.32772445678711, -2.4714245796203613, -6.349361419677734, 10.518773078918457, -5.112997055053711, 0.14778931438922882, 0.17895080149173737, -0.10985086113214493, 0.11604572832584381, -0.08533521741628647, -0.021573126316070557, 0.037246864289045334, 0.039235685020685196, 0.018378792330622673, -0.0954679548740387, 0.05127526447176933, 0.03279242664575577, -0.002294777659699321, 0.05402538925409317, -0.012601415626704693, 0.017756815999746323, 0.0011730268597602844, 0.007217490114271641, 0.07409244030714035, -0.0032756715081632137, -0.10054964572191238, -0.31357982754707336, 0.24180203676223755, -0.17167344689369202, 0.07290541380643845, 0.022727562114596367, -0.029495274648070335, 0.04310833662748337, -0.05151916295289993, 0.029072800651192665, -0.0647582933306694, -0.018971186131238937, 0.008318476378917694, -0.05634419620037079, 0.01512056402862072, -0.028239792212843895, 0.016594385728240013, 0.024060813710093498, -0.03546027094125748, -0.006481985095888376, 748.4245887852542, 0.00022747225011698902, 1585.508911771924]",63,cat
5731,data/audio_cat-classification/NAYA_DATA_AUG1X/Resting/cat_coll0117_aug1(1).mp3,cat,"[-249.86007690429688, 90.13983917236328, 21.19084930419922, 36.58795928955078, 4.673744201660156, 4.969422817230225, -5.303470134735107, 6.384385108947754, 8.951884269714355, 2.472137928009033, 8.384920120239258, 7.847174167633057, -0.5547848343849182, -6.812987327575684, 4.392280101776123, 6.967782974243164, 0.7341552376747131, 10.792234420776367, 5.546319484710693, -3.1617701053619385, 0.5603640079498291, -0.31833747029304504, 0.040832433849573135, 0.3148675560951233, 0.11194125562906265, 0.11993471533060074, -0.07496951520442963, 0.06776455789804459, -0.016117902472615242, 0.028427809476852417, 0.1697528064250946, -0.08222635835409164, -0.08215045928955078, -0.017527099698781967, -0.026888171210885048, 0.007785060442984104, -0.0016106566181406379, 0.06685391068458557, -0.04995638132095337, -0.062269553542137146, -0.34624555706977844, -0.04672500491142273, -0.032857704907655716, 0.007474849000573158, 0.037791747599840164, 0.010989940725266933, -0.016011495143175125, -0.014012560248374939, -0.05265193060040474, 0.009815712459385395, -0.03345364332199097, -0.08190907537937164, -0.0031219201628118753, 0.0332297645509243, -0.003218782367184758, -0.027936777099967003, -0.04013966768980026, -0.02404077909886837, 0.013968577608466148, -0.03629479557275772, 2141.778141813956, 0.021780403330922127, 4872.301307091346]",63,cat
3955,data/audio_cat-classification/NAYA_DATA_AUG1X/HuntingMind/trill02994_aug1(1).mp3,cat,"[-367.54437255859375, 35.030391693115234, -6.236364364624023, 3.9101133346557617, -3.0035789012908936, -0.47639456391334534, -6.261447906494141, 0.35439637303352356, 1.9431614875793457, -6.623363971710205, -7.833634853363037, -11.876114845275879, -8.024991989135742, -7.935103416442871, -6.346803188323975, -3.0326058864593506, -4.1238884925842285, -2.2564337253570557, -0.7100011110305786, -0.9255295395851135, 1.2651642560958862, 0.21908995509147644, 0.1121169701218605, 0.030940724536776543, 0.008645511232316494, 0.08028220385313034, 0.11554612964391708, 0.04048267379403114, -0.10743097960948944, -0.11763002723455429, -0.07626260817050934, -0.049203380942344666, -0.03385075926780701, -0.04811009764671326, -0.005786898545920849, 0.0013878056779503822, 0.006178237497806549, -0.029983853921294212, -0.038841430097818375, -0.013890130445361137, 0.12838442623615265, 0.1314721554517746, -0.009401640854775906, -0.019359711557626724, 0.0063773649744689465, 0.007101349998265505, -0.019149113446474075, -0.01700000837445259, 0.010981573723256588, -0.020414242520928383, -0.0494261272251606, -0.04574081301689148, -0.008382194675505161, 0.0013204776914790273, -0.005723305977880955, 0.0032315622083842754, -0.002055072458460927, 0.002329935086891055, -0.004853125661611557, -0.019563866779208183, 3473.6048392022417, 0.32380715012550354, 6770.003568209135]",63,cat
2658,data/audio_cat-classification/NAYA_DATA_AUG1X/Warning/car_extcoll0294.mp3,cat,"[-226.82177734375, 125.61061096191406, -30.65899085998535, 4.496074199676514, -26.206226348876953, 0.6703482866287231, -18.3153018951416, 3.852203607559204, -17.697490692138672, -4.242746353149414, -19.78848648071289, 2.9899096488952637, -12.399079322814941, 1.5887420177459717, -13.734795570373535, 1.1499537229537964, -10.945911407470703, 3.31099534034729, -9.633485794067383, 4.08807897567749, 0.05902678519487381, 0.16240014135837555, -0.05690259858965874, -0.05631816014647484, 0.04949720576405525, 0.005764634348452091, 0.0455077663064003, 0.01189073733985424, -0.02143217623233795, 0.016976868733763695, 0.005913691129535437, 0.016184264793992043, 0.011983929201960564, -0.0282207690179348, -0.01051721628755331, 0.011205150745809078, 0.01761602610349655, -0.06529329717159271, 0.01950106956064701, -0.027562525123357773, -0.3493044972419739, -0.02621566317975521, 0.013398261740803719, -0.013346957042813301, 0.02648852951824665, -0.01159202866256237, 0.031065557152032852, -0.017912186682224274, 0.013858124613761902, -0.02054576762020588, 0.015804769471287727, -0.02093864418566227, -0.007261584047228098, -0.00025640660896897316, 0.005299873184412718, -0.018813852220773697, 0.017753200605511665, 0.015153851360082626, 0.018420888110995293, 0.021550586447119713, 1860.7839044937002, 0.011901231482625008, 3679.310247526696]",63,cat
2600,data/audio_cat-classification/NAYA_DATA_AUG1X/Warning/car_extcoll0309_aug1(1).mp3,cat,"[-332.18212890625, 190.944580078125, 10.432604789733887, 16.770124435424805, 10.042309761047363, -33.50767517089844, -14.15873908996582, -7.048919200897217, -22.12384796142578, -9.993213653564453, -10.331230163574219, -15.399399757385254, -2.072678804397583, -5.1483564376831055, -12.488131523132324, -4.241717338562012, -2.7942914962768555, -3.724350929260254, 0.05325949564576149, -1.2450286149978638, 1.975023865699768, 1.4342116117477417, 0.3092746138572693, 0.23153802752494812, 0.06332995742559433, -0.23713700473308563, -0.17723040282726288, -0.06080375984311104, -0.12294833362102509, -0.11126180738210678, -0.0957755595445633, -0.13007110357284546, -0.09049728512763977, -0.0354950949549675, -0.037584338337183, -0.032434165477752686, -0.03751228004693985, -0.04602561146020889, -0.03931726887822151, -0.029494842514395714, 0.022090543061494827, -0.13541600108146667, 0.08439658582210541, 0.037364620715379715, -0.02490617148578167, 0.06149781495332718, 0.008442177437245846, -0.040465906262397766, -0.019452767446637154, -0.020130248740315437, 0.010622021742165089, 0.024488283321261406, -0.025720730423927307, 0.0015563310589641333, 0.027247833088040352, -0.04043076932430267, -0.03596040606498718, 0.03931238874793053, 0.01118746493011713, -0.033916175365448, 419.73730999608966, 0.19782888889312744, 581.553661040146]",63,cat
4698,data/audio_cat-classification/NAYA_DATA_AUG1X/Fighting/angry4.mp3,cat,"[-256.2295227050781, 66.94334411621094, -133.969482421875, 62.318363189697266, -13.537318229675293, 0.4607316255569458, 19.90308380126953, -6.6096296310424805, 19.57893180847168, -16.727571487426758, 1.2672529220581055, 8.154681205749512, -3.670760154724121, 11.949070930480957, 3.822373867034912, 6.016465187072754, -0.8994542956352234, -2.761040210723877, 1.318130373954773, -1.4081854820251465, -1.2724487781524658, -0.9476819038391113, 0.2542869746685028, 0.33568504452705383, -0.08637071400880814, -0.27462857961654663, -0.2096940279006958, 0.052952900528907776, 0.21035930514335632, 0.26546844840049744, 0.3091481626033783, 0.08237697929143906, -0.19379545748233795, -0.1774558424949646, 0.013765471056103706, 0.10946469008922577, 0.02400638908147812, -0.0153284827247262, -0.003971417900174856, -0.025897275656461716, -0.9141332507133484, -0.21156883239746094, 0.46552011370658875, 0.09957888722419739, 0.14500264823436737, 0.0794127881526947, 0.24776560068130493, 0.0975080281496048, -0.07056313008069992, 0.24756400287151337, 0.05825914070010185, -0.062298353761434555, 0.08636216819286346, 0.13176332414150238, 0.06660844385623932, -0.08166735619306564, 0.06601764261722565, 0.07898566871881485, -0.01333463005721569, 0.05547380447387695, 2551.511257898477, 0.0005629830993711948, 3595.01953125]",63,cat
4917,data/audio_cat-classification/NAYA_DATA_AUG1X/MotherCall/Last_addCat129559Pil_aug1(1).mp3,cat,"[-320.21807861328125, 68.93179321289062, 6.048926830291748, 13.98166275024414, 11.384505271911621, 17.166975021362305, 15.572924613952637, 11.250555038452148, 8.470490455627441, 5.8632426261901855, 3.5623621940612793, -1.6621193885803223, 1.2679353952407837, 1.8915131092071533, -2.4466331005096436, -0.6217392683029175, 0.3355933427810669, -0.9932700395584106, 1.6933645009994507, 2.6328158378601074, 1.7390358448028564, 0.44792285561561584, 0.004215394612401724, 0.06063428148627281, 0.020324818789958954, -0.0153458621352911, 0.03323196619749069, 0.04495686665177345, -0.013199400156736374, 0.03465250879526138, 0.05539115518331528, -0.026250870898365974, -0.06337740272283554, -0.05632838234305382, -0.0526759997010231, -0.039133552461862564, -0.05940179154276848, -0.06955099105834961, -0.051521457731723785, -0.016509976238012314, 0.0780840590596199, 0.04739176109433174, -0.04596322029829025, -0.0061042835004627705, -0.010154363699257374, -0.02710559591650963, 0.002079090801998973, -0.006874347571283579, -0.025330238044261932, 0.007457569241523743, 0.03194592148065567, -0.008004478178918362, -0.03425745666027069, -0.012692357413470745, -0.006928089540451765, -0.031018679961562157, -0.01624465547502041, -0.007376728113740683, 0.004820107016712427, 0.017790790647268295, 2210.1178975343446, 0.1716904491186142, 5175.698617788462]",63,cat
742,data/audio_cat-classification/NAYA_DATA_AUG1X/Defence/car_extcoll0276.mp3,cat,"[-104.38603210449219, 10.513948440551758, -29.81290626525879, 3.029656410217285, -36.51036071777344, 5.438270568847656, -18.1782169342041, -12.972885131835938, -9.514799118041992, -6.096799850463867, -13.124999046325684, -0.16954787075519562, -3.5584256649017334, -11.844776153564453, -3.572117805480957, -2.266301155090332, -7.971165180206299, -1.8650084733963013, -3.547851324081421, -6.1082892417907715, 3.8463287353515625, 0.6776036620140076, -0.6360726952552795, 0.2943434417247772, 1.2009583711624146, 0.29067930579185486, 0.0649009644985199, -0.20319095253944397, 0.42209985852241516, -0.15576785802841187, 0.2300693690776825, -0.07804153859615326, 0.635152280330658, -0.27099454402923584, -0.5685527324676514, -0.21469058096408844, -0.7232258319854736, 0.039092421531677246, -0.4353194236755371, -0.09739483892917633, -2.541827917098999, 0.20224156975746155, 0.3802933990955353, -0.15965643525123596, -0.049744267016649246, 0.21078164875507355, 0.1626882404088974, 0.053908590227365494, -0.15474103391170502, 0.12287621945142746, 0.15249492228031158, 0.11734383553266525, -0.1289909929037094, 0.1750148981809616, 9.963948104996234e-05, 0.011583754792809486, 0.2138647735118866, 0.047392554581165314, -0.016610240563750267, -0.10759667307138443, 4067.3169948864943, 0.1287955641746521, 6663.9052170973555]",63,cat
17,data/audio_cat-classification/NAYA_DATA_AUG1X/Paining/Last_addCat129576Res_aug1(1).mp3,cat,"[-240.90756225585938, 67.32262420654297, -10.729068756103516, -0.30397316813468933, -2.0496156215667725, -2.658304214477539, -7.1847710609436035, 3.6553101539611816, 1.4681776762008667, -5.790577411651611, -7.665637969970703, -3.8212289810180664, 0.6929195523262024, -3.5317742824554443, -5.794558048248291, -2.378723621368408, 0.0033249075058847666, -3.637681484222412, -3.2998640537261963, 0.44133442640304565, 1.383681297302246, 0.3868638277053833, -0.1288481503725052, -0.14306029677391052, 0.019515860825777054, -0.0009238810744136572, -0.06938837468624115, 0.021564161404967308, 0.03173258900642395, -0.05324947461485863, -0.03949427977204323, 0.025253193452954292, 0.009298196993768215, -0.059457842260599136, -0.06974505633115768, -0.03896089270710945, -0.05732613056898117, -0.08147239685058594, -0.014646639116108418, 0.0819716677069664, 0.02445044368505478, 0.040383461862802505, 0.0032633321825414896, 0.0028155476320534945, -0.013835985213518143, -0.02624719962477684, -0.026751555502414703, 0.007469476200640202, 0.009294341318309307, -0.015575255267322063, -0.016798483207821846, -0.020602498203516006, -0.009792691096663475, -0.0075311786495149136, 0.018951376900076866, 0.02851238287985325, 0.010404830798506737, 0.003269957145676017, -0.013389420695602894, -0.030298225581645966, 2281.599761804051, 0.15147578716278076, 4663.739733097671]",63,cat
3652,data/audio_cat-classification/NAYA_DATA_AUG1X/HuntingMind/Cat_YoutubeLLT42399.mp3,cat,"[-488.527587890625, 34.630401611328125, -25.995223999023438, -4.024685859680176, -19.223363876342773, 4.427571773529053, -0.4497600793838501, -8.93229866027832, -3.486759662628174, -11.982473373413086, 0.4541119337081909, 1.5967556238174438, -7.893290996551514, 3.947779655456543, 7.307013988494873, -1.6045551300048828, -0.00420534098520875, 1.7997955083847046, -4.345757007598877, -4.698523998260498, 0.8358684182167053, -0.10972321778535843, 0.016747180372476578, 0.05687140300869942, -0.07852241396903992, -0.016794903203845024, -0.07822783291339874, -0.019523145630955696, -0.013457377441227436, 0.015105602331459522, -0.0508941225707531, -0.04194732382893562, -0.018113160505890846, -0.02506835199892521, -0.014719954691827297, -0.03696208447217941, -0.016295382753014565, 0.002085581421852112, -0.0009839129634201527, 0.007300131488591433, -0.10357712209224701, 0.03134915977716446, -0.04198920726776123, -0.04006706178188324, -0.014313407242298126, -0.010884122923016548, 0.03245949745178223, 0.00591769814491272, 0.013187420554459095, 0.03241950646042824, 0.01580289751291275, 0.0035999862011522055, -0.007869570516049862, -0.010835336521267891, 0.013665780425071716, 0.002770199440419674, -0.002404825994744897, 0.02095327526330948, 0.011136321350932121, 0.04299827665090561, 3791.385121434771, 0.17023134231567383, 7180.407863107287]",63,cat
1400,data/audio_cat-classification/NAYA_DATA_AUG1X/Happy/Edit9104Hpy.mp3,cat,"[-220.5801544189453, 142.3555908203125, -45.53349685668945, 46.7899284362793, -35.611202239990234, 28.184354782104492, -28.347326278686523, 28.997533798217773, -22.320749282836914, 15.385327339172363, -15.237092018127441, 6.792690277099609, -7.481292247772217, 1.4354467391967773, -1.9658039808273315, -4.871744155883789, 0.18445737659931183, -8.920559883117676, 1.035891056060791, -7.742031097412109, 3.813004493713379, 0.569739818572998, -0.1250716596841812, 0.20171181857585907, -0.3193640112876892, 0.22266164422035217, -0.17042548954486847, 0.15975593030452728, -0.11803610622882843, 0.20087479054927826, -0.05509347841143608, -0.03202555701136589, -0.0443180575966835, 0.038082055747509, -0.020371796563267708, -0.05737988278269768, 0.0530821867287159, 0.03049706667661667, -0.016358667984604836, -0.059287142008543015, -1.9363850355148315, -0.7038842439651489, 0.31625068187713623, -0.2511879503726959, 0.1500130593776703, -0.05191783607006073, 0.1427716761827469, -0.13480007648468018, 0.08738850057125092, -0.07727985084056854, 0.07084506005048752, -0.060444217175245285, 0.08713772147893906, 0.03095979057252407, -0.005481733940541744, 0.006939393002539873, 0.03066456876695156, 0.08845636248588562, 0.03027702122926712, 0.03873397037386894, 1909.380087485111, 0.013262471184134483, 3921.0334329044117]",63,cat
5565,data/audio_cat-classification/NAYA_DATA_AUG1X/Resting/cat_flickr01386 (2)_aug1(1).mp3,cat,"[-154.58847045898438, 123.32899475097656, 30.33779525756836, 25.37316131591797, 0.46156400442123413, 6.97993803024292, -4.498804569244385, 4.218178749084473, -7.469926357269287, 1.9816675186157227, -6.076894760131836, 4.705488204956055, -5.030559539794922, -5.002377986907959, -4.973570823669434, -5.540465354919434, -7.5722527503967285, 0.5367527604103088, -1.6950228214263916, 1.6934247016906738, 0.06828904896974564, -0.08778238296508789, 0.045014116913080215, -0.008790157735347748, 0.01541060395538807, 0.016349375247955322, -0.028593512251973152, 0.015297013334929943, 0.03724472224712372, 0.009817361831665039, 0.0012034641113132238, -0.005261571146547794, -0.031204717233777046, -0.010211460292339325, -0.004708985798060894, -0.004503869917243719, 0.02566547691822052, 0.005420303903520107, 0.023522868752479553, 0.018802355974912643, -0.20378676056861877, -0.07242877781391144, -0.034009989351034164, -0.011733615770936012, 0.03779827058315277, 0.020172953605651855, 0.0014575488166883588, -0.021276988089084625, 0.018266012892127037, 0.0004026861861348152, 0.012702622450888157, 0.01689925789833069, 0.023156508803367615, 0.018815316259860992, 0.025957057252526283, 0.010740667581558228, 0.011020353063941002, -0.01969229243695736, -0.004319641273468733, -0.010984666645526886, 1601.6405259202365, 0.009963796474039555, 3726.162468405331]",63,cat
747,data/audio_cat-classification/NAYA_DATA_AUG1X/Defence/cat_flickr0175_aug1(1).mp3,cat,"[-199.78550720214844, 55.632957458496094, 10.505364418029785, 15.654953956604004, 14.247705459594727, 4.041289806365967, -4.666576862335205, 2.437795400619507, -2.968093156814575, -3.417185068130493, -5.507368564605713, -1.772441029548645, -5.327725887298584, -2.8171637058258057, -3.1312971115112305, -0.1304081827402115, -3.8408119678497314, -3.0344626903533936, -4.164188385009766, -4.4597697257995605, 3.4735288619995117, 0.1701853722333908, 0.005702489987015724, 0.20686355233192444, 0.15772849321365356, 0.08323761075735092, 0.01520488504320383, 0.09953208267688751, 0.07870965451002121, 0.08675365895032883, 0.005412242840975523, 0.005144655704498291, -0.03906475380063057, -0.008334912359714508, -0.0368046909570694, -0.05651942268013954, -0.10811459273099899, -0.01605960726737976, -0.06290051341056824, -0.03440222889184952, 0.840451180934906, -0.05391548573970795, -0.12595082819461823, 0.03274548798799515, -0.001718282699584961, 0.02031257003545761, -0.03903008624911308, 0.02247818000614643, 0.05286170169711113, 0.03170908987522125, 0.02348731830716133, 0.0028896480798721313, -0.01718049682676792, -0.019059060141444206, -0.0020695438142865896, -0.03151796758174896, 0.016479818150401115, -0.0031307637691497803, 0.005941225681453943, 0.010760780423879623, 3342.2598543959216, 0.14300315082073212, 7369.00468306108]",63,cat
3311,data/audio_cat-classification/NAYA_DATA_AUG1X/Angry/YashLL_Cat0275Ang.mp3,cat,"[-309.643310546875, 134.32916259765625, 9.618424415588379, -3.100423812866211, -5.33141565322876, 1.897689700126648, -5.999504089355469, -7.715414047241211, 6.460830211639404, -7.8251752853393555, -6.379776477813721, 0.0397578664124012, -1.0986789464950562, -7.705014705657959, -8.239313125610352, -12.648655891418457, -2.87886905670166, -0.7963343858718872, 1.4210652112960815, 12.061335563659668, 0.17084799706935883, 0.11479398608207703, 0.03762362524867058, -0.033954937011003494, -0.055100370198488235, -0.04693448171019554, -0.015069589950144291, -0.026179755106568336, -0.01679510995745659, 0.003576381830498576, 0.013374021276831627, -0.00040645102853886783, -0.0052282242104411125, 0.04068893566727638, 0.04163748770952225, 0.04227803274989128, 0.034930936992168427, -0.01788688637316227, -0.033755604177713394, 0.022734159603714943, -0.3245028555393219, -0.13789722323417664, -0.028266675770282745, -0.013222734443843365, 0.0330408550798893, 0.03267441689968109, 0.011671976186335087, 0.03712748363614082, 0.036783766001462936, -0.015078519470989704, -0.0016257773386314511, -0.00047415209701284766, 0.006509002298116684, 0.028546974062919617, -0.002930025104433298, 0.010079453699290752, 0.022486325353384018, 0.00463061174377799, 0.01209958828985691, 0.021646929904818535, 1366.7644599128337, 0.005355818662792444, 2300.3706498579545]",63,cat
5672,data/audio_cat-classification/NAYA_DATA_AUG1X/Resting/LastEntry_cat1261Purr.mp3,cat,"[-435.0418395996094, 134.7464599609375, 49.0070915222168, -4.144250392913818, -9.004366874694824, -5.953105449676514, -17.448604583740234, -19.254716873168945, 0.3297257721424103, -4.957622051239014, 1.5177749395370483, -9.482476234436035, -13.515804290771484, -6.570757865905762, -8.94977855682373, -6.877903938293457, -7.484280586242676, -7.377813339233398, -4.509876251220703, -9.408377647399902, 0.26096391677856445, 0.09229709953069687, 0.03637692704796791, -0.09020797908306122, 0.011236211284995079, 0.010606843046844006, -0.012995843775570393, -0.047665443271398544, -0.003862382611259818, 0.05808563902974129, 0.04957938566803932, 0.003806191263720393, -0.035288553684949875, 0.0041743130423128605, -0.003367776283994317, -0.051288679242134094, 0.030220312997698784, 0.020529640838503838, 9.49725799728185e-05, -0.017170587554574013, -0.15713058412075043, 0.005290846340358257, 0.02610643580555916, 0.0138781713321805, 0.003920439630746841, 0.005739844404160976, 0.03027709759771824, 0.002144921338185668, -0.0060980720445513725, -0.01378148514777422, -0.0004648869507946074, 0.011515337973833084, 0.03345296531915665, -0.0009811706840991974, -0.009697970002889633, 0.013136477209627628, 0.009670392610132694, -0.003910991828888655, 0.012804623693227768, 0.010911699384450912, 1770.3096442531978, 0.01604526862502098, 3886.6298314144738]",63,cat
4538,data/audio_cat-classification/NAYA_DATA_AUG1X/Fighting/YashLL_Cat0298Fit_aug1(1).mp3,cat,"[-107.75841522216797, 48.10192108154297, -26.72987174987793, 7.162354469299316, -22.056608200073242, 3.58716082572937, -3.6671972274780273, -10.069622993469238, -8.4017333984375, -12.1882905960083, -0.3788241744041443, -7.302247047424316, -1.6564593315124512, -6.744611740112305, -5.001429557800293, -1.3704097270965576, -1.5939655303955078, -0.011569426394999027, 0.8367523550987244, 3.81085467338562, 1.470475435256958, -0.6843954920768738, -0.15950286388397217, -0.21992707252502441, -0.21734389662742615, 0.20552590489387512, 0.2462937831878662, 0.21038414537906647, -0.008857271634042263, 0.10826221853494644, 0.15364371240139008, 0.02018757537007332, -0.07673505693674088, 0.03624822944402695, 0.03689650446176529, -0.02236144058406353, 0.015689445659518242, 0.09271524101495743, 0.006932316813617945, -0.06227355822920799, -0.593920886516571, -0.37303856015205383, 0.08765783905982971, 0.010101445019245148, 0.0050473930314183235, 0.08643686026334763, 0.017735406756401062, 0.0922899842262268, 0.10341495275497437, 0.029893819242715836, 0.13266503810882568, 0.0718267485499382, 0.06550514698028564, -0.020398497581481934, -0.01125327404588461, -0.07092757523059845, -0.08115695416927338, 0.030134078115224838, 0.01039421372115612, 0.08545943349599838, 3197.1279203857475, 0.07716899365186691, 5600.7033128004805]",63,cat
3323,data/audio_cat-classification/NAYA_DATA_AUG1X/Angry/cat_flickr01447.mp3,cat,"[-221.93568420410156, 81.90258026123047, -7.2106852531433105, 9.997314453125, -9.287972450256348, 14.683351516723633, 1.0391567945480347, 2.289346933364868, -4.894588947296143, 7.468139171600342, -1.0900360345840454, 5.228612899780273, -3.289435386657715, -0.22104810178279877, -8.231202125549316, 1.4407423734664917, -1.0904226303100586, 6.95986795425415, 0.7551836371421814, 4.473625659942627, -0.737500011920929, -0.28909072279930115, 0.247222438454628, 0.18231311440467834, 0.3258400857448578, 0.2540440559387207, 0.2075762003660202, 0.20486615598201752, -0.03798769786953926, 0.023935526609420776, -0.004815276246517897, 0.1179729625582695, 0.019183021038770676, 0.01196364127099514, 0.09419510513544083, 0.22508902847766876, 0.09192714840173721, -0.06193503364920616, -0.2752874195575714, -0.3115830421447754, -0.5296173691749573, -0.05665958672761917, 0.05580226704478264, 0.0198848657310009, -0.057279620319604874, -0.1274351179599762, -0.04858575016260147, -0.03801961988210678, -0.02252759039402008, 0.0031317947432398796, 0.02172166481614113, -0.1519455462694168, -0.05455515906214714, 0.015205834060907364, 0.09636931866407394, 0.0761280283331871, -0.005761818028986454, -0.07356910407543182, -0.027169542387127876, -0.0286092609167099, 2289.480829686459, 0.024537893012166023, 4888.232865767045]",63,cat
2902,data/audio_cat-classification/NAYA_DATA_AUG1X/Warning/cat_Growl012_aug1(1).mp3,cat,"[-358.08447265625, 65.78184509277344, -8.074387550354004, -4.093878746032715, -12.634943008422852, -6.7971391677856445, 1.9637242555618286, -6.148561477661133, -17.625652313232422, -10.278851509094238, -6.977906227111816, -10.539365768432617, -7.921060085296631, -5.986347198486328, -6.274528503417969, -5.7739033699035645, 0.5924768447875977, -1.558457851409912, -2.3707211017608643, -2.9402945041656494, -1.4841893911361694, -1.1680500507354736, -0.23666636645793915, 0.13200077414512634, 0.20349739491939545, -0.023420456796884537, -0.13357433676719666, 0.11933384835720062, 0.17859871685504913, 0.1436571329832077, 0.14148741960525513, 0.07030972838401794, 0.03893647342920303, 0.07554148882627487, 0.1001526266336441, 0.0633336752653122, 0.03600632771849632, 0.035433683544397354, 0.014460782520473003, 0.034274421632289886, -0.2152775675058365, -0.014117150567471981, -0.051402587443590164, -0.019340723752975464, 0.06945846229791641, 0.07373388111591339, 0.03966387361288071, 0.060566071420907974, 0.027217529714107513, -0.03392297402024269, -0.03270859271287918, 0.01961372047662735, -0.01066678948700428, -0.013468766584992409, -0.002239746041595936, -0.03889629244804382, 0.04287835583090782, 0.047514043748378754, 0.013820946216583252, 0.026141177862882614, 3264.5753327080015, 0.17180469632148743, 6272.78211438978]",63,cat
4248,data/audio_cat-classification/NAYA_DATA_AUG1X/Fighting/YashLL_Cat0221Fit.mp3,cat,"[-88.67930603027344, 131.11776733398438, -102.71367645263672, 48.688880920410156, -33.20010757446289, 15.978156089782715, -4.851830959320068, -6.674324989318848, 18.404359817504883, -11.100162506103516, 14.305489540100098, -6.183233261108398, -0.8628214001655579, -1.6747992038726807, -4.765408992767334, 3.241948127746582, -3.633558750152588, 7.0492753982543945, -2.415020227432251, 1.622857689857483, 0.43096914887428284, -0.005152223631739616, -0.1968638300895691, 0.1414550542831421, -0.16733117401599884, -0.05841287598013878, -0.02416629157960415, 0.034890782088041306, 0.026614336296916008, -0.0039274487644433975, 0.061805956065654755, -0.06681065261363983, 0.08626522868871689, 0.039630018174648285, 0.01663644053041935, 0.1537904441356659, 0.011619631201028824, -0.023970820009708405, -0.012918949127197266, 0.043431758880615234, -0.4220254421234131, -0.0847022607922554, 0.14780490100383759, -0.17878535389900208, 0.23229928314685822, 0.027228835970163345, -0.017037080600857735, -0.016061656177043915, -0.06427185982465744, 0.030867166817188263, -0.044401902705430984, 0.0594114251434803, -0.028530919924378395, 0.0253666453063488, -0.016425583511590958, -0.09791377186775208, 0.0036588041111826897, -0.030669931322336197, 0.005335872992873192, -0.034064725041389465, 2127.2234610813675, 0.002057603094726801, 3543.0801883820563]",63,cat
626,data/audio_cat-classification/NAYA_DATA_AUG1X/Defence/cat08_aug1(1).mp3,cat,"[-177.3684844970703, 72.7921142578125, 22.714094161987305, 21.541711807250977, 3.495742082595825, 9.836017608642578, 7.88765287399292, 7.41710901260376, 4.1195549964904785, 8.067880630493164, 10.973443984985352, 2.03490948677063, 13.024589538574219, 5.538711071014404, 2.6071465015411377, 8.07282543182373, -0.6445943117141724, 9.976256370544434, 3.4281013011932373, 7.579453468322754, 5.984858512878418, 0.9184138774871826, 0.3114287257194519, 0.2756708860397339, -0.038191620260477066, 0.16496074199676514, 0.10337085276842117, 0.08167434483766556, 0.05096344277262688, 0.11974168568849564, 0.1251469999551773, 0.020092301070690155, 0.08233176171779633, 0.0897572785615921, 0.06675377488136292, 0.1641697734594345, -0.019126083701848984, 0.14808177947998047, 0.09661740064620972, 0.12858541309833527, -0.19036321341991425, 0.05490944907069206, 0.015960853546857834, 0.03742470219731331, -0.008262366987764835, -0.022932736203074455, 0.0385703518986702, -0.001208911999128759, 0.03133336827158928, 0.016435643658041954, -0.02198750153183937, -0.037705644965171814, -0.03241968899965286, -0.0070259119383990765, -0.022770024836063385, 0.002629952970892191, -0.004612429533153772, -0.05772972106933594, -0.026799088343977928, -0.007810815237462521, 2280.148529927412, 0.1307154893875122, 4929.790515434452]",63,cat
1411,data/audio_cat-classification/NAYA_DATA_AUG1X/Happy/Online_Cat0504Hpy_aug1(1).mp3,cat,"[-194.74322509765625, 94.43630981445312, -92.72689819335938, 34.33208084106445, -20.845895767211914, 5.258831977844238, -16.17026138305664, -14.117183685302734, 27.61812400817871, -2.255647897720337, 35.314598083496094, 11.806123733520508, -14.928369522094727, -8.502899169921875, -20.376644134521484, 14.444719314575195, 2.089816093444824, -4.1985344886779785, 3.747688055038452, 4.076609134674072, -5.412691116333008, 0.4117533266544342, -1.7557141780853271, -1.6870620250701904, -0.0505109541118145, -0.13466641306877136, -1.257472276687622, -0.3960278332233429, -0.9793644547462463, -1.1429979801177979, 1.038318157196045, 1.2289434671401978, 0.921101450920105, -0.5694909691810608, -1.5349829196929932, -0.2673918604850769, 0.27495941519737244, -0.809705376625061, -1.223323106765747, -0.004159973934292793, 3.542001724243164, 0.971222460269928, 1.6787091493606567, -0.03232061117887497, -0.06051802635192871, 0.5287560224533081, 0.09438317269086838, -0.04341209679841995, -0.648908257484436, -0.3201651871204376, -0.4614916145801544, -0.048449914902448654, 0.7219023108482361, 0.31536510586738586, -0.24421073496341705, -0.1273125559091568, 0.1894228309392929, -0.04476325958967209, -0.35945743322372437, -0.017807351425290108, 1947.779480499149, 0.0006260155932977796, 3093.2047526041665]",63,cat
4751,data/audio_cat-classification/NAYA_DATA_AUG1X/MotherCall/Cat_pills0123.mp3,cat,"[-275.00946044921875, 86.08389282226562, -8.899212837219238, 31.816699981689453, 15.418136596679688, 24.00362205505371, 3.60803484916687, -0.24825115501880646, 7.7828898429870605, -4.455604076385498, -1.434597134590149, 6.3583598136901855, -7.9175004959106445, -6.440713405609131, 3.0234274864196777, -3.6723756790161133, -2.206897258758545, 0.19317512214183807, -4.142518043518066, 1.1442142724990845, 0.7934160232543945, 0.15886624157428741, -0.3081298768520355, -0.13610991835594177, 0.2578844130039215, 0.08593703806400299, -0.1891098916530609, -0.07357046753168106, -0.08651360869407654, -0.05788533762097359, -0.006758378818631172, -0.2094234973192215, 0.16676005721092224, 0.17676641047000885, -0.013016987591981888, 0.04678941145539284, -0.019724033772945404, -0.17172308266162872, 0.116048164665699, 0.331477552652359, -0.641772449016571, 0.03799152001738548, 0.028846777975559235, -0.004212322644889355, 0.052573688328266144, -0.053797077387571335, -0.007825629785656929, 0.009879492223262787, 0.020836232230067253, 0.12404948472976685, -0.0010770362569019198, -0.1379804015159607, -0.02802746742963791, 0.07203580439090729, -0.013256759382784367, 0.01065811701118946, 0.025376440957188606, -0.005685221403837204, -0.018552539870142937, -0.0711863562464714, 2451.4330986019286, 0.025450849905610085, 4518.883109714674]",63,cat
5328,data/audio_cat-classification/NAYA_DATA_AUG1X/MotherCall/Last_addCat123Pil.mp3,cat,"[-335.54034423828125, 62.439788818359375, -0.5102677345275879, 8.728018760681152, 6.357468128204346, 3.7320923805236816, 6.274786949157715, 8.34903621673584, -5.198580265045166, -3.1494052410125732, 3.519184112548828, 0.2231232225894928, -2.3545165061950684, -2.308030128479004, 0.6947289705276489, -3.814293622970581, 2.1475844383239746, 3.010734796524048, -5.103672981262207, 0.13918642699718475, 0.2592542767524719, 0.19359371066093445, 0.16732454299926758, 0.03549586609005928, 0.011124890297651291, 0.05561337620019913, 0.07647409290075302, 0.04934237152338028, 0.01475710142403841, 0.0236818790435791, 0.03661353886127472, -0.003660620888695121, -0.006672981660813093, 0.00206375471316278, 0.021029183641076088, 0.028186287730932236, 0.03764628991484642, 0.03527016192674637, -0.006851625628769398, 0.004590964410454035, -0.3352682292461395, -0.19136713445186615, -0.11212531477212906, -0.06371816247701645, -0.01841660775244236, 0.009745398536324501, 0.03900384530425072, 0.043620966374874115, 0.030350113287568092, -0.005155767779797316, 0.020085664466023445, 0.03717821091413498, 0.018309766426682472, -0.0004303421301301569, 0.012131016701459885, 0.015606975182890892, 0.0012033735401928425, 0.022493334487080574, 0.019279710948467255, 0.005149919539690018, 3103.9534233827876, 0.06867454946041107, 6283.388671875]",63,cat
2760,data/audio_cat-classification/NAYA_DATA_AUG1X/Warning/Last_addCat355Grl.mp3,cat,"[-239.10662841796875, 78.22856140136719, -38.8089485168457, 10.539875030517578, -48.346473693847656, 3.243556261062622, -15.87302303314209, 0.4703723192214966, 1.2913141250610352, -11.49179744720459, 1.675477147102356, 3.1840384006500244, -3.3828225135803223, -10.696680068969727, -6.072126865386963, -11.735437393188477, -11.068154335021973, -0.6046095490455627, 3.1607840061187744, 7.313815116882324, -0.10001682490110397, 0.669730007648468, 0.33664780855178833, 0.18149526417255402, -0.21954931318759918, -0.1385021209716797, -0.060563862323760986, -0.032062504440546036, -0.019758712500333786, -0.13138872385025024, -0.012041601352393627, 0.03287547826766968, -0.05424852669239044, -0.05393426492810249, 0.051717281341552734, 0.08296041935682297, -0.12850500643253326, -0.0005092837382107973, -0.07580652087926865, -0.07990086823701859, -0.4175688624382019, 0.048233065754175186, 0.05672241747379303, 0.0282857995480299, 0.05681045353412628, -0.0042661321349442005, 0.003793788142502308, 0.004101975355297327, 0.002996290335431695, 0.027003569528460503, 0.04120111092925072, 0.03591279685497284, 0.061971720308065414, 0.03430043160915375, 0.02990906871855259, 0.005063062533736229, 0.058845337480306625, 0.029102493077516556, 0.022718025371432304, 0.0030745782423764467, 2495.7597909526403, 0.039554886519908905, 4861.181779341264]",63,cat
5043,data/audio_cat-classification/NAYA_DATA_AUG1X/MotherCall/Last_addCat268Pill_aug1(1).mp3,cat,"[-306.83966064453125, 63.05596160888672, -0.816889226436615, -0.9174783229827881, 4.088350296020508, 7.434731483459473, 2.877570867538452, -3.1534221172332764, -10.957547187805176, -0.5724173188209534, -1.7049444913864136, -4.114237308502197, -6.100214004516602, -2.1958892345428467, 0.5772916674613953, 1.0097588300704956, -0.07658916711807251, -2.9255759716033936, 1.2763252258300781, 2.139760732650757, 0.2551368176937103, 0.077651746571064, -0.03995143622159958, -0.06238825246691704, -0.017619533464312553, 0.09569016844034195, 0.07468565553426743, -0.040018726140260696, -0.1012263298034668, -0.08262481540441513, -0.010081463493406773, 0.09322436898946762, 0.031759388744831085, -0.05341147258877754, -0.047427721321582794, 0.002725049154832959, 0.013027402572333813, 0.012026220560073853, 0.028982335701584816, -0.02619287371635437, -0.21667641401290894, -0.04616649076342583, 0.03749748319387436, 0.02294030413031578, 0.01967601664364338, 0.0037613296881318092, 0.004680875688791275, -0.020094428211450577, -0.02652190625667572, -0.006376700010150671, -0.003010841552168131, 0.01586848869919777, 0.01807982102036476, 0.022807467728853226, -0.015365730971097946, 0.001345406286418438, -0.023282790556550026, -0.02144012041389942, 0.013598548248410225, 0.047697730362415314, 3253.477984254184, 0.07290365546941757, 7169.174830798796]",63,cat
2885,data/audio_cat-classification/NAYA_DATA_AUG1X/Warning/LastEntry_cat1094Grl_aug1(1).mp3,cat,"[-130.30564880371094, 101.6416015625, -28.479459762573242, -5.127682685852051, -13.970169067382812, -9.819110870361328, -12.938678741455078, -17.26561164855957, -8.705214500427246, -5.997996807098389, -8.393695831298828, -1.9966975450515747, -1.0376261472702026, -2.5336697101593018, -0.5360749363899231, -3.4989471435546875, -5.527194023132324, -2.2548129558563232, -3.558173656463623, -4.853282451629639, -1.4331786632537842, -0.8797289133071899, 0.16385823488235474, -0.023677753284573555, -0.020013442263007164, 0.1084701269865036, 0.1248018816113472, 0.11742695420980453, 0.010689795017242432, 0.04740728437900543, 0.1462320238351822, 0.055820032954216, -0.08414937555789948, -0.054090555757284164, -0.0645172968506813, -0.04729577153921127, 0.06591548025608063, 0.15158237516880035, 0.11107777804136276, 0.1039375513792038, -0.26897329092025757, -0.047571685165166855, 0.05803970992565155, 0.029580097645521164, 0.031067660078406334, 0.0017231175443157554, 0.024022292345762253, 0.04563052952289581, 0.03679896146059036, 0.009777047671377659, 0.016944846138358116, -0.01702849194407463, -0.024862349033355713, -0.016450589522719383, 0.005645765922963619, 0.028561033308506012, 0.02470681071281433, 0.022432973608374596, 0.00044393999269232154, 0.009500299580395222, 2126.307029631256, 0.03766682744026184, 4021.06687105619]",63,cat
4427,data/audio_cat-classification/NAYA_DATA_AUG1X/Fighting/YashLL_Cat0261Fit_aug1(1).mp3,cat,"[-157.0393524169922, 14.5823335647583, -41.5430793762207, -21.036312103271484, -14.073341369628906, -7.65852165222168, -12.511634826660156, -7.456200122833252, -12.965812683105469, -5.960940837860107, -4.3893280029296875, -1.6479564905166626, -0.5113615989685059, -2.466754198074341, -2.8850934505462646, -0.48824048042297363, -0.34660637378692627, -1.2779276371002197, -0.6142101883888245, -1.9835190773010254, -0.3154275417327881, -0.2643234431743622, 0.2080664038658142, 0.15027698874473572, -0.09455554187297821, -0.08568215370178223, 0.014554516412317753, 0.0663391649723053, 0.04520786926150322, 0.027352964505553246, 0.018026292324066162, 0.03905469924211502, 0.057307180017232895, -0.03915495425462723, -0.13417324423789978, -0.10898534208536148, -0.03297704830765724, 0.07144647091627121, 0.06729116290807724, 0.0013980569783598185, -0.4904031753540039, -0.010411382652819157, 0.060587018728256226, 0.005244982894510031, 0.10030052810907364, 0.07254074513912201, 0.05439681559801102, -0.00764471385627985, -0.0008202569442801178, 0.01676524244248867, 0.022454146295785904, -0.017488393932580948, -0.009073630906641483, 0.014159941114485264, 0.015369288623332977, -0.020297441631555557, -0.019166693091392517, 0.01985001750290394, 0.027067750692367554, -0.0034580014180392027, 4094.28553831209, 0.26634857058525085, 7051.171226839048]",63,cat
1261,data/audio_cat-classification/NAYA_DATA_AUG1X/Happy/cat_flickr0182_aug1(1).mp3,cat,"[-273.784423828125, 20.353628158569336, -20.123085021972656, 4.605269908905029, 6.6498494148254395, -2.6173884868621826, -4.999078273773193, -2.001512050628662, -13.123895645141602, 9.57004165649414, -4.154430866241455, 8.370452880859375, -3.4332001209259033, -3.8510375022888184, -11.925264358520508, -1.9833670854568481, -0.8618513345718384, -8.620013236999512, -0.45860689878463745, 3.6668386459350586, -1.3583950996398926, -0.15493613481521606, 0.028329137712717056, -0.0585639663040638, 0.14161977171897888, -0.1808764487504959, -0.2890920639038086, -0.029055550694465637, -0.07544077932834625, 0.1861451417207718, 0.00638108653947711, -0.006189557258039713, -0.0274531040340662, -0.1267663538455963, -0.005761182866990566, -0.04073570668697357, -0.08924476057291031, -0.04913364723324776, 0.007226746995002031, 0.06986365467309952, -1.4870253801345825, 0.3883307874202728, 0.04159536957740784, -0.028125079348683357, 0.19689501821994781, 0.018954645842313766, -0.12881022691726685, 0.15830941498279572, -0.03234099596738815, -0.06773245334625244, 0.013659370131790638, -0.06981584429740906, 0.010248512029647827, -0.052857715636491776, 0.007060831878334284, -0.008718925528228283, 0.05169941112399101, -0.015933411195874214, -0.011385857127606869, -0.06870145350694656, 3923.6840248638273, 0.09663122147321701, 7202.934464164402]",63,cat
3258,data/audio_cat-classification/NAYA_DATA_AUG1X/Angry/cat0327_aug1(1).mp3,cat,"[-195.39208984375, 76.7518539428711, -41.446773529052734, 19.9644832611084, 5.525310039520264, 4.067355632781982, -15.37788200378418, 7.303975582122803, 3.460383415222168, 3.2066009044647217, -1.9510586261749268, -4.688054084777832, 5.22172737121582, -7.99114990234375, -0.7478278875350952, -2.5455124378204346, -2.173628568649292, -0.6726503372192383, -5.327157974243164, 5.422545909881592, -0.5002367496490479, -0.40310555696487427, -0.022250184789299965, -0.04607626795768738, -0.07335713505744934, -0.015583889558911324, -0.021512143313884735, -0.04085065796971321, -0.010998795740306377, -0.03326467424631119, -0.0011713594431057572, -0.007457006722688675, -0.022429833188652992, -0.032832104712724686, -0.01595240831375122, -0.00464296992868185, -0.010753972455859184, 0.025128455832600594, 0.05934460461139679, 0.016390221193432808, -0.20699542760849, -0.05609952285885811, 0.013508489355444908, 0.0036849379539489746, -0.011927606537938118, 0.004722550977021456, 0.01265249028801918, 0.002754396991804242, -0.010938599705696106, 0.003911185543984175, 0.021477585658431053, 0.008062739856541157, 0.018907546997070312, 0.014004340395331383, 0.018032878637313843, 0.02148064225912094, 0.011282927356660366, -0.009341751225292683, -0.004236231558024883, 0.00781549047678709, 2588.4910590040704, 0.04553072154521942, 4309.256808557243]",63,cat
14,data/audio_cat-classification/NAYA_DATA_AUG1X/Paining/car_extcoll0229.mp3,cat,"[-367.44342041015625, 39.86713409423828, -67.33367156982422, 18.24509048461914, -15.643963813781738, 6.150769233703613, -27.749670028686523, 8.9236421585083, -14.010773658752441, -4.170352935791016, 2.5201399326324463, -9.997038841247559, -1.1244419813156128, -0.48208585381507874, 2.7096238136291504, -5.57405424118042, 0.5443601012229919, 2.5770444869995117, 3.00193190574646, 7.775462627410889, -1.726549744606018, -0.547125518321991, 0.44833752512931824, 0.051880333572626114, 0.14887280762195587, -0.10764027386903763, 0.12895487248897552, -0.052507221698760986, 0.10079377889633179, 0.13095615804195404, -0.051324814558029175, 0.06432221829891205, -0.02761864848434925, 0.05950457230210304, 0.01581917516887188, 0.013716748915612698, 0.05681542307138443, -0.01056214515119791, -0.003592641092836857, -0.08797508478164673, -0.37973958253860474, 0.04159116744995117, 0.09611783176660538, -0.06705913692712784, 0.07235920429229736, -0.030335254967212677, 0.02912546694278717, 0.009782016277313232, 0.017471281811594963, -0.004377317614853382, 0.03126731142401695, -0.0026098242960870266, 0.001293832901865244, -0.00965801626443863, -0.0036614069249480963, -0.019398558884859085, -0.044485729187726974, -0.009594324976205826, -0.011122697032988071, 0.012255809269845486, 1704.8513823418623, 0.3314577043056488, 2839.7779895413305]",63,cat
5039,data/audio_cat-classification/NAYA_DATA_AUG1X/MotherCall/Edit9098Pill_aug1(1).mp3,cat,"[-483.828857421875, -16.354843139648438, -19.60320472717285, -8.429478645324707, 4.44088077545166, 25.528757095336914, -7.206624507904053, 11.531606674194336, -20.678491592407227, 19.404272079467773, 4.530482769012451, 4.312114715576172, -11.401100158691406, 4.884100437164307, 4.436154842376709, -2.5918004512786865, 3.9847171306610107, -1.6009681224822998, 2.3183703422546387, 4.661158084869385, 0.6850842833518982, 0.05890634283423424, -0.09592606127262115, -0.16852092742919922, -0.0499812513589859, 0.22847765684127808, -0.09374402463436127, 0.17170067131519318, -0.037703074514865875, 0.13687348365783691, 0.0070138368755578995, -0.00561155891045928, 0.0748472735285759, -0.022626418620347977, 0.038099370896816254, 0.004563847556710243, 0.00526832602918148, -0.016997812315821648, 0.1060684397816658, 0.04074891656637192, -0.21036437153816223, 0.029272105544805527, 0.05747262015938759, 0.09618395566940308, -0.019201241433620453, -0.012083033099770546, 0.018308747559785843, -0.05998052656650543, 0.013220426626503468, -0.06415815651416779, -0.030982377007603645, 0.03137735649943352, 0.051761552691459656, -0.033225007355213165, 3.622235817601904e-05, -0.01341944094747305, 0.012852512300014496, 5.998939013807103e-05, -0.0493616983294487, -0.02975429967045784, 3245.6962080794633, 0.3116625249385834, 5136.084822626073]",63,cat
5407,data/audio_cat-classification/NAYA_DATA_AUG1X/Resting/Online_Cat0534Purr.mp3,cat,"[-228.69032287597656, 211.0129852294922, -27.878644943237305, 93.72013854980469, -14.552925109863281, -28.285640716552734, 4.672544956207275, -9.54992961883545, 20.680837631225586, 4.2592244148254395, 10.776419639587402, 0.2185710221529007, -5.151967525482178, 7.465177059173584, -16.141664505004883, -3.027906894683838, 2.674828052520752, -3.775028944015503, -3.3536033630371094, -8.723519325256348, 2.251164197921753, 0.8471875786781311, -0.2425260841846466, 0.3144342601299286, -0.10241638869047165, 0.029766978695988655, 0.11433682590723038, -0.08988477289676666, 0.11859598755836487, 0.02536165900528431, -0.08724376559257507, -0.07791239768266678, -0.018161246553063393, 0.022497469559311867, -0.06233133003115654, -0.013665786013007164, -0.029384970664978027, -0.07682335376739502, -0.06582362949848175, -0.06061176955699921, -1.1010677814483643, -0.6626696586608887, 0.15712366998195648, -0.3078446686267853, 0.1371864527463913, 0.02802610956132412, -0.09653827548027039, 0.060160085558891296, -0.11097564548254013, 0.0007806330104358494, -0.030175890773534775, -0.044158853590488434, 0.05918607488274574, 0.02657909505069256, 0.04232138395309448, 0.0015394596848636866, 0.03942587971687317, 0.01790180802345276, -0.05878780037164688, 0.003538351971656084, 783.8462899729026, 0.00079847447341308, 1738.9692826704545]",63,cat
4058,data/audio_cat-classification/NAYA_DATA_AUG1X/HuntingMind/LastEntry_cat1026Chat.mp3,cat,"[-500.9927062988281, 94.10929870605469, -20.154869079589844, 23.290821075439453, -4.806733131408691, 22.31796646118164, -6.636795520782471, 20.33466911315918, -3.608647584915161, 13.289054870605469, -4.09844446182251, 12.77489948272705, 1.772727131843567, 4.566434383392334, -4.65095853805542, 2.5129752159118652, -5.724734783172607, -0.583715558052063, -6.283909320831299, 0.581986129283905, 0.38321396708488464, 0.04945596307516098, -0.065526083111763, -0.06056699901819229, -0.06793665885925293, 0.10103710740804672, -0.023959938436746597, -0.017328793182969093, -0.06641489267349243, 0.058586426079273224, 0.013056029565632343, 0.018114320933818817, 0.00953122042119503, 0.059144072234630585, 0.028557345271110535, 0.03234601393342018, -0.06212920695543289, -0.05217231810092926, -0.047096025198698044, -0.023987002670764923, -0.413788378238678, -0.06208575516939163, 0.026337720453739166, 0.0009840634884312749, 0.051126886159181595, -0.06888455897569656, 0.042998652905225754, -0.000982408644631505, -0.0017624662723392248, -0.07612097263336182, -0.03642580285668373, -0.0339357852935791, 0.0032530901953577995, -0.030109811574220657, -0.0012750118039548397, 0.0009897686541080475, -0.03279551863670349, -0.03439837321639061, -0.02344335801899433, -0.021517442539334297, 2333.7848294820133, 0.026415999978780746, 5164.84707262389]",63,cat
3492,data/audio_cat-classification/NAYA_DATA_AUG1X/Angry/FIGHT_CONFUSION (5)_aug1(1).mp3,cat,"[-217.19288635253906, 73.61087036132812, -15.385665893554688, -5.100834369659424, 8.931197166442871, -14.263346672058105, -10.545706748962402, 17.960174560546875, -9.083619117736816, -17.083328247070312, 13.537408828735352, -2.324235200881958, -7.237959384918213, -5.8871612548828125, -9.121932983398438, 7.0766472816467285, 7.774488925933838, 12.456971168518066, 12.804497718811035, -17.743738174438477, 0.937088131904602, 0.2193446159362793, -0.17685094475746155, -0.05668036267161369, 0.15269914269447327, 0.1120983213186264, -0.12665711343288422, -0.10233411937952042, -0.14432106912136078, -0.08562193065881729, -0.1047983169555664, 0.07077943533658981, 0.0846167802810669, -0.06335534900426865, 0.020726658403873444, 0.1341218203306198, 0.193216472864151, 0.14754700660705566, -0.07055148482322693, -0.24715088307857513, -0.3333565890789032, 0.08429934829473495, 0.019038230180740356, 0.00780593091621995, -0.06142522394657135, -0.025925422087311745, -0.024928051978349686, -0.13297347724437714, -0.0578753799200058, -0.016579341143369675, -0.04289644584059715, 0.013104069977998734, 0.005125909578055143, 0.03635907545685768, -0.023837894201278687, -0.06904176622629166, 0.007157786283642054, -0.0023044038098305464, 0.0048462999984622, 0.09480533003807068, 2460.9285591380435, 0.010647227987647057, 4516.0294921875]",63,cat
5812,data/audio_cat-classification/NAYA_DATA_AUG1X/Resting/Online_Cat0535Purr_aug1(1).mp3,cat,"[-169.24964904785156, 128.14109802246094, 32.298828125, 50.890403747558594, 23.07642936706543, -27.155786514282227, -14.266321182250977, -0.37119337916374207, 3.6101083755493164, 14.86405086517334, 12.314496994018555, -0.35079625248908997, -2.6260881423950195, 3.2916994094848633, -3.1868860721588135, -12.777318954467773, -1.978218674659729, 5.684124946594238, -3.3350300788879395, -7.6366143226623535, 3.636507749557495, 1.6326932907104492, 0.3745214641094208, 0.5319602489471436, 0.15838241577148438, -0.31571513414382935, -0.19823096692562103, -0.0442221574485302, 0.06195087730884552, 0.16507786512374878, 0.12055879086256027, -0.013043778948485851, -0.02283777855336666, -0.021282102912664413, -0.0479951910674572, -0.1081276684999466, -0.018929632380604744, 0.031817477196455, -0.11117823421955109, -0.15046869218349457, -0.8207743167877197, 0.040280163288116455, -0.04931320250034332, 0.007909683510661125, -0.06217408552765846, -0.04113136604428291, 0.03345716372132301, 0.010531701147556305, -0.02282607927918434, -0.010925300419330597, 0.010309536941349506, -0.019166668877005577, -0.010355831123888493, -0.0318664088845253, 0.009673289023339748, 0.013279356993734837, -0.018057145178318024, -0.01779983378946781, -0.01873943582177162, -0.03748911991715431, 1286.8199561749664, 0.026549367234110832, 2678.6980879934213]",63,cat
3011,data/audio_cat-classification/NAYA_DATA_AUG1X/Angry/Online_Cat0526veryAng.mp3,cat,"[-274.72125244140625, 171.6570587158203, -46.277740478515625, 9.102242469787598, 11.543180465698242, -27.03174591064453, 1.2920067310333252, -6.509089946746826, -12.935070991516113, -0.23390913009643555, -6.6334333419799805, -1.0292038917541504, 3.9472248554229736, 3.1006293296813965, 5.269663333892822, -2.264200210571289, -4.523477554321289, -4.666330814361572, -4.719183921813965, -3.8177387714385986, 0.5190913081169128, 0.12155283987522125, 0.02662714011967182, 0.05237448215484619, -0.03927008807659149, -0.045795269310474396, -1.0767374988063239e-05, -0.0032089990563690662, -0.050565242767333984, -0.028643999248743057, -0.0019179258961230516, -0.06374619156122208, -0.03463578224182129, 0.027485541999340057, 0.004820141941308975, 0.035569168627262115, 0.04049241915345192, -0.021326173096895218, -0.013627217151224613, 0.03699566423892975, -0.3615433871746063, -0.1933777928352356, 0.07016585022211075, -0.026285098865628242, -0.016849901527166367, 0.030571497976779938, -0.01753581129014492, 0.03330035135149956, 0.010320487432181835, -0.02782789245247841, 0.0021800571121275425, -0.0010460657067596912, 0.007324324455112219, 0.00334334303624928, 0.02095448225736618, 0.02651083469390869, -0.005155024118721485, 0.013489835895597935, 0.0022102389484643936, -0.010665404610335827, 1273.5793506105929, 0.0020710197277367115, 2282.1065657106165]",63,cat
2302,data/audio_cat-classification/NAYA_DATA_AUG1X/Mating/cat_youtube64320_aug1(1).mp3,cat,"[-217.96356201171875, 104.35741424560547, 1.395466685295105, 4.975552082061768, 20.563295364379883, 23.376419067382812, 11.919360160827637, 7.893547534942627, 2.391068458557129, 1.0202181339263916, 2.181088924407959, -9.430261611938477, 6.134252071380615, -5.3233256340026855, -0.5821407437324524, -5.05739688873291, 1.8787364959716797, -9.465143203735352, -1.1965540647506714, -10.301321983337402, -1.3805831670761108, -0.6256343722343445, -0.19616208970546722, -0.23913194239139557, -0.35898908972740173, -0.14664021134376526, -0.15965771675109863, -0.15917740762233734, -0.18320010602474213, -0.09258481860160828, 0.031128061935305595, 0.06539983302354813, 0.03459181636571884, 0.004232307430356741, 0.029591728001832962, 0.057079050689935684, -0.010105290450155735, 0.0821346864104271, -0.03506851568818092, 0.05528153479099274, -0.13291531801223755, 0.08730961382389069, 0.07396271824836731, 0.02881779707968235, -0.0358000285923481, 0.028234343975782394, 0.002816827967762947, 0.023331813514232635, -0.02090785652399063, -0.020252108573913574, 0.030363032594323158, 0.012347781099379063, -0.010602971538901329, 0.008742245845496655, 0.0050394549034535885, 0.0014205957995727658, -0.020652752369642258, 0.010990769602358341, -0.006429515313357115, 0.0031096315942704678, 1739.304260371631, 0.04518017917871475, 3501.0747832369943]",63,cat
65,data/audio_cat-classification/NAYA_DATA_AUG1X/Paining/Last_addCat129579Res_aug1(1).mp3,cat,"[-263.47882080078125, 93.6115951538086, -14.459142684936523, 4.373915195465088, 6.5318098068237305, 11.4606294631958, 3.813284397125244, 5.708585739135742, 0.7486774921417236, -3.3342063426971436, -7.683502674102783, -3.9392523765563965, 1.2540069818496704, -8.656846046447754, -10.267646789550781, -1.33073091506958, 4.952426910400391, 0.2791821360588074, -0.5654058456420898, -0.24484241008758545, 0.6809828877449036, -0.00014889526937622577, -0.21356195211410522, 0.2736070156097412, 0.09911694377660751, -0.08238879591226578, -0.1339518278837204, -0.0514880046248436, 0.030852308496832848, 0.008879832923412323, -0.09399746358394623, -0.09331503510475159, 0.004663312807679176, 0.006308725569397211, -0.03693227469921112, 0.012294880114495754, 0.07207542657852173, -0.025661209598183632, -0.035367388278245926, -0.005872775800526142, -0.1394982486963272, -0.11335857957601547, -0.012561348266899586, 0.09827719628810883, 0.07143080234527588, -0.03483794629573822, -0.006333931814879179, 0.01706712692975998, 0.006279153749346733, -0.045406877994537354, -0.04984279349446297, -0.008511966094374657, -0.009028238244354725, -0.0011617470299825072, 0.011708683334290981, 0.050974976271390915, 0.07701530307531357, 0.06400849670171738, -0.04279698058962822, -0.09530873596668243, 2122.0295153788206, 0.020406771451234818, 4473.4798828125]",63,cat
2526,data/audio_cat-classification/NAYA_DATA_AUG1X/Warning/Last_addCat354Grl_aug1(1).mp3,cat,"[-203.76889038085938, 102.33942413330078, -23.07208824157715, -37.139892578125, -14.555727005004883, -1.7253015041351318, 5.227115154266357, -18.795148849487305, -7.724743366241455, 1.3622807264328003, -4.207767963409424, -3.6682071685791016, -9.07821273803711, -9.593914031982422, -6.370290756225586, -7.394775867462158, 1.5709110498428345, -3.3822693824768066, -0.7512640357017517, 5.556406021118164, 0.5876123905181885, 0.18630588054656982, -0.08181826770305634, 0.05584489926695824, 0.04389317333698273, 0.05254257097840309, 0.07063992321491241, 0.02284785732626915, -0.06231391429901123, -0.020191211253404617, -0.027035502716898918, 0.05301440879702568, 0.013778935186564922, -0.034905582666397095, 0.00976074580103159, -0.003519185585901141, 0.006862258072942495, -0.03383253142237663, -0.023837046697735786, -0.06230459362268448, -0.4089928865432739, -0.06371650099754333, 0.01490708440542221, -0.05038851872086525, 0.005775077734142542, 0.004286498762667179, 0.004431268200278282, 0.003303673816844821, 0.019767900928854942, -0.008638924919068813, 0.011842814274132252, -0.0024096807464957237, -0.004561142530292273, -0.007783779874444008, -0.016247425228357315, 0.01623842678964138, 0.009829663671553135, 0.019368480890989304, -0.018088551238179207, -0.00016649118333589286, 1972.3228151153207, 0.07743296772241592, 3166.4946457435344]",63,cat
1103,data/audio_cat-classification/NAYA_DATA_AUG1X/Defence/LastEntry_cat1349Hiss_aug1(1).mp3,cat,"[-99.00089263916016, 45.230072021484375, -44.50242233276367, 11.33631420135498, -12.529955863952637, 6.675958156585693, -13.297598838806152, 1.103071689605713, -19.079923629760742, 1.7212263345718384, -13.016448974609375, -1.1168848276138306, -11.474432945251465, 7.359230041503906, -1.331821084022522, 1.8740278482437134, 4.033944606781006, 4.023626804351807, 3.283184766769409, 10.892987251281738, -2.989323616027832, -0.5350134372711182, 0.8168354034423828, -0.21229559183120728, 0.18043237924575806, 0.09672069549560547, 0.008592228405177593, -0.11237382143735886, 0.3792266845703125, 0.07074809074401855, 0.19174480438232422, 0.2864682376384735, 0.2176707237958908, -0.19500218331813812, 0.23895137012004852, 0.12460776418447495, -0.1567969173192978, 0.04863838478922844, 0.14289341866970062, -0.16703541576862335, -1.7434231042861938, 0.16685257852077484, 0.25562649965286255, 0.13642562925815582, 0.1620544046163559, -0.1446133702993393, 0.0286321472376585, -0.020214900374412537, 3.793090581893921e-05, -0.22741203010082245, 0.011247601360082626, -0.14698760211467743, -0.11629602313041687, -0.1212785542011261, 0.013652700930833817, -0.02539120614528656, 0.0552336722612381, 0.05090576037764549, -0.010852972976863384, -0.11515068262815475, 3392.003683144551, 0.13703960180282593, 6316.40625]",63,cat
996,data/audio_cat-classification/NAYA_DATA_AUG1X/Defence/LastEntry_cat1312Hiss.mp3,cat,"[-115.6528091430664, 89.72970581054688, -40.808712005615234, 25.4360294342041, -28.09551239013672, 11.116073608398438, -19.180002212524414, 13.7517728805542, -12.818004608154297, 10.98047161102295, -13.993925094604492, 4.803787708282471, -10.835423469543457, 8.439329147338867, 0.7487481236457825, -0.47611352801322937, -6.1228485107421875, 0.33739200234413147, -0.9451814293861389, -0.8926419615745544, 0.8692024946212769, -0.25709986686706543, -0.4576280117034912, 0.11494792252779007, -0.3376188576221466, -0.10426771640777588, -0.02737247571349144, -0.024262579157948494, 0.06636836379766464, -0.028912698850035667, 0.0061613526195287704, 0.10957518219947815, -0.21672679483890533, -0.030455797910690308, 0.16578668355941772, 0.07005153596401215, -0.017239194363355637, 0.008578748442232609, 0.08912243694067001, 0.05767739191651344, -0.9949407577514648, -0.10262935608625412, 0.12148691713809967, 0.036704521626234055, 0.11586035788059235, -0.04882607236504555, 0.1897122859954834, -0.0031866866629570723, 0.0321190282702446, -0.06787600368261337, -0.02675180323421955, -0.10720250755548477, 0.025764688849449158, -0.11788732558488846, -0.005994062405079603, 0.04978562518954277, -0.00309870601631701, 0.004885601811110973, 0.01740502379834652, 0.006255113519728184, 2529.8560204517876, 0.025522010400891304, 5019.468428448933]",63,cat
4649,data/audio_cat-classification/NAYA_DATA_AUG1X/Fighting/YashLL_Cat0240Fit (2).mp3,cat,"[-67.5984878540039, 57.5319938659668, -90.7342300415039, 37.26484680175781, -0.44388291239738464, 23.649446487426758, -26.072294235229492, 26.319711685180664, -7.7592997550964355, 10.495697021484375, -3.988987684249878, 4.135052680969238, 2.9702839851379395, -3.4235754013061523, -1.737813949584961, 1.7444443702697754, 1.1693843603134155, 1.698250651359558, 3.9298181533813477, -3.1736559867858887, -0.03567972034215927, 0.7248203754425049, 0.07485993951559067, 0.029500290751457214, -0.07751809805631638, 0.2630564570426941, -0.025374354794621468, -0.040347084403038025, 0.026084786280989647, 0.1371297538280487, -0.07729880511760712, -0.0028721317648887634, 0.06705232709646225, 0.004484505858272314, -0.0439039021730423, -0.013870401307940483, 0.04478595033288002, -0.06367646157741547, -0.004462968558073044, -0.0030972848180681467, -0.10288382321596146, 0.03947702422738075, 0.035702623426914215, -0.04660908877849579, 0.03471534699201584, 0.008663357235491276, 0.017704347148537636, -0.032246217131614685, 0.0007659640978090465, -0.019457537680864334, -0.013281203806400299, 0.012819911353290081, 0.006195894442498684, 0.010355247184634209, -0.02268160693347454, 0.001166375121101737, -0.0002371396985836327, 0.005809998605400324, 0.005173673387616873, -0.003217697376385331, 2664.869651991734, 0.008897196501493454, 4476.9241141474895]",63,cat
5292,data/audio_cat-classification/NAYA_DATA_AUG1X/MotherCall/Cat_YoutubeLLT42317_aug1(1).mp3,cat,"[-368.59014892578125, -1.789302945137024, -13.181573867797852, 24.224205017089844, 12.37172794342041, 26.592247009277344, 12.329768180847168, 23.450632095336914, -2.827845811843872, 0.0005354205495677888, 7.105077266693115, 14.539803504943848, 1.1608431339263916, -3.7682158946990967, -3.304569959640503, -0.10589335113763809, -2.2376227378845215, 1.2277460098266602, -2.5140583515167236, -6.5816497802734375, 0.2590038478374481, 0.13513009250164032, 0.11772942543029785, 0.048288531601428986, -0.010264664888381958, 0.0440715067088604, 0.02614799700677395, 0.006830073893070221, -0.09501323848962784, -0.039410773664712906, 0.12347119301557541, -0.01280231773853302, -0.047851938754320145, 0.0002600348962005228, -0.054261013865470886, 0.004923740401864052, 0.033634766936302185, 0.005802343133836985, 0.02353266440331936, -0.04271496832370758, -0.18825046718120575, 0.0015504886396229267, -0.05590757355093956, -0.011113140732049942, -0.037006571888923645, 0.005313253961503506, 0.007860313169658184, 0.023752624168992043, 0.0017499449895694852, -0.038297608494758606, 0.014693205244839191, -0.008226449601352215, 0.00881876889616251, 0.047443702816963196, 0.013447283767163754, 0.019746890291571617, 0.026799220591783524, 0.020665470510721207, 0.02575189433991909, 0.025326676666736603, 3921.6878455522015, 0.12069448828697205, 7188.105353407973]",63,cat
2515,data/audio_cat-classification/NAYA_DATA_AUG1X/Warning/Cat_Angry1056.mp3,cat,"[-189.6339874267578, 136.65097045898438, 1.137608289718628, -16.423301696777344, -18.907154083251953, 2.0563766956329346, -6.663069725036621, -17.03237533569336, -9.804085731506348, -13.11328125, -11.328646659851074, -4.91045618057251, -7.326652526855469, -18.143901824951172, -2.826948642730713, -1.6434963941574097, -8.786760330200195, 1.061163067817688, -2.4423186779022217, -9.291680335998535, -0.396517813205719, -0.5787354707717896, -0.2924938499927521, -0.012379980646073818, 0.10559893399477005, 0.2988603711128235, 0.17231658101081848, 0.04303388297557831, 0.17644713819026947, 0.11551500856876373, 0.04149733483791351, 0.034988388419151306, -0.029347572475671768, 0.037197064608335495, 0.022736508399248123, -0.025565123185515404, 0.025133056566119194, -0.006084691267460585, 0.033010318875312805, -0.021582039073109627, -0.33258339762687683, -0.11280522495508194, -0.07996969670057297, 0.014352846890687943, 0.016645383089780807, -0.019399505108594894, 0.01043026614934206, 0.04137102887034416, -0.06940146535634995, 0.015639623627066612, 0.09437660127878189, 0.011817198246717453, -0.0024313335306942463, 0.07002653926610947, 0.06047239154577255, -0.0040348549373447895, -0.004171049688011408, 0.014282369054853916, -0.018068827688694, -0.012276587076485157, 1593.9827800592361, 0.008670315146446228, 2899.781828473328]",63,cat
4814,data/audio_cat-classification/NAYA_DATA_AUG1X/MotherCall/Cat_pills0168_aug1(1).mp3,cat,"[-364.8672790527344, 52.33346939086914, 4.945836544036865, 9.210204124450684, 2.112494468688965, 16.391407012939453, 1.2820075750350952, 11.952478408813477, 7.358337879180908, 0.8365354537963867, 10.888198852539062, 1.3074098825454712, 10.959504127502441, 1.4663982391357422, 2.121838331222534, 6.00439977645874, -3.659836530685425, 0.35993635654449463, 4.6779327392578125, -3.2482519149780273, 0.5394496321678162, -0.12431377917528152, -0.21912357211112976, -0.07856811583042145, 0.04784228652715683, 0.07809950411319733, -0.01647837832570076, -0.005676944740116596, 0.016266264021396637, 0.05115877091884613, 0.0270401518791914, 0.014432936906814575, 0.06792895495891571, 0.019847476854920387, 0.11767743527889252, 0.02944827824831009, -0.08110588788986206, -0.021126018837094307, 0.05504610762000084, 0.058121051639318466, -0.6130764484405518, 0.10338091105222702, 0.014211846515536308, 0.01590965874493122, 0.03326279670000076, -0.04821261018514633, 0.008086159825325012, -0.024534258991479874, 0.0338435135781765, 0.01798359677195549, 0.031180232763290405, 0.014996646903455257, 0.01723674312233925, 0.049410220235586166, -0.029103564098477364, -0.018338285386562347, -0.004753916524350643, 0.016993965953588486, 0.00047298314166255295, -0.01565701887011528, 3601.8866820688036, 0.08660513162612915, 7137.92384826031]",63,cat
764,data/audio_cat-classification/NAYA_DATA_AUG1X/Defence/cat_flickr01465.mp3,cat,"[-200.31837463378906, 57.549468994140625, -5.741785049438477, 7.196902751922607, 9.488030433654785, 6.2561187744140625, 3.3539810180664062, -3.9830660820007324, -9.452274322509766, -2.51712703704834, -8.204230308532715, -8.443587303161621, -5.130033016204834, -0.11779028922319412, 1.4366868734359741, 1.9766815900802612, 3.4717564582824707, 2.269530773162842, 0.6816527843475342, 1.4910563230514526, -1.0360586643218994, 1.315761923789978, 0.7858651876449585, 0.15683995187282562, -0.13946807384490967, -0.53859943151474, -0.34848499298095703, 0.10418570041656494, 0.15870606899261475, 0.02476378343999386, 0.19750800728797913, 0.09938044100999832, -0.026297233998775482, -0.18605349957942963, -0.18516550958156586, 0.033873289823532104, 0.1064741313457489, -0.005182729102671146, -0.05250972881913185, 0.09742435067892075, -0.21092335879802704, 0.020238807424902916, -0.039324454963207245, 0.0216355063021183, -0.15399634838104248, -0.13653740286827087, -0.0479586198925972, 0.03601880744099617, -0.08503083884716034, -0.05216282978653908, -0.10550657659769058, 0.006762336939573288, 0.0846644714474678, 0.08321221172809601, -0.03327303007245064, -0.009898152202367783, -0.10320987552404404, 0.04953055456280708, 0.017149321734905243, 0.0015849601477384567, 3397.3131199908207, 0.13271677494049072, 7431.314881207192]",63,cat
805,data/audio_cat-classification/NAYA_DATA_AUG1X/Defence/Cat_HIss10024.mp3,cat,"[-209.06407165527344, 61.65525817871094, 1.3490331172943115, 2.2774362564086914, 0.3837677538394928, 2.073080062866211, -5.089630603790283, -6.015468597412109, -4.345019817352295, -6.552022457122803, -10.136984825134277, -9.530933380126953, -7.086455821990967, -4.633639812469482, -3.7924771308898926, -1.6502437591552734, -3.3332231044769287, -3.6833174228668213, -2.5499777793884277, -3.556875467300415, -0.03217974305152893, 0.9214535355567932, 0.32195353507995605, -0.09784465283155441, 0.28605154156684875, -0.23258467018604279, -0.10808642208576202, -0.016239870339632034, 0.11813237518072128, -0.036943789571523666, 0.024967500939965248, 0.04224567860364914, 0.041668422520160675, 0.011903378181159496, 0.0701330378651619, -0.04670180007815361, -0.10707436501979828, -0.08151820302009583, -0.12644673883914948, -0.015347524546086788, -0.5200749635696411, -0.2291385382413864, -0.02929041162133217, -0.04919201508164406, -0.07663138210773468, 0.015260545536875725, 0.03245346620678902, 5.632188913295977e-05, -0.06044106185436249, 0.036729320883750916, 0.0005360824870876968, -0.026685887947678566, 0.04720185697078705, 0.11221736669540405, -0.01945081539452076, -0.07151131331920624, 0.037898823618888855, 0.09041455388069153, 0.052933115512132645, -0.003229379653930664, 3515.705542072158, 0.17441189289093018, 7361.308317364387]",63,cat
4880,data/audio_cat-classification/NAYA_DATA_AUG1X/MotherCall/cat_coll01816_aug1(1).mp3,cat,"[-182.78677368164062, 61.83469009399414, -13.685311317443848, 9.749313354492188, 1.499666690826416, 14.104643821716309, 4.701584339141846, 2.7805588245391846, -19.551050186157227, 5.296779155731201, 8.879093170166016, -0.45991769433021545, -9.545425415039062, 0.5640498399734497, -6.316681385040283, -2.6276979446411133, 0.5622295141220093, -2.3089792728424072, -10.90358829498291, 4.807856559753418, 0.8626212477684021, -0.2115478813648224, -0.18442896008491516, 0.16348271071910858, -0.01006077229976654, -0.05196841061115265, 0.018032215535640717, 0.2851916253566742, -0.3304736018180847, -0.09459720551967621, 0.4848282039165497, 0.32578322291374207, -0.24466954171657562, -0.2691153883934021, 0.24053412675857544, -0.053920384496450424, 0.14612442255020142, 0.18611541390419006, -0.30029740929603577, -0.20462794601917267, -0.758339524269104, 0.004925976973026991, -0.004749909043312073, -0.0026558837853372097, 0.008081805892288685, 0.0004557242209557444, -0.05036082863807678, 0.01629212312400341, 0.0821152999997139, -0.0703502893447876, -0.06720313429832458, 0.025114931166172028, 0.08994264900684357, -0.08275856822729111, -0.020114464685320854, 0.05366356670856476, -0.02714226208627224, 0.03173805773258209, 0.13000446557998657, -0.07641956955194473, 3056.800390875312, 0.03858231380581856, 6125.22632495777]",63,cat
88,data/audio_cat-classification/NAYA_DATA_AUG1X/Paining/car_extcoll0351_aug1(1).mp3,cat,"[-194.75132751464844, 95.91564178466797, -13.201132774353027, 34.95945358276367, 30.127681732177734, -14.098088264465332, 0.2343517690896988, 3.35932993888855, -10.013638496398926, -2.115975856781006, 1.4790024757385254, -3.3898837566375732, -6.341312885284424, -5.630797386169434, -6.283605575561523, -5.281309127807617, -1.390988826751709, -1.493449330329895, -1.2502937316894531, 0.5195444822311401, 0.6194052696228027, 0.29637759923934937, -0.031852684915065765, 0.10149336606264114, 0.06919984519481659, -0.08650904893875122, -0.08272992074489594, -0.06103620305657387, -0.02145266905426979, 0.04145202413201332, 0.0011820053914561868, -0.13902370631694794, -0.20203794538974762, -0.1342497318983078, -0.03253892809152603, -0.010076816193759441, -0.025826407596468925, 0.03697490319609642, 0.019054383039474487, 0.0029158962424844503, -0.348755419254303, -0.12741440534591675, 0.025290416553616524, -0.00541973952203989, -0.041040319949388504, 0.020636651664972305, 0.0012645721435546875, 0.01560222078114748, 0.02633294276893139, -0.021585233509540558, 0.03329142555594444, 0.05906141176819801, 0.04621995612978935, 0.010249248705804348, 0.03858913481235504, 0.03984108939766884, -0.006864738184958696, -0.035321760922670364, -0.049784574657678604, -0.016897356137633324, 2062.7134953847076, 0.008924754336476326, 3856.263066681338]",63,cat
2378,data/audio_cat-classification/NAYA_DATA_AUG1X/Warning/LastEntry_cat1012Ang_aug1(1).mp3,cat,"[-297.8152770996094, 74.72050476074219, -25.245988845825195, 1.0917208194732666, -13.879858016967773, -3.26157283782959, -6.444521903991699, -8.637088775634766, 7.785189628601074, -2.2359883785247803, 8.426572799682617, -4.967310428619385, -2.607866048812866, -12.44023323059082, 1.1533583402633667, -2.861534833908081, 8.26840877532959, 7.043291091918945, 6.69191837310791, 3.0266005992889404, 0.27299848198890686, 0.054934002459049225, 0.03556405007839203, 0.015271952375769615, -0.0253320150077343, -0.0006259351503103971, 0.012156383134424686, 0.011373430490493774, 0.02237297222018242, 0.01376357115805149, 0.02258993498980999, -0.03139498457312584, 0.016052845865488052, -0.04539650306105614, -0.019956696778535843, 0.018004929646849632, 0.03639218583703041, 0.05144357681274414, 0.03739923611283302, 0.03844655677676201, -0.20236177742481232, -0.00834948755800724, 0.004849508870393038, 0.0015277586644515395, 0.01495316717773676, -0.02168452739715576, 0.009000289253890514, 0.03489542752504349, 0.03493950888514519, 0.028061294928193092, -0.002251923084259033, 0.01214627455919981, 0.009390008635818958, 0.009580153971910477, 0.014271018095314503, 0.027903102338314056, -0.04109182208776474, -0.032282281666994095, -0.03836061805486679, -0.026824649423360825, 2443.6568666344074, 0.04963425546884537, 4619.22315514606]",63,cat
3529,data/audio_cat-classification/NAYA_DATA_AUG1X/Angry/LastEntry_cat1272Ang.mp3,cat,"[-245.35189819335938, 93.12867736816406, -45.66282653808594, -12.1792631149292, -21.377803802490234, 4.560271263122559, -6.900422096252441, 4.7206878662109375, -3.425853967666626, -10.300385475158691, -14.081099510192871, 5.496469497680664, 4.393648624420166, 5.773879051208496, 6.052255630493164, 1.9443185329437256, -6.128781318664551, -2.86989164352417, 3.027989149093628, 7.241581439971924, 0.251505047082901, 0.25713998079299927, 0.0069550564512610435, -0.04867372661828995, -0.03431086242198944, 0.11531907320022583, 0.0034892389085143805, -0.16321629285812378, 0.06351689994335175, 0.065697081387043, -0.11863452941179276, -0.11095346510410309, 0.09427019953727722, 0.12356629222631454, -0.09765777736902237, -0.1072191521525383, 0.01215372048318386, -0.09111236780881882, -0.06232423707842827, -0.06575006246566772, -0.44618934392929077, -0.17959749698638916, 0.032961405813694, -0.008815299719572067, 0.05852612480521202, -0.028292803093791008, 0.0005442941910587251, 0.044860176742076874, 0.06956979632377625, 0.038127534091472626, 0.007616493850946426, -0.04955538362264633, -0.08122734725475311, -0.031466588377952576, 0.017520880326628685, 0.028872787952423096, 0.021836625412106514, 0.009713784791529179, 0.023753520101308823, 0.02607271634042263, 1932.3931806396597, 0.008538169786334038, 3506.4779347386852]",63,cat
4041,data/audio_cat-classification/NAYA_DATA_AUG1X/HuntingMind/Cat_YoutubeLLT42431.mp3,cat,"[-331.1128845214844, 60.38589096069336, 10.759591102600098, 29.088138580322266, 11.000383377075195, 6.684157371520996, 0.2630259692668915, 7.221254825592041, 2.152698516845703, 2.1899757385253906, -0.5244351029396057, 1.752380609512329, 4.881649494171143, 5.1609930992126465, 5.9947919845581055, 6.5037031173706055, 2.490339756011963, 0.9403366446495056, 1.2114423513412476, -0.5808004140853882, 0.3908664286136627, -0.018303709104657173, -0.06017373129725456, 0.021276600658893585, -0.05947445333003998, -0.0261087566614151, -0.01621100679039955, 0.010522441007196903, -0.023435553535819054, -0.04890905320644379, -0.0378374345600605, -0.04618849232792854, 0.03825340047478676, 0.08837636560201645, 0.03377233073115349, 0.0031445848289877176, -0.019192395731806755, -0.029776044189929962, -0.004493930842727423, 0.03192604333162308, -0.39455628395080566, 0.02134528011083603, 0.10718141496181488, -0.027186749503016472, 0.04465760290622711, 0.01895000785589218, 0.022844064980745316, 0.005571887828409672, -0.011445144191384315, 0.009889344684779644, -0.008427046239376068, 0.01765633374452591, -0.015679167583584785, -0.019732866436243057, -0.0133042111992836, -0.010439413599669933, -0.005801166407763958, -0.010860146023333073, 0.02053874358534813, 0.024650223553180695, 3203.832323754901, 0.06107700243592262, 6896.834782643931]",63,cat
3085,data/audio_cat-classification/NAYA_DATA_AUG1X/Angry/Cat_Angry1031.mp3,cat,"[-333.06243896484375, 131.26620483398438, 37.95984649658203, 4.096203804016113, -8.723089218139648, -3.4617209434509277, -13.692806243896484, -11.534092903137207, -12.669427871704102, 7.233544826507568, -11.40021800994873, 2.494886636734009, -7.4247517585754395, -2.05263352394104, -14.903318405151367, -5.3235273361206055, -4.793041229248047, 8.874435424804688, 11.677848815917969, 10.653424263000488, 0.9417518377304077, 0.5441357493400574, 0.1614518165588379, 0.03152962028980255, -0.22136998176574707, -0.25460442900657654, -0.24757637083530426, -0.15917018055915833, 0.006758576724678278, 0.05129789561033249, 0.024081949144601822, -0.04940038174390793, -0.038034118711948395, 0.08666392415761948, 0.03116893395781517, -0.014811662025749683, -0.08409840613603592, -0.09935130923986435, -0.019480759277939796, 0.046215757727622986, -0.44765785336494446, -0.0070905485190451145, -0.01892106421291828, -0.029437193647027016, -0.058341775089502335, -0.09004521369934082, -0.001256827381439507, -0.04110288992524147, 0.012463994324207306, -0.0653810054063797, 0.0058304741978645325, 0.004455418325960636, 0.02983163855969906, -0.002378372475504875, 0.015879632905125618, -0.03402302786707878, -0.02328994870185852, -0.0055721234530210495, 0.006040283478796482, -0.0056676240637898445, 1066.8215959374538, 0.0018284947145730257, 1503.2993209696263]",63,cat
1755,data/audio_cat-classification/NAYA_DATA_AUG1X/Happy/cat_4_aug1(1).mp3,cat,"[-315.65557861328125, 101.25199127197266, -30.535709381103516, 41.04970169067383, -15.406189918518066, 12.696036338806152, -0.9112337231636047, 3.4258246421813965, 4.118924140930176, -9.183552742004395, 3.704909086227417, 1.299709677696228, 23.47240447998047, 15.426132202148438, -7.7848052978515625, -12.370034217834473, -14.537989616394043, -2.8634910583496094, 9.061470985412598, -4.216068267822266, 3.243685245513916, 2.3463962078094482, 0.21017087996006012, 0.36444613337516785, 0.25321924686431885, 0.22006885707378387, 0.22062349319458008, 0.14657354354858398, 0.07148072123527527, 0.01708371192216873, 0.028617389500141144, -0.03972538560628891, 0.08303163945674896, 0.06874509155750275, -0.04728914052248001, 0.06915502995252609, 0.08838694542646408, -0.054036714136600494, -0.02565179578959942, 0.05555914342403412, 0.44328248500823975, 0.38767728209495544, 0.10372611880302429, 0.05794420465826988, 0.05875026062130928, 0.08245843648910522, 0.03633924946188927, -0.02281736396253109, 0.06254665553569794, 0.04606020078063011, -0.05934971198439598, -0.05985286086797714, -0.09641425311565399, -0.046884045004844666, 0.026883941143751144, 0.0027056122198700905, 0.02465532161295414, 0.02018461935222149, 0.01985645294189453, -0.000979478470981121, 1569.7599272085622, 0.08646273612976074, 2965.8196247799297]",63,cat
5814,data/audio_cat-classification/NAYA_DATA_AUG1X/Resting/cat_youtube01306.mp3,cat,"[-373.62078857421875, 104.698974609375, 11.901209831237793, 24.500606536865234, 14.461285591125488, 3.7929913997650146, -1.643151879310608, -5.163717269897461, -20.16396141052246, -19.00522804260254, -13.523473739624023, -7.973944664001465, -17.60523223876953, -10.599864959716797, -0.8946241736412048, 2.2354788780212402, 2.380810260772705, -0.860832154750824, -1.2953877449035645, -0.7025112509727478, 0.9740794897079468, 0.05131562426686287, -0.13543881475925446, 0.006801368668675423, -0.004180482588708401, -0.11855010688304901, -0.019043929874897003, 0.10747407376766205, -0.09765752404928207, -0.019475668668746948, 0.01612376794219017, -0.06442604213953018, -0.1913575530052185, -0.03834867104887962, 0.0197150856256485, -0.013066175393760204, 0.05325573310256004, 0.028286807239055634, 0.027804670855402946, 0.039805639535188675, -0.1450638473033905, 0.14138254523277283, 0.05591346696019173, -0.027460528537631035, -0.00894399918615818, 0.04539857059717178, 0.008524921722710133, -0.020414728671312332, -0.03643925487995148, -0.04120991751551628, -0.04565565660595894, 0.0054125008173286915, 0.0033007466699928045, -0.03135998547077179, -0.020793311297893524, -0.001688727643340826, 0.01742321252822876, 0.01296211313456297, 0.004252380691468716, -0.004110211972147226, 1934.2850009901117, 0.020872367545962334, 4325.993813759039]",63,cat
544,data/audio_cat-classification/NAYA_DATA_AUG1X/Paining/Online_Cat0473Hpy.mp3,cat,"[-309.6410217285156, 49.580928802490234, -24.027894973754883, 11.5565185546875, 17.281227111816406, -3.9733965396881104, -4.519562721252441, 8.826290130615234, -7.927797317504883, -2.4915521144866943, 2.3900527954101562, 0.5647415518760681, 6.922898769378662, 14.019869804382324, -0.7544425129890442, -6.393068790435791, -7.421868801116943, 4.051440715789795, 3.8382558822631836, -2.4521987438201904, 0.05233731493353844, -0.1937708705663681, -0.10792229324579239, 0.05826732516288757, 0.036944009363651276, 0.004861306399106979, 0.06895653903484344, 0.048929423093795776, -0.018573526293039322, -0.007711244747042656, -0.0029663555324077606, -0.008215130306780338, 0.03463651239871979, 0.058658625930547714, 0.038862165063619614, 0.050777215510606766, -0.015067391097545624, -0.09284775704145432, -0.03083273209631443, 0.03828173503279686, -0.35707148909568787, 0.025755668058991432, 0.07974081486463547, 0.041208188980817795, -0.03469096124172211, 0.041416604071855545, 0.07316546887159348, 0.054678939282894135, 0.04667927324771881, 0.008573608472943306, 0.02092280611395836, 0.012021143920719624, -0.02176128700375557, 0.00531761022284627, 0.0002152401430066675, -0.023112770169973373, -0.0006438545533455908, 0.02759563736617565, -0.009798146784305573, -0.03424448519945145, 2898.4445317658297, 0.029505455866456032, 5513.982358186141]",63,cat
2892,data/audio_cat-classification/NAYA_DATA_AUG1X/Warning/cat_flickr01418.mp3,cat,"[-258.3100891113281, 72.7940673828125, 12.063613891601562, 16.48621368408203, -0.14962732791900635, -0.33291488885879517, -4.452319145202637, -4.067506313323975, -11.409041404724121, -3.984368324279785, -0.6516687273979187, -0.952901303768158, -0.965133547782898, 1.8128551244735718, -5.0688605308532715, -2.2341599464416504, -5.3068952560424805, -4.337727069854736, -4.848745346069336, -1.8652877807617188, 1.0935207605361938, -0.3520617187023163, -0.5805637836456299, 0.04154794663190842, 0.12300531566143036, -0.18351927399635315, -0.1526435762643814, 0.17758487164974213, 0.004888749215751886, 0.12491283565759659, 0.19664153456687927, 0.03431054577231407, -0.20462220907211304, 0.16551241278648376, 0.1993035227060318, 0.12257453799247742, 0.2573825418949127, 0.2615330219268799, 0.1672419160604477, 0.12609347701072693, -1.0247893333435059, 0.2534036338329315, 0.3084486126899719, 0.0479455441236496, 0.1587398648262024, 0.0860043466091156, -0.07580654323101044, -0.189532071352005, -0.06376676261425018, -0.09631815552711487, -0.20719194412231445, -0.19735628366470337, -0.03247375786304474, -0.10928486287593842, -0.023256324231624603, 0.013360489159822464, -0.011230088770389557, 0.08942488580942154, 0.13299083709716797, -0.022158145904541016, 2387.612172717966, 0.03354176506400108, 5821.253004807692]",63,cat
3193,data/audio_cat-classification/NAYA_DATA_AUG1X/Angry/Last_addCat173Ang.mp3,cat,"[-464.853759765625, 69.76448059082031, 19.49870491027832, -7.438137054443359, 1.5613197088241577, -10.309220314025879, -20.761905670166016, -14.137909889221191, -21.018007278442383, -20.68400001525879, -13.273228645324707, -5.1415181159973145, -9.176068305969238, -5.712543487548828, -20.121078491210938, -6.952999114990234, -9.512478828430176, -8.979142189025879, -9.047666549682617, -10.737920761108398, 0.24093085527420044, 0.17583881318569183, 0.014209667220711708, 0.03956419602036476, 0.011586970649659634, 0.03430168703198433, -0.014289051294326782, -0.019953027367591858, -0.05252354219555855, -0.05756952613592148, -0.02068677358329296, -0.022481771185994148, -0.0007099990616552532, -0.006098641082644463, -0.021156132221221924, -0.005315010901540518, 0.0036551649682223797, 0.01935349963605404, -0.0029725367203354836, -0.043362658470869064, -0.20759345591068268, 0.0019778343848884106, 0.016624439507722855, 0.009551096707582474, -0.0003795616503339261, 0.006553345359861851, -0.0031778912525624037, -0.005594922695308924, 0.010831697843968868, 0.013227393850684166, 0.016198011115193367, 0.023209597915410995, 0.006664339918643236, 0.002881930908188224, 0.014894845895469189, 0.010173797607421875, -0.0033282970543950796, -0.01627231203019619, 0.0008836546330712736, 0.00844217836856842, 2450.423159448069, 0.01136352401226759, 6089.940082596009]",63,cat
977,data/audio_cat-classification/NAYA_DATA_AUG1X/Defence/Edit9070Hiss.mp3,cat,"[-280.8869323730469, 60.916175842285156, 7.14358377456665, -3.072479486465454, 5.04679012298584, -6.511274814605713, 0.9720289707183838, 2.999267578125, -6.019951343536377, 4.217081546783447, -1.4791799783706665, 0.14725688099861145, -0.35450854897499084, -2.1928606033325195, 5.917265892028809, -0.8805415630340576, 1.9256948232650757, 4.606719970703125, -0.7399973273277283, 0.3930818736553192, 3.698965072631836, -0.14713776111602783, 0.08784665167331696, 0.4247748553752899, 0.19609250128269196, 0.05664079636335373, 0.3365417718887329, 0.20978812873363495, -0.1432991325855255, 0.0037979090120643377, 0.08839067071676254, 0.02645084261894226, -0.0023942841216921806, -0.20273128151893616, 0.12625721096992493, 0.3605751693248749, 0.1482395976781845, -0.016688089817762375, -0.08980458974838257, 0.15745840966701508, -1.9093096256256104, -0.6380350589752197, -0.3516497015953064, -0.008765967562794685, -0.04511629417538643, -0.059518709778785706, -0.04315727576613426, -0.0357796773314476, 0.016292251646518707, 0.0921805277466774, 0.10361054539680481, -0.03968634828925133, 0.021723799407482147, -0.08792310208082199, -0.020408956333994865, -0.006854275707155466, -0.07178882509469986, -0.03202696517109871, -0.0755140632390976, -0.0472833625972271, 3529.6459347466725, 0.12625527381896973, 8009.256653866525]",63,cat
4247,data/audio_cat-classification/NAYA_DATA_AUG1X/Fighting/YashLL_Cat0251Fit_aug1(1).mp3,cat,"[-188.2859649658203, 49.094905853271484, -66.82977294921875, 23.554031372070312, -3.297229051589966, 0.8911873698234558, -15.745853424072266, 17.466232299804688, -3.612637996673584, 14.204381942749023, -9.454174995422363, 4.051948547363281, -4.113807678222656, -1.0132150650024414, -1.5139570236206055, 3.0918490886688232, -3.441443681716919, 4.027210712432861, 3.553253650665283, -0.4798729419708252, 2.4647228717803955, 0.7258313894271851, -0.4427689015865326, 0.08979140967130661, -0.12242139875888824, 0.006866591516882181, -0.12600842118263245, 0.07295429706573486, 0.042819246649742126, 0.017704704776406288, -0.05414048582315445, -0.07209733873605728, -0.009160107932984829, -0.09134726971387863, -0.1569068431854248, -0.11429786682128906, -0.045666612684726715, -0.07277138531208038, -0.035571299493312836, 0.005463994573801756, -0.17356033623218536, 0.013746473006904125, 0.0787016749382019, 0.0471903420984745, 0.029965771362185478, -0.0016839163145050406, 0.006952899042516947, -0.017544323578476906, 0.0005193827673792839, 0.017375044524669647, 0.004738887306302786, -0.0010044608497992158, 0.0021442370489239693, 0.0038346017245203257, 0.009143030270934105, 0.006405784282833338, -0.005696779582649469, 0.0005613224930129945, 0.03225149214267731, 0.0442960187792778, 2506.1025805658114, 0.10964865982532501, 4109.688720703125]",63,cat
4770,data/audio_cat-classification/NAYA_DATA_AUG1X/MotherCall/Last_addCat134Pil.mp3,cat,"[-337.97125244140625, 98.35425567626953, 12.792197227478027, 16.276107788085938, 19.127275466918945, 25.704017639160156, 20.31169891357422, 11.995800018310547, 3.7977359294891357, 2.752514123916626, 0.6626133322715759, 0.6311821937561035, 4.210897922515869, 0.20380978286266327, -1.898624062538147, -0.44070956110954285, 0.22379492223262787, 0.3388667702674866, 1.9485011100769043, 1.7584898471832275, -0.24247325956821442, -0.024551374837756157, 0.10925798863172531, 0.07915588468313217, 0.024496635422110558, -0.05087766423821449, -0.015525830909609795, 0.011930050328373909, 0.06311063468456268, 0.09626124799251556, -0.027541231364011765, -0.03976397216320038, -0.005783586297184229, 0.02827003411948681, 0.047962743788957596, -0.0224932748824358, -0.05976969003677368, 0.015026185661554337, 0.08876105397939682, 0.04932833090424538, -0.06453987956047058, 0.03754198178648949, 0.028583219274878502, 0.015288182534277439, -0.003326963633298874, -0.016505245119333267, -0.03603770211338997, -0.0326848030090332, 0.002950583351776004, 0.05349893867969513, 0.02281586453318596, -0.02775643579661846, -0.017361534759402275, 0.0033033802174031734, 0.01614656299352646, 0.05901402607560158, -0.004576080944389105, -0.03754451498389244, -0.008503488264977932, 0.027036847546696663, 2017.2842738262323, 0.027200881391763687, 4604.152695449082]",63,cat
2348,data/audio_cat-classification/NAYA_DATA_AUG1X/Mating/cat03112_aug1(1).mp3,cat,"[-325.2980041503906, 64.83187103271484, 9.235708236694336, 0.6718888878822327, 2.168569564819336, -3.7743453979492188, -6.371728897094727, 1.8439184427261353, -1.978693962097168, -7.500802516937256, -5.945434093475342, 0.813097357749939, 0.13450558483600616, 0.2562210261821747, -2.788875102996826, -3.246553897857666, -1.029834270477295, -3.025184392929077, -1.6516510248184204, -0.8694391250610352, 1.8306243419647217, 0.24188700318336487, 0.18296244740486145, 0.07823587954044342, 0.029774468392133713, 0.03555069491267204, 0.036873310804367065, 0.08934898674488068, 0.06989502906799316, -0.02895892597734928, -0.057212088257074356, -0.021583063527941704, -0.023427190259099007, -0.01794147863984108, 0.04010780528187752, 0.06517013162374496, 0.06572742760181427, 0.026082677766680717, -0.032377712428569794, -0.021414682269096375, 0.008965683169662952, 0.010084566660225391, -0.031199123710393906, -0.01961335353553295, -0.011191382072865963, -0.02285250648856163, -0.02361540123820305, -0.02575078047811985, -0.02179616317152977, 0.0001746989000821486, 0.001605670666322112, 0.01135847344994545, 0.0054356432519853115, 0.006527018267661333, 0.004920986481010914, -0.008614488877356052, -0.015300027094781399, -0.009469631128013134, -0.005736743565648794, -0.011556623503565788, 2373.623339180421, 0.21272270381450653, 5091.571008373877]",63,cat
3802,data/audio_cat-classification/NAYA_DATA_AUG1X/HuntingMind/catchatter763.mp3,cat,"[-465.94195556640625, 134.0078125, 23.37969398498535, 18.45929718017578, 16.47380828857422, 5.803353786468506, -3.570748805999756, 1.8661010265350342, -1.8290905952453613, 4.713799953460693, 2.334224224090576, 0.4972023367881775, 2.193904161453247, -0.4781378507614136, -5.942962646484375, -6.239765167236328, -10.850807189941406, -5.932056903839111, -5.064242362976074, -2.725159168243408, 0.49742794036865234, 0.0350140705704689, 0.0012278261128813028, -0.03810560330748558, 0.0042748539708554745, 0.03047080710530281, -0.0034649253357201815, -0.013165805488824844, 0.05062852427363396, 0.08895474672317505, 0.02685784175992012, -0.05884605273604393, -0.06593169271945953, -0.0666186660528183, -0.026607457548379898, -0.007083282805979252, -0.0069066546857357025, 0.020707132294774055, -0.02338367886841297, -0.05018947273492813, -0.5981791019439697, -0.006103120744228363, 0.07733447849750519, 0.04125409200787544, -0.0051519619300961494, 0.017395686358213425, 0.010050129145383835, 0.05278332531452179, 0.07777587324380875, 0.010072460398077965, -0.036309972405433655, 0.021216608583927155, -0.01733975298702717, 0.008014122024178505, -0.016889115795493126, -0.030102234333753586, 0.015988800674676895, 0.03516525775194168, -0.013964738696813583, -0.027605779469013214, 1359.9331817959787, 0.004496883135288954, 2443.0154551630435]",63,cat
401,data/audio_cat-classification/NAYA_DATA_AUG1X/Paining/Cat_YoutubeLLT42455.mp3,cat,"[-300.5378723144531, 49.62168502807617, -94.77336120605469, -22.333730697631836, -16.166988372802734, -20.56829261779785, 3.776475429534912, -16.743772506713867, -23.197269439697266, -11.105478286743164, -11.312331199645996, -10.382871627807617, 2.946444034576416, 15.934036254882812, 6.114871025085449, 5.846374034881592, -7.254958152770996, -14.876031875610352, -1.8008917570114136, 10.707634925842285, 0.8245237469673157, 0.05315905436873436, -0.207502543926239, -0.14183063805103302, 0.08597317337989807, -0.06205575540661812, -0.04074801877140999, 0.017236242070794106, -0.09963074326515198, -0.06263460963964462, -0.0022110939025878906, -0.002205314813181758, -0.015821991488337517, -0.009220297448337078, -0.058112092316150665, 0.012369239702820778, 0.06714266538619995, -0.008258003741502762, -0.07627012580633163, -0.011919321492314339, -0.2959126830101013, -0.03765798360109329, 0.02306539937853813, 0.032743845134973526, 0.0013835144927725196, 0.1203695684671402, 0.022150684148073196, -0.04203730449080467, 0.014257894828915596, -0.0006082523032091558, 0.028133857995271683, -0.0013090623542666435, -0.006352463737130165, 0.002348716836422682, 0.042610473930835724, 0.01828811503946781, 0.017794406041502953, 0.001932833925820887, 0.00848956685513258, 0.002814841689541936, 2727.764047401911, 0.061463240534067154, 5323.576614091981]",63,cat
1744,data/audio_cat-classification/NAYA_DATA_AUG1X/Happy/Online_Cat0365hpy.mp3,cat,"[-510.9660949707031, 31.43584442138672, -59.620357513427734, -14.328743934631348, -29.770009994506836, -8.705182075500488, -26.828292846679688, -0.23657532036304474, -11.942855834960938, -8.170572280883789, -8.409517288208008, -14.049838066101074, 5.69084358215332, 6.052704334259033, 11.744843482971191, 14.76235580444336, -1.2607399225234985, -4.366824150085449, -2.9531736373901367, 5.004428863525391, 1.4230631589889526, 0.562886655330658, -0.27530479431152344, -0.24053837358951569, -0.2563624083995819, 0.002784698735922575, -0.07445599138736725, 0.04068011790513992, -0.12678870558738708, -0.007556624710559845, -0.01449746172875166, -0.11914581060409546, 0.041174303740262985, -0.12478302419185638, 0.12982095777988434, 0.13531653583049774, 0.12438152730464935, 0.03761528059840202, -0.14097405970096588, -0.03415175527334213, 0.052745092660188675, 0.13889679312705994, 0.03550340607762337, 0.02699761465191841, -0.005295385140925646, 0.023349877446889877, 0.03996884450316429, 0.01108943298459053, 0.04351901635527611, -0.00018281476513948292, -0.0008912389748729765, 0.006456504110246897, -0.05310720205307007, -0.02378072775900364, -0.04014085605740547, 0.025188684463500977, 0.04000333324074745, 0.029337430372834206, 0.011041590943932533, -0.022029833868145943, 2859.2983179564135, 0.05437357723712921, 5400.18477006392]",63,cat
2099,data/audio_cat-classification/NAYA_DATA_AUG1X/Mating/LastEntry_cat1368Mt_aug1(1).mp3,cat,"[-379.3448791503906, 53.760223388671875, -4.311649799346924, -16.198341369628906, -1.4944859743118286, -1.0448938608169556, 7.742278099060059, -4.942263126373291, -10.892563819885254, -6.532263278961182, -4.26566743850708, -6.6531805992126465, -0.3990594744682312, 2.238807439804077, 3.3098526000976562, 4.266972064971924, -2.9660019874572754, -1.2856169939041138, -5.334923267364502, 0.16139400005340576, -1.7086519002914429, -0.34634488821029663, -0.11724082380533218, 0.040008626878261566, 0.0709805116057396, 0.0998513475060463, 0.013231233693659306, 0.0490473210811615, 0.04887966066598892, 0.06423268467187881, 0.052816446870565414, 0.0441434271633625, 0.02583366259932518, -0.02625294215977192, -0.04708540067076683, -0.050756584852933884, 0.009758537635207176, -0.040146663784980774, -0.006850892677903175, 0.04006887227296829, -0.28248131275177, 0.0325099416077137, -0.01274374034255743, -0.022245686501264572, -0.0052535454742610455, -0.018552174791693687, 0.018662085756659508, 0.020026149228215218, -0.0015922359889373183, -0.01537394430488348, 0.0017893953481689095, 0.01211151760071516, 0.00991273857653141, 0.03267912566661835, 0.02445673570036888, -0.007398249581456184, -0.019324811175465584, -0.0002493416250217706, -0.0022608977742493153, -0.004040422849357128, 3292.3185956283705, 0.15789677202701569, 6814.155868902439]",63,cat
576,data/audio_cat-classification/NAYA_DATA_AUG1X/Paining/Online_Cat0314hpy.mp3,cat,"[-373.2983093261719, 66.9248275756836, -23.643762588500977, -41.71113586425781, -38.128211975097656, -2.6737139225006104, 10.40994930267334, -17.413959503173828, -47.0516357421875, -18.00860023498535, -10.868313789367676, 0.08734965324401855, -21.5662841796875, -16.914737701416016, -21.977855682373047, 2.463324546813965, 22.816259384155273, 37.99108123779297, 33.85346984863281, 8.669480323791504, -6.090671062469482, -2.3039357662200928, 0.9774989485740662, 1.4409040212631226, 1.3658651113510132, 0.2630380392074585, -0.4253492057323456, 0.6465859413146973, 1.372334361076355, -0.33324912190437317, 0.25048530101776123, -0.41972383856773376, 0.0461539663374424, 0.13694362342357635, -0.5462411642074585, -0.5415382385253906, -0.09713967889547348, 0.8174010515213013, 0.8186841011047363, 0.985471785068512, -1.2195314168930054, -0.4900228679180145, 0.0594542995095253, 0.28999093174934387, 0.17496220767498016, 0.018337642773985863, -0.06662054359912872, 0.1468508392572403, 0.38842612504959106, 0.2766276001930237, 0.3171181380748749, 0.2899630665779114, 0.3185240924358368, 0.4035767614841461, 0.01743490993976593, -0.2693689167499542, -0.9102451205253601, -0.720529317855835, -0.30710768699645996, 0.24612033367156982, 1454.0911108110522, 0.0035955829080194235, 1770.637843919837]",63,cat
2654,data/audio_cat-classification/NAYA_DATA_AUG1X/Warning/cat_flickr01450_aug1(1).mp3,cat,"[-211.61343383789062, 77.82588958740234, -5.8676300048828125, 12.534175872802734, -5.615612030029297, 14.19571304321289, 1.0471973419189453, 9.427592277526855, -2.9401097297668457, 5.072000503540039, -0.17337031662464142, 8.607489585876465, -0.8648733496665955, 1.9769419431686401, -7.5479960441589355, 0.7597476243972778, -7.451164722442627, -0.1009979248046875, -1.1240975856781006, 2.9021453857421875, 1.3804652690887451, 0.36762183904647827, -0.01971571147441864, -0.08769550919532776, -0.005433799233287573, 0.023885881528258324, -0.03748182952404022, -0.055312249809503555, -0.00790611281991005, 0.008069920353591442, 0.028890615329146385, 0.033964723348617554, -0.00979811605066061, -0.031801823526620865, -0.009843393228948116, -0.01443993579596281, -0.038743458688259125, -0.017615320160984993, -0.056480009108781815, -0.06184691563248634, -0.5794007778167725, -0.06590086966753006, 0.13150246441364288, 0.05063995346426964, 0.05559365451335907, -0.0268003698438406, 0.023667391389608383, -0.03941284120082855, 0.028226204216480255, 0.015230251476168633, -0.02820572257041931, -0.03967399150133133, 0.05444540083408356, 0.03971118479967117, 0.038668837398290634, 0.07130454480648041, 0.04726777970790863, -0.027459513396024704, 0.006834165193140507, -0.0007309035281650722, 2537.0119134066335, 0.05328137427568436, 5563.532446712427]",63,cat
681,data/audio_cat-classification/NAYA_DATA_AUG1X/Defence/Edit9028Hiss_aug1(1).mp3,cat,"[-165.190673828125, 77.88385009765625, -9.523392677307129, 31.4111328125, -6.383584976196289, 2.065213203430176, 13.118212699890137, -4.985622882843018, 15.047642707824707, 1.4763472080230713, 0.9649738073348999, 9.475175857543945, -3.101632833480835, 9.072132110595703, 6.076776504516602, 2.5453603267669678, 6.336181163787842, -2.375819683074951, 3.7641870975494385, 0.00955954473465681, -0.7787838578224182, -0.6722561120986938, -0.15418407320976257, -0.10698831081390381, 0.09420879930257797, -0.07142607867717743, -0.16556067764759064, 0.02574755996465683, -0.0344674326479435, 0.1743468940258026, 0.13965825736522675, 0.06717655807733536, -0.04637372866272926, 0.13090695440769196, 0.20391857624053955, 0.16101425886154175, 0.030920078977942467, 0.22782206535339355, 0.3059249520301819, 0.2291269600391388, -1.9406849145889282, -0.5704826712608337, 0.3078223466873169, -0.2616507411003113, 0.022986870259046555, -0.04919637739658356, -0.12974761426448822, 0.09165912121534348, -0.11568281799554825, 0.1261993795633316, 0.1095074862241745, -0.05499676614999771, 0.08079420030117035, -0.14051686227321625, -0.0812441036105156, -0.022770565003156662, -0.09097757935523987, -0.023610852658748627, -0.12961429357528687, -0.1277092695236206, 2868.4550132208415, 0.05240253731608391, 5984.43603515625]",63,cat
4520,data/audio_cat-classification/NAYA_DATA_AUG1X/Fighting/YashLL_Cat0251Fight_aug1(1).mp3,cat,"[-193.0232391357422, 30.094545364379883, -46.18655014038086, 13.463868141174316, 2.955146551132202, 23.836273193359375, -3.733269453048706, 10.675431251525879, 8.462174415588379, 14.660929679870605, 11.967131614685059, 0.7695739269256592, 6.282843112945557, 1.4038403034210205, 2.25582218170166, 2.186717987060547, 8.199566841125488, 4.868766784667969, 3.6943306922912598, 1.9496687650680542, -5.184772491455078, -0.5749232172966003, 0.5450258851051331, -0.12461348623037338, 0.06094990670681, -0.1242658719420433, -0.11731187254190445, -0.21754863858222961, -0.020523272454738617, -0.039248302578926086, -0.058770935982465744, -0.06566596776247025, 0.015260688029229641, -0.01554159726947546, -0.045672666281461716, -0.006614611949771643, -0.029103225097060204, -0.04527612775564194, 0.04546431079506874, 0.06311048567295074, -1.3110206127166748, -0.08184393495321274, -0.29058337211608887, -0.09927655756473541, 0.010792515240609646, -0.14688795804977417, 0.07098382711410522, -0.041015464812517166, -0.06464533507823944, -0.08950753509998322, 0.09540954232215881, 0.009614961221814156, -0.017848556861281395, 0.003284907666966319, -0.00587421515956521, -0.029653944075107574, -0.028666356578469276, 0.05549773946404457, -0.035959068685770035, -0.04578542336821556, 3137.6750482480647, 0.07611655443906784, 5857.904217694257]",63,cat
2750,data/audio_cat-classification/NAYA_DATA_AUG1X/Warning/Cat_Growl1062.mp3,cat,"[-453.6556396484375, 136.71820068359375, -69.75653076171875, 22.967113494873047, -34.90671157836914, 21.981340408325195, -30.749300003051758, 4.8789777755737305, -12.000798225402832, -8.463967323303223, -7.169187068939209, -13.363313674926758, -1.356987476348877, -16.76300811767578, -2.00390887260437, -16.93403434753418, -2.5138912200927734, -12.82122802734375, -3.973538398742676, -7.229593276977539, 0.08977041393518448, -0.3773557245731354, -0.506658673286438, -0.08612034469842911, -0.2950443923473358, 0.12322019040584564, 0.1977752447128296, -0.03835127130150795, -0.17351622879505157, -0.009143393486738205, 0.006619319785386324, -0.015605724416673183, 0.021680409088730812, -0.019827911630272865, 0.17240563035011292, 0.0013951966539025307, -0.009464360773563385, -0.07774794101715088, -0.02561342529952526, -0.10843868553638458, -0.5516700744628906, -0.0548492930829525, 0.10701766610145569, -0.15200060606002808, 0.10834996402263641, -0.05699165537953377, 0.0760878175497055, 0.01048361323773861, 0.11096218973398209, 0.10843979567289352, -0.024894101545214653, 0.01684335246682167, -0.0010155094787478447, 0.06827755272388458, -0.02102869190275669, 0.0366361103951931, 0.042616747319698334, 0.09145183861255646, 0.08900521695613861, 0.022571871057152748, 1867.7273117676755, 0.009426345117390156, 3461.46240234375]",63,cat
410,data/audio_cat-classification/NAYA_DATA_AUG1X/Paining/cat10.mp3,cat,"[-255.33209228515625, 57.613487243652344, -38.34117126464844, -23.684680938720703, -17.361207962036133, -18.871129989624023, -21.53586196899414, -3.9446582794189453, -5.985671043395996, -8.415513038635254, -21.1729793548584, -24.016036987304688, -11.114021301269531, 0.9994339942932129, -5.503166675567627, -5.63319730758667, -0.08435633033514023, -1.4194462299346924, -13.636200904846191, -11.2487211227417, 0.4571606516838074, 0.2068713754415512, -0.30254247784614563, 0.24161286652088165, -0.027312271296977997, -0.06581729650497437, 0.010080039501190186, -0.07700665295124054, -0.009147709235548973, -0.16756048798561096, -0.05683581531047821, -0.12651751935482025, 0.12311386317014694, -0.0320030115544796, 0.11275289952754974, -0.19230227172374725, 0.08432146906852722, -0.12857016921043396, 0.057878345251083374, 0.06016300618648529, -0.6092690825462341, -0.09669119119644165, 0.08745405077934265, 0.0014022424584254622, -0.047943584620952606, -0.008963985368609428, 0.06568726897239685, 0.05796369910240173, 0.08019720017910004, 0.09277882426977158, 0.05846090987324715, 0.058826711028814316, 0.0469481535255909, 0.043973322957754135, 0.03895651921629906, 0.04118356481194496, 0.02446635439991951, 0.07426291704177856, 0.033222492784261703, -0.05493016168475151, 2831.8671241839747, 0.023111384361982346, 5509.344271955819]",63,cat
501,data/audio_cat-classification/NAYA_DATA_AUG1X/Paining/Cat_YoutubeLLT42386_aug1(1).mp3,cat,"[-305.679931640625, 21.181995391845703, -10.630243301391602, -3.488563299179077, -8.259149551391602, 1.1124601364135742, -5.485764503479004, -6.592635154724121, -11.811175346374512, -10.465941429138184, -8.948873519897461, -6.9347243309021, 0.8720895051956177, 1.756267786026001, -1.5322908163070679, -9.643613815307617, -8.055989265441895, -0.6967450976371765, 5.915234088897705, 1.969534158706665, 0.5339387655258179, 0.04051431268453598, -0.20139020681381226, -0.10700643062591553, -0.07303313165903091, 0.10847708582878113, 0.06739749014377594, 0.0642930343747139, -0.09101586788892746, -0.0784156545996666, -0.0005990173085592687, -0.041048213839530945, 0.06700193881988525, 0.11708394438028336, 0.024026039987802505, -0.12507662177085876, -0.0866556391119957, 0.05301453545689583, 0.06770667433738708, 0.016178851947188377, -0.19455844163894653, -0.028197648003697395, -0.02975427359342575, -0.007451785262674093, -0.010321691632270813, -0.0202760212123394, -0.01516529731452465, 0.003825717605650425, 0.022056983783841133, 0.03353312239050865, 0.019275818020105362, -0.010289196856319904, 0.02433488331735134, 0.052310675382614136, 0.0107839060947299, -0.022374438121914864, -0.031281400471925735, -0.008152278140187263, 0.0062594301998615265, 0.015187675133347511, 4058.130061474673, 0.21272101998329163, 7734.985862851767]",63,cat
4434,data/audio_cat-classification/NAYA_DATA_AUG1X/Fighting/Last_addCat257Fit_aug1(1).mp3,cat,"[-217.02252197265625, 37.840370178222656, -34.45290756225586, -5.491985321044922, -1.1110502481460571, -7.469117164611816, -11.119414329528809, -10.012160301208496, -13.49216365814209, -10.87748908996582, -8.23176097869873, -9.631919860839844, -10.0152587890625, -4.59753942489624, -2.3302814960479736, -4.14877462387085, -3.4781928062438965, -3.570887804031372, -3.274315118789673, -2.9133405685424805, 3.500725269317627, 0.5149745941162109, -0.2990816831588745, -0.1601811945438385, 0.1192837581038475, -0.028572484850883484, -0.20605836808681488, -0.1415388435125351, -0.15236890316009521, -0.11987201869487762, -0.07992921024560928, -0.14514437317848206, -0.047030556946992874, -0.031755298376083374, -0.08587060868740082, -0.07846524566411972, -0.07544161379337311, -0.03643094375729561, -0.04961365461349487, -0.019943812862038612, -0.22805064916610718, -0.037151969969272614, 0.07774095982313156, 0.013883485458791256, 0.010679618455469608, 0.006576495245099068, 0.022869914770126343, -0.005327744409441948, 0.005029123742133379, -0.004446835722774267, -0.007678105961531401, 0.016612185165286064, 0.019058432430028915, 0.02991623617708683, -0.0007790976669639349, -0.03987196460366249, -0.038587071001529694, -0.07136481255292892, -0.017463525757193565, 0.0011230191448703408, 3269.3395413331855, 0.19682657718658447, 6290.3467890041975]",63,cat
4397,data/audio_cat-classification/NAYA_DATA_AUG1X/Fighting/car_extcoll0267.mp3,cat,"[-122.70938873291016, 7.983832359313965, -75.67379760742188, 13.206957817077637, -18.51183319091797, 3.979644536972046, -18.180335998535156, 15.828706741333008, -10.985361099243164, 11.948341369628906, -13.036262512207031, 2.095090627670288, -8.797391891479492, -1.0831576585769653, -7.073789596557617, -1.545078992843628, 0.5732768177986145, 3.3351714611053467, 3.9916696548461914, -0.9507971405982971, 0.7209926843643188, 0.05706820636987686, 0.07190060615539551, -0.05669895559549332, -0.012401999905705452, 0.06654234975576401, 0.03159283101558685, -0.058009203523397446, -0.02973760850727558, -0.003028069855645299, -0.041713327169418335, -0.010038700886070728, -0.05247527360916138, -0.02671177126467228, -0.034441493451595306, -0.08277899026870728, -0.0665636658668518, -0.0077005610801279545, 0.03906973823904991, 0.04461032897233963, -0.42172980308532715, 0.040692493319511414, 0.02263769693672657, 0.041219890117645264, 0.01969888247549534, -0.046020690351724625, -0.11228512227535248, -0.005683281924575567, 0.018974395468831062, -0.017757827416062355, -0.02281005121767521, -0.05987419933080673, -0.001516179763711989, 0.006919850129634142, -0.02020750381052494, -0.04835124686360359, -0.004735100548714399, 0.00023630096984561533, 0.06205559894442558, 0.0749778151512146, 3517.664263070827, 0.0703151524066925, 5879.33349609375]",63,cat
181,data/audio_cat-classification/NAYA_DATA_AUG1X/Paining/Last_addCat129590Res_aug1(1).mp3,cat,"[-188.2843017578125, 85.0359115600586, -16.151384353637695, -10.671326637268066, -2.1504180431365967, -9.742198944091797, -10.584288597106934, -14.699585914611816, -4.948313236236572, 0.29899176955223083, -0.9076143503189087, -8.031237602233887, -8.271463394165039, -5.854532718658447, -9.782711029052734, -4.842217922210693, -5.603742599487305, -4.970451831817627, -5.6263580322265625, -3.4018115997314453, 1.2434155941009521, 0.29790520668029785, -0.05814341828227043, -0.02407095953822136, -0.07725788652896881, -0.07050756365060806, -0.03513740003108978, -0.0500890351831913, -0.02169867977499962, 0.02464580535888672, 0.031965091824531555, 0.019550932571291924, -0.007852558046579361, -0.02934928797185421, -0.032029952853918076, -0.04317782074213028, -0.014220337383449078, -0.03153505548834801, -0.02661631628870964, -0.009953700006008148, -0.023481497541069984, 0.02384055405855179, 0.00843126978725195, -0.020214371383190155, 0.0018109624506905675, 0.0028357564006000757, -0.007701913360506296, 0.011995675973594189, 0.007972418330609798, 0.002511931350454688, 0.00972501840442419, 0.000985637423582375, 0.02319234609603882, 0.00648660771548748, -0.010484002530574799, -0.013655537739396095, -0.023462319746613503, -0.010341595858335495, 0.01473679207265377, -2.150562977476511e-06, 2319.3093310296, 0.11097001284360886, 5153.9226663523705]",63,cat
5483,data/audio_cat-classification/NAYA_DATA_AUG1X/Resting/cat_youtube01295.mp3,cat,"[-366.194091796875, 63.18267059326172, 32.06941604614258, 11.273073196411133, 9.562883377075195, 4.290511131286621, 0.8452506065368652, -7.647912979125977, -8.812867164611816, -2.001739740371704, -4.970202922821045, 5.553260803222656, -6.5790934562683105, -5.491883277893066, -5.962296962738037, -4.19769811630249, -11.364021301269531, -8.196915626525879, -5.766564846038818, -6.383108139038086, 1.02262544631958, 0.06244688108563423, -0.0071645015850663185, 0.034387510269880295, -0.0989546924829483, -0.012871851213276386, 0.008524037897586823, -0.06998535990715027, -0.012064776383340359, -0.04519738629460335, 0.08999000489711761, 0.08215375989675522, -0.00986345112323761, -0.0009450003853999078, 0.031202636659145355, 0.05061589926481247, -0.036173947155475616, -0.010025744326412678, 0.0018631708808243275, -0.04996697977185249, -0.6882253289222717, -0.06014034524559975, 0.010965677909553051, 0.03264615312218666, 0.011643240228295326, -0.039948806166648865, 0.06839626282453537, 0.03769194707274437, 0.011425436474382877, 0.05523490533232689, -0.01713239587843418, 0.023209625855088234, -0.015435501001775265, -0.02914983220398426, 0.03058694489300251, 0.06255152821540833, 0.041424110531806946, -0.008812574669718742, -0.04241710901260376, -0.0025407758075743914, 3681.3271437105004, 0.11337340623140335, 8356.983612804877]",63,cat
346,data/audio_cat-classification/NAYA_DATA_AUG1X/Paining/Online_Cat0327help_aug1(1).mp3,cat,"[-340.80804443359375, 1.8652762174606323, -44.0667724609375, 9.334616661071777, -4.371278762817383, -6.098884105682373, 2.882119655609131, -11.94759464263916, 2.461219072341919, -0.9744418859481812, -8.575124740600586, 6.346905708312988, 8.607694625854492, 12.952744483947754, 13.757781028747559, -0.1922074854373932, -9.796133995056152, -8.216734886169434, 2.180617332458496, 4.84728479385376, 4.4540557861328125, 0.13699685037136078, -0.7975261807441711, 0.35102295875549316, -0.07948389649391174, -0.20411410927772522, 0.22922855615615845, -0.07702246308326721, 0.07875073701143265, 0.09611904621124268, -0.1508355289697647, 0.057384513318538666, -0.03493369743227959, -0.1554703414440155, 0.0036389492452144623, 0.11626552045345306, 0.035307858139276505, -0.0028012872207909822, 0.04481189325451851, -0.06830921024084091, -0.0013262084685266018, 0.0927562341094017, -0.043716736137866974, -0.06945950537919998, 0.11596594005823135, 0.0801534354686737, -0.0639098584651947, -0.013408566825091839, 0.022251231595873833, -0.006840810179710388, -0.03892903029918671, 0.019210832193493843, 0.05370760336518288, -0.04389321431517601, -0.012499673292040825, 0.05864871293306351, 0.0035103068221360445, -0.00863251369446516, -0.005201373249292374, 0.0004042015934828669, 2862.539280831434, 0.20283424854278564, 4786.728515625]",63,cat
5714,data/audio_cat-classification/NAYA_DATA_AUG1X/Resting/catpurring011.mp3,cat,"[-313.91278076171875, 110.73204803466797, 59.96549987792969, 55.18309783935547, 44.812129974365234, 27.152070999145508, 21.839406967163086, 11.351319313049316, 3.496859550476074, 0.3331374526023865, -3.0692331790924072, -3.5344038009643555, -8.1397705078125, -4.1692423820495605, -1.3003815412521362, -3.0388002395629883, 1.228736162185669, 2.179478168487549, -0.2035614550113678, -1.6030076742172241, 0.12938456237316132, 0.056683726608753204, 0.026969946920871735, -0.02339254505932331, -0.006233390886336565, -0.010591886006295681, -0.01789236254990101, -0.010199248790740967, -0.0458524152636528, -0.030928505584597588, 0.00645717978477478, -0.015622574836015701, -0.00037314571090973914, 0.02975514531135559, -0.02100100927054882, 0.00878638681024313, 0.021418800577521324, -0.01397967804223299, 0.02449653670191765, -0.006011286750435829, -0.058723028749227524, -0.0090359877794981, -0.0636870414018631, -0.09858600795269012, -0.06510259211063385, 0.01214536838233471, 0.007001230493187904, 0.013519163243472576, 0.026065347716212273, 0.02512315846979618, 0.004151550587266684, 0.008700991049408913, -0.018194355070590973, -0.017560439184308052, -0.02169867418706417, -0.0017226143972948194, -0.02846246026456356, -0.03004305250942707, -0.0047960602678358555, 0.015904070809483528, 903.3797801823549, 0.000987995765171945, 1188.2601224459136]",63,cat
4554,data/audio_cat-classification/NAYA_DATA_AUG1X/Fighting/YashLL_Cat0219Fit_aug1(1).mp3,cat,"[-106.88435363769531, 152.7930145263672, -96.3321533203125, 35.08545684814453, -22.021665573120117, 16.861270904541016, 4.869552135467529, -15.325368881225586, 22.831472396850586, -0.4758428931236267, 9.579779624938965, 1.617634892463684, -3.155256509780884, 1.8688266277313232, -6.021265029907227, 5.278720855712891, -1.1453496217727661, 2.5696752071380615, -0.24086132645606995, -0.1387401670217514, 0.35470905900001526, 0.23756305873394012, -0.06702946871519089, -0.07669874280691147, -0.049113333225250244, -0.03916391357779503, -0.05475715547800064, -0.008734885603189468, 0.03341631218791008, -0.003270697081461549, 0.053094737231731415, 0.004226760473102331, -0.059253379702568054, -0.013701154850423336, -0.018154075369238853, 0.01769355870783329, -0.024855488911271095, -0.027274494990706444, 0.04885164275765419, 0.012819269672036171, -0.35806193947792053, -0.11248056590557098, 0.08140706270933151, -0.09634634852409363, 0.010830573737621307, 0.013188691809773445, -0.006278923247009516, 0.013792497105896473, -0.010352205485105515, 0.00141970906406641, -0.0077390824444592, 0.03419451415538788, 0.01721217855811119, -0.031198613345623016, -0.04040007293224335, -0.0344327837228775, 0.026308557018637657, 0.008899117819964886, -0.013045049272477627, -0.011642323806881905, 1685.6879840068602, 0.001115879276767373, 2882.1848767869014]",63,cat
2789,data/audio_cat-classification/NAYA_DATA_AUG1X/Warning/cat_flickr01362_aug1(1).mp3,cat,"[-246.8789825439453, 102.61602020263672, -28.972673416137695, 37.25006103515625, -17.501487731933594, 29.299301147460938, -10.665207862854004, 13.62608814239502, -13.364792823791504, 2.6562557220458984, -3.561307191848755, -3.1951498985290527, -1.5411407947540283, -6.583825588226318, 0.7176071405410767, -4.4753007888793945, 2.3727612495422363, 1.6834676265716553, 6.918304443359375, -3.5899627208709717, 1.4996083974838257, 0.4692803919315338, -0.1264316737651825, 0.17574937641620636, -0.08187595009803772, 0.1096833348274231, -0.041627492755651474, 0.10145912319421768, -0.0028812570963054895, 0.03476733714342117, -0.016293004155158997, -0.02147073484957218, -0.006176267750561237, -0.030925165861845016, 0.005002702586352825, 0.00921886507421732, 0.01939195580780506, -0.018908701837062836, 0.016557984054088593, -0.028344785794615746, -0.03176717832684517, -0.0054330285638570786, 0.011957595124840736, -0.0021368199959397316, 0.003948874771595001, 0.0014565730234608054, -0.00932794064283371, -0.00742409797385335, 0.0009510808158665895, 0.005112853832542896, 0.002709535649046302, 0.002103733364492655, -0.00016610427701380104, -0.010320067405700684, 0.0029330183751881123, -0.0030192164704203606, -0.005313389003276825, -0.0005672139814123511, 0.003878109622746706, 0.004900298546999693, 1790.411598114129, 0.13440898060798645, 3907.2330918422963]",63,cat
598,data/audio_cat-classification/NAYA_DATA_AUG1X/Defence/cat01_aug1(1).mp3,cat,"[-203.7678680419922, 54.67002868652344, 0.6747894287109375, 9.293707847595215, -1.6637014150619507, 5.918063640594482, -0.04224006086587906, 4.766966342926025, 3.0812811851501465, 1.7251254320144653, -0.217026486992836, 1.453116774559021, 1.764916181564331, 7.037632465362549, 0.7364686131477356, -2.6975014209747314, -0.47427088022232056, -5.6759490966796875, 2.1557343006134033, -0.8414283394813538, 4.063407897949219, 0.9348128437995911, 0.2691400349140167, 0.28079521656036377, 0.16354559361934662, 0.16603684425354004, 0.02567271701991558, 0.05911024659872055, 0.1309133768081665, 0.08860015869140625, 0.008862467482686043, 0.15801332890987396, 0.0690537840127945, 0.04051106050610542, -8.420944504905492e-05, -0.07119663059711456, -0.018699904903769493, -0.05391242355108261, 0.07645849138498306, -0.027218231931328773, -0.550554633140564, 0.1321476399898529, -0.010458676144480705, 0.0052316212095320225, 0.04728469252586365, 0.08810867369174957, 0.03831271454691887, -0.014731439761817455, 0.01423561293631792, 0.07427716255187988, 0.025489946827292442, 2.653661613294389e-05, 0.028147926554083824, -0.005574211478233337, 0.03150377795100212, 0.06354271620512009, 0.014434232376515865, 0.04078978672623634, 0.024980148300528526, -0.024152841418981552, 2627.1237037629253, 0.19599199295043945, 5761.265162417763]",63,cat
676,data/audio_cat-classification/NAYA_DATA_AUG1X/Defence/Cat_HIss10035_aug1(1).mp3,cat,"[-472.8909912109375, 10.105143547058105, -36.64025115966797, -13.963544845581055, -25.07698631286621, -17.305208206176758, -9.366007804870605, -8.225235939025879, -4.377823352813721, -7.605854034423828, -8.116023063659668, -3.0276741981506348, -0.137678325176239, 4.896076202392578, -0.6709144115447998, -0.5163477063179016, 3.329387903213501, 4.907110214233398, 1.9839041233062744, 0.616458535194397, -5.392801227799282e-08, -1.7029899268550253e-08, -2.2706531765948057e-08, -5.676632941487014e-09, -2.2706531765948057e-08, 5.676632941487014e-09, -9.934107758624577e-09, 1.1353265882974029e-08, -4.257474817137563e-09, 0.0, -1.4191582353717536e-09, 0.0, -5.676632941487014e-09, 0.0, -2.1287374085687816e-09, -2.838316470743507e-09, 5.676632941487014e-09, -1.4191582353717536e-09, -2.838316470743507e-09, -7.095791176858768e-10, -1.1353265882974029e-08, 0.0, 0.0, -1.1353265882974029e-08, 2.2706531765948057e-08, -2.2706531765948057e-08, 5.676632941487014e-09, 1.1353265882974029e-08, 1.4191582353717536e-09, -2.838316470743507e-09, 0.0, 0.0, 5.676632941487014e-09, 5.676632941487014e-09, -7.095791176858768e-10, -2.838316470743507e-09, 0.0, -2.306132174112463e-09, -1.4191582353717536e-09, -1.4191582353717536e-09, 1488.5321079956784, 0.5622310042381287, 2632.43408203125]",63,cat
2792,data/audio_cat-classification/NAYA_DATA_AUG1X/Warning/LastEntry_cat1338Grl_aug1(1).mp3,cat,"[-131.469970703125, 109.9802474975586, -6.043592929840088, 9.164305686950684, -22.70220947265625, -32.383426666259766, -16.13444709777832, -3.4493789672851562, -7.323745250701904, -6.8814849853515625, -11.40453815460205, -1.364122748374939, -3.9551339149475098, -15.847312927246094, -1.2129230499267578, 0.6276153326034546, -1.8377896547317505, -3.021033525466919, -0.6598849296569824, 2.901092290878296, 1.7433958053588867, -0.12726250290870667, -1.0194145441055298, -0.34791654348373413, -0.4566960632801056, 0.149208202958107, 0.09371959418058395, -0.1975737363100052, -0.4587419629096985, 0.00819348357617855, 0.13560324907302856, -0.19959840178489685, 0.004957063589245081, 0.04489106312394142, -0.2837986648082733, -0.1301097273826599, 0.2626107931137085, -0.023849954828619957, -0.1715894490480423, 0.01354060135781765, -0.7359201312065125, -0.28951671719551086, 0.015251744538545609, -0.008404561318457127, 0.08386440575122833, 0.07882605493068695, 0.03619427978992462, 0.050606273114681244, -0.03244345635175705, -0.02706511877477169, 0.13332495093345642, 0.00903836265206337, 0.007642029318958521, 0.03817262127995491, -0.010987451300024986, 0.036342162638902664, 0.05751918628811836, 0.03830261155962944, 0.03353958949446678, 0.04686056822538376, 1868.7488289919297, 0.012644684873521328, 3736.8720703125]",63,cat
3404,data/audio_cat-classification/NAYA_DATA_AUG1X/Angry/cat_flickr01441.mp3,cat,"[-228.9757537841797, 90.74057006835938, -3.6314637660980225, 7.681133270263672, -10.501325607299805, 7.688400745391846, -1.747222900390625, 5.326385498046875, -4.340397834777832, 4.880716323852539, -1.2404941320419312, 4.985952377319336, -4.905050277709961, 4.239421367645264, -5.551898002624512, 0.38781869411468506, -5.894423007965088, 0.136968731880188, -1.2752851247787476, 4.146129131317139, -1.473567008972168, -0.2245132178068161, 0.5832089185714722, 0.6295197606086731, 0.33070608973503113, 0.15959881246089935, -0.01457281969487667, 0.10388188064098358, 0.03911338001489639, 0.5175991058349609, 0.22955234348773956, -0.016050174832344055, -0.3494967520236969, -0.11159233748912811, 0.12419377267360687, 0.2723948061466217, 0.29439619183540344, 0.19456322491168976, -0.0019650086760520935, -0.12570223212242126, -0.366792768239975, -0.1649743616580963, -0.1925181895494461, -0.1339944452047348, 0.16354192793369293, 0.0927433893084526, 0.08949217945337296, -0.16601841151714325, -0.028167041018605232, -0.16400858759880066, 0.010105233639478683, 0.16464078426361084, 0.10388629883527756, 0.009375575929880142, 0.007197805214673281, -0.07840146124362946, -0.08746457099914551, -0.12148397415876389, 0.05688391998410225, 0.025690274313092232, 2285.100367478673, 0.022887250408530235, 5248.1558273087685]",63,cat
2477,data/audio_cat-classification/NAYA_DATA_AUG1X/Warning/LastEntry_cat1353Grl (2)_aug1(1).mp3,cat,"[-290.1970520019531, 54.18971252441406, -60.29479217529297, 27.861705780029297, -11.403549194335938, -0.011414140462875366, -23.082597732543945, 8.201433181762695, -2.056086301803589, 20.269989013671875, -15.555049896240234, 5.953107833862305, -5.020539283752441, -1.9264607429504395, -4.492307186126709, -3.9562344551086426, -3.0395445823669434, 2.901402235031128, 6.650794506072998, 4.358024597167969, 4.197348594665527, 0.6683558225631714, -0.595707893371582, 0.21719826757907867, -0.04617079719901085, -0.06245306506752968, -0.2771337628364563, 0.06707004457712173, 0.056550346314907074, 0.193722665309906, -0.13350850343704224, 0.006078049540519714, -0.017599910497665405, -0.10678888857364655, -0.06568404287099838, -0.0722302719950676, 0.04467792063951492, 0.0629086047410965, 0.04497811943292618, -0.03592197597026825, -0.007181406021118164, -0.05505722761154175, 0.09627140313386917, -0.05586538463830948, 0.07533003389835358, -0.10573317855596542, -0.01269923523068428, -0.021334931254386902, 0.07493535429239273, -0.021798904985189438, 0.05081358179450035, -0.0020262030884623528, 0.06172832101583481, -0.005275627598166466, 0.0192995797842741, -0.025669604539871216, 0.001891380175948143, 0.05507386475801468, -0.0017176400870084763, 0.026549752801656723, 1782.3053175190062, 0.298331081867218, 2830.1862716674805]",63,cat
259,data/audio_cat-classification/NAYA_DATA_AUG1X/Paining/Online_Cat0515Hlp.mp3,cat,"[-206.0281219482422, 111.64066314697266, -41.39436340332031, 3.6497626304626465, 13.67417049407959, -3.3186352252960205, -16.159719467163086, 8.707745552062988, -12.733681678771973, 5.861464500427246, -26.53695297241211, -1.339654564857483, -15.65576171875, 20.039281845092773, 5.223194122314453, 28.879247665405273, 3.6616129875183105, 3.582423448562622, -11.951118469238281, 5.701679706573486, 2.696458101272583, -0.9273045063018799, -1.1981276273727417, -0.04798286035656929, 0.8079655766487122, -0.46904557943344116, -0.8403783440589905, 0.11624167859554291, 0.705651044845581, 0.16357190907001495, -0.5192417502403259, -0.32874640822410583, -0.3745596408843994, 0.25675368309020996, 0.042308319360017776, 0.4838721752166748, 0.5281369090080261, 0.9374095797538757, -0.4276905953884125, -0.6448847651481628, -0.17555436491966248, -0.3226265013217926, 0.33145809173583984, 0.40635597705841064, 0.34218770265579224, -0.038761746138334274, 0.17489361763000488, 0.16198764741420746, 0.08194534480571747, -0.08251629024744034, 0.03956339880824089, -0.10699869692325592, -0.0008287319797091186, 0.053370025008916855, -0.14050225913524628, -0.14183278381824493, -0.13401122391223907, -0.2168988138437271, 0.02740333043038845, 0.19327199459075928, 1707.5891848253016, 0.00046622901572845876, 2379.702276932566]",63,cat
279,data/audio_cat-classification/NAYA_DATA_AUG1X/Paining/car_extcoll0337.mp3,cat,"[-242.45877075195312, 118.3021469116211, -78.78862762451172, 52.288482666015625, 27.35711097717285, -20.557598114013672, 23.26784896850586, 1.0876450538635254, -4.245364189147949, 10.104817390441895, 5.65946626663208, 10.793673515319824, -2.2778403759002686, -4.410882949829102, -0.5660262107849121, -3.985649347305298, 2.436373710632324, -0.9970547556877136, -4.820805549621582, 2.9440484046936035, 0.13733068108558655, 0.07854834198951721, 0.09699089080095291, 0.25270047783851624, -0.008620928041636944, -0.07164288312196732, 0.06685809046030045, -0.09546499699354172, 0.03642118722200394, 0.1665637046098709, -0.07546921819448471, -0.08645755797624588, 0.0998222753405571, 0.0716523751616478, -0.03952215611934662, -0.11992841958999634, -0.13863477110862732, -0.041310522705316544, 0.00016349554061889648, -0.01633714698255062, -0.16605783998966217, -0.14041349291801453, -0.006961732637137175, -0.06887362897396088, -0.09571875631809235, -0.032240211963653564, -0.057160574942827225, -0.028176896274089813, 0.020303206518292427, 0.04078840836882591, 0.06180049851536751, -0.010062847286462784, -0.04431846737861633, 0.03879713639616966, 0.049620915204286575, 0.0683697760105133, 0.0973743200302124, 0.027873525395989418, 0.04560038819909096, 0.051416054368019104, 1830.9638125172023, 0.0010231334017589688, 2857.5169977152123]",63,cat
2412,data/audio_cat-classification/NAYA_DATA_AUG1X/Warning/Cat_Growl10052_aug1(1).mp3,cat,"[-88.51974487304688, 106.28408813476562, -4.17948579788208, -16.4405460357666, -4.184755802154541, -2.0670149326324463, -3.4991581439971924, -1.3054695129394531, -4.439723968505859, -6.9961090087890625, -9.173849105834961, -10.307365417480469, -8.594050407409668, -10.763585090637207, -10.205955505371094, -9.388243675231934, -10.70876407623291, -7.189087390899658, -6.474376678466797, -6.952729225158691, 0.5763511061668396, -0.007355668116360903, -0.06749286502599716, 0.06086571887135506, -0.04746357351541519, -0.07402245700359344, -0.00010015047155320644, 0.07498487085103989, 0.08730600774288177, 0.04641612619161606, -0.0972905382514, -0.18025177717208862, -0.15468646585941315, -0.11471789330244064, -0.0013701998395845294, -0.008219629526138306, -0.0643872320652008, -0.03579467162489891, 0.0056366040371358395, -0.019279927015304565, -0.4798602759838104, -0.032974567264318466, 0.04199433699250221, -0.008603117428719997, 0.007645625155419111, 0.027361208572983742, 0.050249386578798294, 0.01455648336559534, 0.016412006691098213, 0.022495141252875328, 0.0004088351270183921, 0.06180594488978386, 0.05948770046234131, 0.024925600737333298, 0.01585116609930992, 0.0030634270515292883, -0.013080369681119919, 0.01751445233821869, 0.02332877367734909, -0.028413046151399612, 2256.306764105941, 0.03159794583916664, 5249.132361778846]",63,cat
198,data/audio_cat-classification/NAYA_DATA_AUG1X/Paining/cat20_aug1(1).mp3,cat,"[-301.8321838378906, 52.02421951293945, -33.6953010559082, -6.7331719398498535, -14.749094009399414, -16.4123477935791, -11.312381744384766, -7.307023048400879, -5.565228462219238, -6.708246231079102, -10.97952651977539, -15.37895679473877, -10.33195686340332, 5.9736785888671875, -5.723971843719482, -8.23261833190918, -3.5290327072143555, 3.136385917663574, -10.613785743713379, -10.84433364868164, 1.767730474472046, 0.494060218334198, -0.3052443861961365, -0.08689776062965393, -0.03513215482234955, -0.1518409103155136, -0.11684496700763702, -0.05767466872930527, -0.046604253351688385, -0.09560225903987885, -0.05993013083934784, -0.0529363676905632, -0.010073887184262276, 0.04909291863441467, 0.04268990084528923, 0.0083064716309309, -0.03524775803089142, -0.043252088129520416, -0.1720150262117386, -0.0679282695055008, -0.053132928907871246, 0.008122007362544537, 0.0066266898065805435, 0.02402174472808838, -0.00653534010052681, 0.02638733945786953, 0.03911098092794418, 0.0005373824969865382, -0.01392923854291439, -0.006271834950894117, 0.014044085517525673, 0.04441813752055168, 0.01062063593417406, -0.005193272605538368, -0.00157801597379148, 0.006572853308171034, -0.006728570442646742, -0.017145253717899323, 0.0009421840077266097, 0.014501729048788548, 2362.2123581523324, 0.19173799455165863, 4040.738192471591]",63,cat
3206,data/audio_cat-classification/NAYA_DATA_AUG1X/Angry/Cat_Angry1047.mp3,cat,"[-237.02401733398438, 87.21697235107422, -43.13412094116211, -12.38591480255127, -8.470592498779297, -4.695637226104736, -19.499210357666016, 1.7245640754699707, 1.0907639265060425, -18.00559425354004, -10.961273193359375, -1.9820265769958496, -17.436717987060547, -5.03363037109375, -0.6131354570388794, -3.1595985889434814, 3.782853364944458, 0.6701352000236511, 11.087100982666016, 10.600747108459473, -0.9114429950714111, 0.2548445165157318, 0.12029626965522766, -0.3329162895679474, 0.10074376314878464, 0.12318716943264008, 0.41678929328918457, 0.19004058837890625, -0.06351166218519211, 0.07201965898275375, 0.14552608132362366, 0.22233302891254425, 0.22960174083709717, -0.10750346630811691, 0.10295431315898895, 0.029301561415195465, -0.23191222548484802, -0.09640137851238251, -0.09526535123586655, -0.18161189556121826, -1.3133831024169922, -0.14772894978523254, 0.3914620876312256, -0.03967653214931488, -0.009296596981585026, -0.14232274889945984, 0.12865696847438812, -0.006238966248929501, 0.030487067997455597, 0.09360143542289734, -0.0119215939193964, -0.015450959093868732, 0.05502019077539444, 0.05083369463682175, -0.07155986875295639, -0.03036981262266636, 0.10428764671087265, 0.06705514341592789, -0.023765448480844498, 0.007645199075341225, 2164.8200835076286, 0.007517622318118811, 3977.50460900993]",63,cat
5020,data/audio_cat-classification/NAYA_DATA_AUG1X/MotherCall/Online_Cat0510Pill_aug1(1).mp3,cat,"[-146.66876220703125, 30.198801040649414, -22.462635040283203, 24.80874252319336, -6.725630283355713, 20.829269409179688, 6.335630893707275, 30.910179138183594, -11.169048309326172, -19.4416561126709, -20.65454864501953, 11.64529800415039, 15.931522369384766, -11.127511024475098, -11.054278373718262, 1.0618432760238647, -11.518118858337402, -11.681678771972656, 14.931421279907227, 3.5424981117248535, -2.7700915336608887, 2.0455853939056396, 0.24100416898727417, -1.0792824029922485, 1.112480640411377, -0.5061101317405701, -0.11959553509950638, 0.028232889249920845, 0.6310210824012756, 0.26318442821502686, 0.1514904946088791, -0.8011361956596375, 0.1259928047657013, -0.6551515460014343, 0.07036338746547699, -0.0299387127161026, 0.49022629857063293, -0.7245147228240967, -0.6530887484550476, -0.07504895329475403, -0.5669829845428467, 0.733073353767395, -0.3712529242038727, -0.08830816298723221, -0.012272601015865803, 0.30241429805755615, 0.4682905077934265, -0.44958627223968506, 0.7226901054382324, -0.32848572731018066, -0.5201675891876221, 0.0019694233778864145, -0.5146406292915344, -0.3036727011203766, -0.08015210926532745, 0.30972132086753845, 0.6324129700660706, -0.10101909935474396, -0.6269031167030334, -0.5961963534355164, 3418.908807616044, 0.028638364747166634, 5674.4296875]",63,cat
5801,data/audio_cat-classification/NAYA_DATA_AUG1X/Resting/Online_Cat0424Purr_aug1(1).mp3,cat,"[-209.80902099609375, 153.90216064453125, 43.61737823486328, 45.01103973388672, -3.402308225631714, 28.37569808959961, -0.2235243022441864, 22.36160659790039, 5.271887302398682, 15.646183013916016, 9.286076545715332, 9.194440841674805, 10.516788482666016, 2.958176374435425, 7.785890102386475, 1.0938674211502075, 6.597568988800049, 2.305025815963745, 6.0531697273254395, 1.3729426860809326, 1.8339320421218872, 0.5887333750724792, 0.012019097805023193, -0.15501929819583893, -0.2725147604942322, -0.09226773679256439, -0.13573867082595825, 0.01917075924575329, -0.04675004258751869, -0.010165941901504993, 0.023224767297506332, 0.022966347634792328, -0.022775257006287575, 0.010821822099387646, 0.02493840828537941, -0.022956788539886475, 0.008762583136558533, -0.03490286320447922, 0.013704752549529076, -0.0055069648660719395, -0.4653560221195221, -0.463287353515625, -0.0613892637193203, -0.05663538724184036, 0.15045103430747986, -0.04984589293599129, 0.0566166453063488, -0.0491304025053978, 0.06613282114267349, 0.009753469377756119, 0.01231887936592102, -0.029653074219822884, -0.04474843293428421, 0.004693029914051294, -0.014476517215371132, 0.007603807374835014, -0.02570163644850254, -0.016147499904036522, -0.039000120013952255, 0.008363164961338043, 457.77432780399477, 5.316354872775264e-05, 533.4697265625]",63,cat
1595,data/audio_cat-classification/NAYA_DATA_AUG1X/Happy/catmeow019.mp3,cat,"[-345.03887939453125, 51.603675842285156, -21.261642456054688, -5.281900882720947, 8.379108428955078, -1.3356053829193115, -1.126404047012329, -6.396206378936768, -10.307364463806152, -1.475256085395813, 3.7991042137145996, 12.173210144042969, 5.5973968505859375, 0.22045744955539703, -13.432019233703613, -4.4975361824035645, 4.511928081512451, 1.1608790159225464, -12.194091796875, -1.2404639720916748, -1.687773585319519, -0.4017735421657562, 0.300522118806839, -0.16532719135284424, -0.06772193312644958, 0.10434237122535706, -0.13576719164848328, 0.13669516146183014, 0.007428501732647419, 0.11854224652051926, -0.1384316086769104, -0.014103836379945278, 0.05714209005236626, 0.08219753950834274, -0.02376392111182213, -0.007042955607175827, -0.022901371121406555, 0.06055657938122749, 0.07765784114599228, -0.1325739175081253, -0.18804869055747986, 0.004035176243633032, -0.01568702794611454, -0.06280239671468735, -0.06424586474895477, 0.02994730696082115, 0.0032105366699397564, 0.045912809669971466, -0.03536157310009003, 0.00584145775064826, 0.02198476530611515, -0.00694270571693778, 0.004134428687393665, 0.0058997878804802895, 0.028288647532463074, -0.0410550981760025, -0.008507746271789074, -0.006193214096128941, -0.0030651313718408346, -0.0033386193681508303, 1226.8261265564965, 0.4762197732925415, 2179.6034869025734]",63,cat
5493,data/audio_cat-classification/NAYA_DATA_AUG1X/Resting/purr6.mp3,cat,"[-345.809326171875, 156.6851043701172, 2.5420150756835938, 14.713468551635742, 6.631143569946289, 26.213695526123047, 6.7198405265808105, 11.7868070602417, 4.663671493530273, 5.978733062744141, 2.068317174911499, -2.423276901245117, 2.8707849979400635, 1.6403580904006958, 6.303664207458496, -0.5952346324920654, 6.0595011711120605, 0.816945493221283, 1.577288269996643, 0.7718696594238281, 0.3225187659263611, 0.15888077020645142, -0.14604784548282623, -0.051618173718452454, -0.042013805359601974, 0.024489212781190872, -0.026001831516623497, 0.041353676468133926, 0.021184077486395836, -0.018862897530198097, -0.023326300084590912, -0.028279339894652367, -0.034781262278556824, -0.025066019967198372, -0.01981220208108425, -0.06612733751535416, -0.012591581791639328, -0.030111772939562798, -0.003908986691385508, 0.015216638334095478, -0.2673609256744385, -0.12249231338500977, 0.08806155622005463, -0.010385634377598763, 0.04508103430271149, -0.003827373730018735, -0.000977013260126114, -0.010624806396663189, -0.008532315492630005, -0.019891630858182907, 0.006459284573793411, 0.02697204239666462, -0.00363065954297781, -0.005014040973037481, -0.02749294601380825, 0.03247617185115814, 0.01831720769405365, 0.006561925169080496, -0.006229014601558447, -0.01014216709882021, 850.6895466683237, 0.000433843961218372, 1590.6716417910447]",63,cat
705,data/audio_cat-classification/NAYA_DATA_AUG1X/Defence/Edit9015Hiss.mp3,cat,"[-197.62245178222656, 75.97750854492188, -24.452533721923828, 22.733154296875, -13.296253204345703, 7.571786403656006, 1.1595842838287354, 8.200984001159668, -11.830570220947266, 8.214203834533691, -9.2653169631958, 2.226210594177246, -4.829293727874756, -6.6463847160339355, 4.37568998336792, -6.092745304107666, 3.2558016777038574, -2.420318603515625, 3.1937155723571777, -0.2728222906589508, 9.069856643676758, 0.7506496906280518, -0.38507434725761414, 0.22075316309928894, -0.07182689011096954, 0.12509222328662872, -0.04537994787096977, 0.2163776010274887, -0.19508633017539978, 0.08642909675836563, -0.08169413357973099, 0.16163970530033112, 0.048822518438100815, 0.00742085836827755, 0.14432846009731293, -0.05949827656149864, 0.0425393246114254, -0.04741453751921654, 0.0014559108531102538, 0.07360649108886719, -2.4234278202056885, -0.7923768758773804, 0.14714044332504272, -0.09455152601003647, 0.08789689838886261, -0.07267238199710846, -0.09287529438734055, -0.10098896920681, 0.1357477754354477, -0.09758487343788147, 0.09612923860549927, -0.028941765427589417, -0.006396153010427952, -0.03568549454212189, -0.03654429316520691, 0.03695359453558922, -0.007167873904109001, 0.1045684814453125, 0.023243222385644913, -0.05556860566139221, 2848.023536562931, 0.0862225815653801, 5762.779360911885]",63,cat
1144,data/audio_cat-classification/NAYA_DATA_AUG1X/Defence/Edit9001Hiss.mp3,cat,"[-260.0183410644531, 200.76309204101562, -90.72355651855469, 19.00918197631836, 13.190314292907715, -43.403106689453125, 17.692415237426758, -0.2507135570049286, -14.68420696258545, 13.836799621582031, -9.320079803466797, -3.2780609130859375, 9.864913940429688, -8.684038162231445, 1.5473471879959106, 1.4283086061477661, -8.454699516296387, 2.7296955585479736, -3.409420967102051, -5.446578502655029, 3.554809808731079, 1.7257254123687744, -0.9403008222579956, 0.17637553811073303, 0.07944373786449432, -0.4163731038570404, 0.03281278908252716, -0.1124149039387703, -0.16017195582389832, 0.05094590410590172, -0.10653369128704071, 0.0372982881963253, -0.009311768226325512, -0.23698563873767853, 0.00958386529237032, -0.060434289276599884, -0.2213699370622635, 0.03736087679862976, 0.01074962504208088, -0.044156577438116074, -0.6262916922569275, -0.4635436534881592, 0.18976998329162598, -0.10964071750640869, -0.10616019368171692, 0.15042349696159363, -0.1563718616962433, -0.10175012052059174, 0.10372260212898254, -0.02178492769598961, -0.0041266935877501965, 0.014683385379612446, -0.08439087122678757, -0.04149698093533516, -0.042346809059381485, -0.05328734591603279, 0.014801910147070885, -0.00012298383808229119, 0.018084749579429626, 0.04901878535747528, 1191.1285775190363, 0.01081479899585247, 2506.97021484375]",63,cat
5168,data/audio_cat-classification/NAYA_DATA_AUG1X/MotherCall/Cat_YoutubeLLT42323_aug1(1).mp3,cat,"[-399.8471374511719, 37.034358978271484, 1.2034363746643066, 19.088624954223633, 2.8094327449798584, 14.456535339355469, 14.403507232666016, 3.7818586826324463, -2.341264486312866, 9.5354642868042, 6.65764045715332, 0.7707635164260864, 2.3429605960845947, 2.2647950649261475, -1.092110514640808, 1.4798601865768433, -1.1005958318710327, 1.3029807806015015, 1.1564691066741943, -3.429788589477539, 0.15381194651126862, -0.02733602747321129, -0.12313365936279297, -0.0934334248304367, -0.03276388347148895, 0.04310479387640953, 0.01945299096405506, 0.022024068981409073, 0.0086367167532444, -0.050215642899274826, -0.03408351540565491, 0.019818920642137527, 0.022960903123021126, -0.013601446524262428, -0.012492366135120392, 0.012334714643657207, 0.010699328035116196, 0.010922788642346859, 0.009153038263320923, -0.022083453834056854, -0.09008922427892685, -0.11257398873567581, 0.017726952210068703, 0.020163627341389656, 0.020273413509130478, 0.031003084033727646, 0.002018799539655447, 0.02548668161034584, 0.006572891492396593, -0.051443617790937424, -0.022248027846217155, 0.02848602831363678, 0.011432984843850136, -0.023899545893073082, -0.013290674425661564, 0.0009218560880981386, 0.005066441372036934, 0.01662351004779339, 0.0011454811319708824, -0.03147407993674278, 2921.511272287815, 0.16743959486484528, 5716.759062976372]",63,cat
2781,data/audio_cat-classification/NAYA_DATA_AUG1X/Warning/Cat_Growl1063.mp3,cat,"[-439.22344970703125, 177.4308319091797, -51.05155944824219, 11.111369132995605, -41.767127990722656, 3.8861279487609863, -43.94930648803711, 1.4983158111572266, 2.558687210083008, -16.61333656311035, -13.999815940856934, -16.145057678222656, 1.8876596689224243, -23.465229034423828, -5.522436618804932, -13.745920181274414, -9.569376945495605, -7.3631744384765625, -10.035913467407227, -4.143383502960205, 0.6729559898376465, 0.2493150234222412, 0.05386982858181, 0.03324774652719498, 0.05480942130088806, -0.012996597215533257, -0.15516196191310883, -0.05894169211387634, -0.00047759670997038484, -0.08654306828975677, -0.10498502850532532, -0.03883163630962372, 0.016740547493100166, 0.04183889180421829, -0.008973480202257633, -0.08080077916383743, -0.04191548004746437, 0.06545699387788773, 0.002921029459685087, 0.009344449266791344, -0.2637428343296051, -0.0515458844602108, 0.11944122612476349, -0.055626969784498215, 0.07332731038331985, -0.05744950845837593, 0.05883777141571045, -0.01946617290377617, 0.02120887115597725, 0.004056863486766815, -0.00850561261177063, 0.030844099819660187, -0.016114849597215652, 0.017100350931286812, -0.01584210991859436, 0.04945479705929756, 0.0071620093658566475, 0.01262720674276352, -0.009835918433964252, -0.01287512294948101, 1259.9749621947726, 0.0020483494736254215, 2209.4876719787057]",63,cat
3162,data/audio_cat-classification/NAYA_DATA_AUG1X/Angry/cat0377_aug1(1).mp3,cat,"[-343.8421936035156, 25.591190338134766, -1.9772486686706543, 1.258327603340149, 1.6174428462982178, 5.662226676940918, 3.1746597290039062, 7.84148645401001, 1.5005013942718506, -5.8527421951293945, -1.6638967990875244, -2.403439998626709, 0.5217620730400085, 0.6317653656005859, -0.9306191205978394, -0.5253451466560364, -2.738760232925415, -5.088430881500244, -4.7441253662109375, -3.8191263675689697, 1.4493812322616577, 0.0903792679309845, 0.048727892339229584, 0.04143218323588371, 0.027871794998645782, 0.01685445010662079, 0.013672509230673313, -0.0010004256619140506, -0.002207518555223942, -0.022584320977330208, 0.0006536333821713924, 0.012830190360546112, 0.01565154269337654, 0.020741453394293785, 0.049201998859643936, 0.04889075458049774, 0.00870747584849596, -0.014886547811329365, -0.015833580866456032, -0.034750375896692276, 0.0033122615423053503, 0.010337654501199722, 0.008755301125347614, 0.009874343872070312, -0.004296048544347286, 0.0035216198302805424, 0.012312180362641811, 0.020493458956480026, 0.011135772801935673, 0.019098127260804176, 0.01699347421526909, -0.0003347281599417329, -0.0003983012866228819, 0.0038889367133378983, -0.0014112908393144608, 0.003611891996115446, 0.006607032380998135, 0.0004401521582622081, -0.009605243802070618, 0.0026601788122206926, 3447.2832313186227, 0.2785310745239258, 6843.67621326092]",63,cat
1501,data/audio_cat-classification/NAYA_DATA_AUG1X/Happy/cat_136_aug1(1).mp3,cat,"[-260.70281982421875, 42.33622741699219, -19.615474700927734, 27.261781692504883, -0.022250067442655563, 10.141845703125, 0.7078319787979126, 11.63204574584961, 9.482247352600098, 2.970961570739746, 4.595670223236084, 2.1060407161712646, 2.9744203090667725, -0.407001256942749, 5.962255001068115, 9.099026679992676, 12.10252571105957, 12.34337043762207, 9.06118392944336, 3.377483606338501, -1.0915144681930542, -0.5111575722694397, 0.09376096725463867, -0.2099199742078781, -0.06509388983249664, -0.019677244126796722, -0.03590092435479164, -0.08769899606704712, -0.05371236428618431, -0.06256353110074997, 0.046667639166116714, -0.0024757375940680504, 0.010097997263073921, -0.001324982731603086, -0.0281333327293396, -0.06837645918130875, -0.034292928874492645, -0.004395696334540844, -0.032609403133392334, 0.014640566892921925, 0.07091274857521057, 0.16195137798786163, 0.07720853388309479, -0.050308242440223694, 0.018412237986922264, 0.0470421127974987, -0.0024666383396834135, 0.024947384372353554, -0.03572206199169159, -0.002268622862175107, -0.018950948491692543, 0.003341127885505557, 0.0018682999070733786, 0.030523959547281265, 0.012480598874390125, -0.013639449141919613, 0.003533241804689169, -0.026887575164437294, -0.04498029500246048, -0.008358641527593136, 2876.9711145552783, 0.11256092041730881, 5291.214671415441]",63,cat
1322,data/audio_cat-classification/NAYA_DATA_AUG1X/Happy/cat_youtube01114_aug1(1).mp3,cat,"[-204.0118865966797, 45.967742919921875, -3.807236909866333, -11.17935848236084, 4.873487949371338, 9.584020614624023, -2.0871481895446777, -5.208329200744629, -10.620865821838379, -4.76107120513916, 1.1723318099975586, -2.909939765930176, 4.833809852600098, 7.432657718658447, -2.074212074279785, -10.38752555847168, -11.61560344696045, -6.055952072143555, -7.536098003387451, -6.5868048667907715, 0.48852190375328064, 0.07180318236351013, -0.07576431334018707, 0.0417703278362751, 0.057453397661447525, 0.015479790978133678, 0.04296272248029709, -0.049990080296993256, -0.024148283526301384, 0.05495753884315491, 0.01009479071944952, -0.02378189191222191, 0.002301632659509778, 0.008851440623402596, 0.01947655901312828, 0.019883492961525917, -0.00942892488092184, -0.00504689384251833, 0.03956599161028862, 0.018001528456807137, -0.4394548237323761, -0.04896797239780426, 0.030373141169548035, 0.02174348756670952, -0.009240546263754368, 0.011524015106260777, 0.032070718705654144, 0.01687769405543804, -0.0007443611393682659, 0.0020908706355839968, -0.01906685344874859, -0.00663036061450839, -0.022099437192082405, -0.010544962249696255, -0.012074552476406097, -0.020996669307351112, 0.004988131113350391, 0.02606898918747902, 0.007852315902709961, 0.018176650628447533, 3669.440114564022, 0.13571162521839142, 7974.4251130756575]",63,cat
2107,data/audio_cat-classification/NAYA_DATA_AUG1X/Mating/cat_youtube64304_aug1(1).mp3,cat,"[-173.92242431640625, 57.505130767822266, 14.483954429626465, -3.4161629676818848, -1.010325312614441, 2.953268051147461, -1.4716615676879883, -0.853466808795929, -3.68198561668396, -3.8098347187042236, -4.273540496826172, -2.687082290649414, 4.244178771972656, 1.1816866397857666, -1.918041467666626, -4.020046710968018, -2.5092318058013916, -3.958087921142578, -3.724642753601074, -4.612248420715332, 2.480072498321533, 0.4120391011238098, 0.07171110063791275, -0.0878293365240097, -0.06152079999446869, 0.00843549519777298, -0.007303548511117697, -0.014478540979325771, -0.06407248228788376, -0.06011604517698288, 0.008745641447603703, -0.0006234195898286998, 0.023759884759783745, 0.011864818632602692, 0.004818243905901909, -0.02007606253027916, 0.009284982457756996, -0.02673356980085373, -0.03868479281663895, -0.041498709470033646, 0.025648873299360275, 0.047693993896245956, -0.007027844432741404, -0.06347028911113739, -0.050885315984487534, 0.0014786517713218927, 0.010098494589328766, 0.03026963397860527, 0.03660883009433746, 0.0314374677836895, 0.013649371452629566, -0.01068898756057024, -0.011177778244018555, -0.00392425712198019, -0.00204175035469234, -0.004270544741302729, -0.007768720854073763, 0.010442959144711494, 0.014549752697348595, -0.014766709879040718, 2867.7965642555014, 0.27738815546035767, 6431.927144752359]",63,cat
5916,data/audio_cat-classification/NAYA_DATA_AUG1X/Resting/cat_coll0118_aug1(1).mp3,cat,"[-294.0718688964844, 51.13048553466797, 26.135072708129883, 27.498233795166016, 8.375410079956055, 7.878654479980469, 4.154633522033691, 4.842724323272705, 10.88878059387207, 5.8651652336120605, 2.317317247390747, -0.34537118673324585, -4.279721260070801, -1.5947072505950928, 2.58044171333313, 1.3356267213821411, 1.6909725666046143, 3.71551775932312, 1.4718064069747925, 1.9924471378326416, -1.2304863929748535, -0.4302919805049896, 0.03713766485452652, -0.3916139602661133, -0.08151238411664963, 0.004063582047820091, 0.03977581113576889, -0.14274975657463074, -0.029961181804537773, 0.005989194847643375, -0.17094898223876953, -0.0023715407587587833, 0.03790898248553276, -0.0031588487327098846, -0.029457122087478638, 0.02860822156071663, 0.12214616686105728, -0.022504940629005432, -0.0023523743730038404, 0.032090868800878525, -0.253874272108078, -0.09602987766265869, -0.11266489326953888, -0.14950348436832428, -0.07495773583650589, -0.05716576427221298, -0.028845103457570076, -0.058748286217451096, -0.0522579587996006, 0.003366844728589058, 0.009649358689785004, 0.01940738409757614, -0.0022913438733667135, -0.005826062988489866, -0.004432168789207935, -0.02048698626458645, -0.01893782801926136, -0.0066114612855017185, -0.020274769514799118, 0.0008875632775016129, 3490.507248674669, 0.08673189580440521, 7622.75390625]",63,cat
2995,data/audio_cat-classification/NAYA_DATA_AUG1X/Angry/Cat_Angry1029_aug1(1).mp3,cat,"[-290.97552490234375, 125.61943817138672, 4.136954307556152, -16.466611862182617, -10.41307258605957, -1.4836556911468506, -15.981192588806152, -7.97424840927124, 1.2965623140335083, 7.613917350769043, -11.650209426879883, -2.6788055896759033, 0.8604426383972168, 7.144959926605225, 5.679178237915039, -0.2950594425201416, 3.260873794555664, 1.9987469911575317, -3.1184842586517334, 4.828601360321045, 0.24880652129650116, -0.0975625067949295, -0.1767381727695465, 0.009548110887408257, 0.059322357177734375, 0.10011870414018631, 0.042758747935295105, 0.08021814376115799, 0.10086452960968018, -0.0027129959780722857, 0.05487034097313881, 0.053120192140340805, -0.05310621112585068, -0.03784848749637604, 0.019433166831731796, 0.0021248306147754192, -0.014886293560266495, 0.0450979545712471, 0.020743267610669136, 0.003947992343455553, -0.3699878454208374, -0.15694652497768402, 0.0005317419418133795, 0.006217391230165958, 0.011225702241063118, -0.03774241358041763, 0.02522415667772293, 0.002781280316412449, -0.003492792835459113, -0.060186199843883514, -0.07039432227611542, -0.026828547939658165, -0.006842099595814943, -0.02587970532476902, -0.03238901123404503, -0.036578577011823654, -0.026587745174765587, 0.033363331109285355, 0.013426250778138638, 0.0009318526717834175, 1567.2315768795597, 0.007105227094143629, 2764.6428626353345]",63,cat
1370,data/audio_cat-classification/NAYA_DATA_AUG1X/Happy/cat011011_aug1(1).mp3,cat,"[-137.96194458007812, 123.49341583251953, -17.543405532836914, 22.971403121948242, 18.607990264892578, -4.314912796020508, -9.674880027770996, 4.1236090660095215, 5.294477939605713, -1.1478151082992554, 2.2711615562438965, 1.8212230205535889, 0.5521393418312073, 1.3542860746383667, -1.0838862657546997, -0.8639638423919678, -1.6431593894958496, -1.1822285652160645, 0.2803697884082794, 1.0779463052749634, 0.30404865741729736, 0.05753408744931221, -0.1538231074810028, -0.087991863489151, -0.03399108350276947, -0.02185129188001156, -0.018833428621292114, -0.02632748708128929, -0.08156502991914749, -0.053146082907915115, -0.026121333241462708, 0.010642359964549541, 0.009981400333344936, 0.04562605172395706, 0.01706611178815365, 0.016843998804688454, 0.06783339381217957, 0.016786055639386177, 0.035033997148275375, 0.04744582250714302, -0.31302034854888916, -0.12777650356292725, 0.06422659754753113, 0.03228907287120819, -0.009194579906761646, 0.00033039189293049276, 0.0019750352948904037, -0.00277137104421854, 0.005037096329033375, -0.011044605635106564, 0.005078594200313091, 0.03663957118988037, 0.018862515687942505, -0.02473708800971508, -0.024014880880713463, -0.011046241037547588, -0.017657577991485596, 0.002225609263405204, 0.030405890196561813, 0.002613403834402561, 1734.4252664558353, 0.009732794016599655, 3049.972568469101]",63,cat
865,data/audio_cat-classification/NAYA_DATA_AUG1X/Defence/Edit9069Hiss_aug1(1).mp3,cat,"[-206.32760620117188, 40.985652923583984, -6.179500579833984, 7.329529285430908, 2.0379507541656494, 1.367134928703308, -2.880260705947876, 6.7963666915893555, -5.908120632171631, -3.6392030715942383, -4.590944290161133, -4.815889358520508, -2.3738245964050293, -4.232857704162598, 5.289150714874268, -5.28385066986084, -0.32864806056022644, 4.169802665710449, -1.5126532316207886, 5.16808557510376, 0.42695584893226624, 0.31884172558784485, 0.4543412923812866, -0.1990845948457718, 0.15263427793979645, 0.4389159083366394, 0.27182406187057495, 0.08019319921731949, 0.06629681587219238, 0.3762509822845459, 0.32958248257637024, 0.18060818314552307, 0.11227451264858246, 0.100980743765831, -0.29593783617019653, -0.11223842203617096, 0.159698948264122, -0.03343929722905159, -0.06349793821573257, 0.11370652914047241, -1.5844842195510864, -0.4782969355583191, 0.043715305626392365, -0.1763613075017929, -0.09381183981895447, 0.11547420173883438, 0.21511709690093994, -0.0367342084646225, -0.09664678573608398, 0.133440300822258, 0.1578664481639862, 0.14886392652988434, 0.11509201675653458, 0.10936041176319122, -0.09484264254570007, -0.07700829952955246, -0.06280427426099777, -0.09333400428295135, 0.022793354466557503, -0.07330025732517242, 3952.984756356903, 0.2107669860124588, 7698.1201171875]",63,cat
5584,data/audio_cat-classification/NAYA_DATA_AUG1X/Resting/cat_coll0124.mp3,cat,"[-356.5459289550781, 107.77818298339844, 33.46113586425781, -2.5298709869384766, 22.86685562133789, 8.845986366271973, 14.591570854187012, 9.216111183166504, 7.837616443634033, 8.847933769226074, 2.1890363693237305, 3.0743203163146973, 0.3995910584926605, 3.6068358421325684, 0.9458491802215576, -0.031546223908662796, 3.3029584884643555, 1.365942358970642, 2.178753614425659, -0.2508084177970886, 0.08555366843938828, 0.0056112390011549, 0.07025410979986191, -0.049346424639225006, 0.029789606109261513, 0.008893679827451706, 0.06182480603456497, 0.011590175330638885, -0.02807067334651947, -0.01814419776201248, -0.05221559479832649, -0.03677907958626747, -0.02619924768805504, 0.030255675315856934, -0.023947110399603844, -0.012268486432731152, -0.013459883630275726, -0.009098520502448082, 0.02622334286570549, -0.02114223688840866, -0.05869953706860542, 0.007633810862898827, 0.005046729929745197, -0.02108287252485752, 0.01442699134349823, -0.04269323870539665, 0.004974628333002329, -0.025827152654528618, -0.041345372796058655, -0.008413964882493019, -0.01625967025756836, -0.02241360768675804, -0.013398331589996815, 0.003804901149123907, -0.004841403104364872, 0.0033563526812940836, -0.01273913960903883, 0.01053304597735405, 0.022585444152355194, 0.002137931529432535, 1995.4712024312514, 0.011479520238935947, 5076.877187253549]",63,cat
15,data/audio_cat-classification/NAYA_DATA_AUG1X/Paining/cat01_aug1(1).mp3,cat,"[-246.24630737304688, 32.87023162841797, -31.349483489990234, -4.252348899841309, -17.973731994628906, -15.165144920349121, -4.4390645027160645, -2.1677842140197754, -7.658893585205078, -12.24575138092041, -17.10500144958496, -12.266188621520996, 11.547605514526367, -3.8908309936523438, -11.463028907775879, -0.09247598797082901, 1.2488915920257568, -12.751754760742188, -8.048942565917969, 11.200592994689941, 0.8121663928031921, 0.08414016664028168, 0.1731903851032257, -0.12255160510540009, -0.009999341331422329, 0.1401357352733612, 0.008329959586262703, -0.08464924991130829, -0.0653507187962532, 0.0319523923099041, 0.02845311537384987, -0.0022123721428215504, 0.07457811385393143, -0.04687872156500816, -0.09680812060832977, 0.05687316507101059, 0.02166878432035446, -0.15633495151996613, 0.0513780303299427, 0.1761382818222046, -0.8394410610198975, -0.07511968165636063, 0.24922223389148712, -0.09612923860549927, 0.17266637086868286, 0.1486857831478119, 0.056680284440517426, -0.024933720007538795, -0.09715792536735535, -0.03228028863668442, 0.13638876378536224, 0.11346735805273056, 0.024621466174721718, -0.0771416500210762, -0.01516079343855381, 0.11353518068790436, -0.0658838301897049, -0.11442100256681442, 0.19691570103168488, 0.15956996381282806, 3555.8951230428893, 0.08950759470462799, 5585.0124129329815]",63,cat
5741,data/audio_cat-classification/NAYA_DATA_AUG1X/Resting/cat_flickr01377_aug1(1).mp3,cat,"[-189.56561279296875, 59.77499008178711, 16.353654861450195, -7.400860786437988, -9.187691688537598, -3.861957311630249, -6.2621941566467285, -1.778686285018921, -13.962775230407715, -12.365528106689453, -18.040103912353516, -11.995017051696777, -12.248905181884766, -7.570647716522217, -6.609528064727783, -4.051191329956055, -0.06684911251068115, -2.8319711685180664, -4.622096538543701, -4.695489406585693, 2.184722661972046, 0.23549623787403107, 0.08164342492818832, 0.030258819460868835, 0.043820571154356, 0.025380892679095268, -0.08474328368902206, -0.050050754100084305, -0.09919101744890213, -0.03550310060381889, -0.04506530612707138, -0.040044963359832764, -0.023544976487755775, -0.003247627057135105, -0.008581465110182762, 0.01242036186158657, -0.002637757919728756, -0.0009513755212537944, 0.008100906386971474, -0.008279135450720787, 0.009818051941692829, -0.01905006542801857, 0.0023895385675132275, -0.002064106520265341, -4.698786506196484e-05, -0.019854357466101646, -0.004300549626350403, -0.0023267297074198723, -0.0013797834981232882, 0.007488358300179243, -0.004557010717689991, 0.0012372044147923589, -0.014364372007548809, -0.024052077904343605, -0.00854542013257742, 0.010967415757477283, 0.013173510320484638, 0.00955985952168703, 0.005649404600262642, -0.0020215390250086784, 3158.8695323152206, 0.2156657725572586, 6921.021870457849]",63,cat
351,data/audio_cat-classification/NAYA_DATA_AUG1X/Paining/cat_coll0149_aug1(1).mp3,cat,"[-449.01708984375, 26.744680404663086, -54.24540710449219, -8.456974029541016, 1.035317301750183, -8.037100791931152, -1.4838976860046387, -9.72814655303955, -13.49108600616455, -6.98932409286499, -1.841281533241272, -13.738639831542969, -7.631584167480469, -1.6769675016403198, 4.204300403594971, 7.2513885498046875, 9.154303550720215, 12.076789855957031, -2.9412572383880615, -8.2965087890625, 1.511117935180664, 0.3889671862125397, -0.5273327827453613, -0.05069883540272713, -0.08503548055887222, -0.007576236966997385, 0.05198661610484123, -0.009347681887447834, -0.13988913595676422, -0.07648167014122009, 0.04964609816670418, -0.017764240503311157, -0.02146724797785282, -0.019921226426959038, -0.011238780803978443, 0.03923164680600166, 0.05805015563964844, 0.1458466798067093, 0.12892401218414307, -0.07434635609388351, 0.3462938070297241, 0.14809106290340424, 0.07284419983625412, -0.0613066665828228, 0.03293919190764427, -0.00232386845164001, 0.0123478127643466, 0.034209009259939194, 0.03422141447663307, 0.029123440384864807, 0.04947245493531227, 0.05640436336398125, 0.03373066708445549, -0.024929776787757874, -0.03357001021504402, -0.06681223958730698, -0.035032451152801514, -0.04719461128115654, -0.047152239829301834, 0.05036601424217224, 2855.5929518112566, 0.22118739783763885, 5361.767578125]",63,cat
1632,data/audio_cat-classification/NAYA_DATA_AUG1X/Happy/Online_Cat0395Hpy_aug1(1).mp3,cat,"[-418.6951599121094, 26.98568344116211, -12.302069664001465, -4.719888687133789, -8.740925788879395, -2.105463743209839, -6.572757720947266, -7.3965630531311035, -0.5513342618942261, -1.640557050704956, -3.800084352493286, -2.0730063915252686, -4.3075032234191895, -8.796900749206543, -7.721573829650879, -8.226442337036133, -11.769865989685059, -4.624701499938965, 4.488161563873291, 11.123588562011719, -0.18328075110912323, -0.12508340179920197, -0.00582114327698946, -0.0413394458591938, 0.02626023069024086, 0.07755197584629059, 0.034889303147792816, -0.01371349673718214, -0.0047648390755057335, -0.008333832956850529, 0.018502702936530113, 0.02285916917026043, 0.016891760751605034, 0.03937757760286331, 0.01748187094926834, 0.008605627343058586, 0.06179903447628021, 0.024889273568987846, -0.07083400338888168, -0.02472187764942646, 0.007926411926746368, 0.10981834679841995, 0.02239164151251316, -0.005084879230707884, -0.02094941772520542, -0.0444226898252964, -0.0007932741427794099, 0.0016448310343548656, -0.01611018367111683, -0.017454572021961212, -0.007264359388500452, 0.0006290767923928797, -0.016629058867692947, -0.02130359411239624, -0.006839392241090536, -0.029443947598338127, -0.04281850904226303, -0.00872824341058731, 0.03489736095070839, 0.045993853360414505, 3705.269215020473, 0.22383764386177063, 6514.188532804319]",63,cat
4510,data/audio_cat-classification/NAYA_DATA_AUG1X/Fighting/Online_Cat0463Ang_aug1(1).mp3,cat,"[-266.4915466308594, 107.33809661865234, -31.337827682495117, 15.724312782287598, -20.891870498657227, 4.9244279861450195, -22.36985969543457, -4.4206624031066895, -19.359203338623047, -3.804025650024414, -12.19482135772705, -8.734162330627441, -7.4148783683776855, -10.580357551574707, -4.715375900268555, -9.707357406616211, 1.4384589195251465, -5.200214862823486, 2.1814844608306885, -6.144978046417236, 0.13784757256507874, -0.4318685829639435, -0.34534525871276855, 0.015149885788559914, -0.1088373064994812, 0.007272521965205669, 0.011198015883564949, 0.12523986399173737, 0.09397543966770172, 0.13389433920383453, 0.07069902122020721, 0.07163852453231812, 0.0585913248360157, 0.054626431316137314, 0.07984484732151031, 0.0550089105963707, 0.06500249356031418, 0.001747982343658805, 0.045213792473077774, 0.02234775945544243, -0.43948033452033997, -0.4087807238101959, -0.1383710652589798, -0.06850697845220566, -0.006822572089731693, 0.08466140925884247, 0.08726295828819275, 0.04942764341831207, 0.09610999375581741, 0.0894739106297493, 0.029688207432627678, 0.029939722269773483, 0.037652887403964996, 0.04265277087688446, 0.04085619002580643, 0.05092601478099823, 0.04611891880631447, 0.0016238564858213067, 0.007029188331216574, 0.0202803798019886, 1967.7837738321516, 0.08217465132474899, 3261.7201612174854]",63,cat
2941,data/audio_cat-classification/NAYA_DATA_AUG1X/Warning/LastEntry_cat1006Grl.mp3,cat,"[-336.80078125, 87.28627014160156, -13.523099899291992, 7.167675495147705, -12.687665939331055, -8.985621452331543, -7.167717456817627, -15.978815078735352, 7.127015590667725, -5.140859603881836, 11.597614288330078, -12.795547485351562, 4.275365829467773, -8.609855651855469, 1.4814884662628174, -6.596320152282715, -0.25994086265563965, 1.800075888633728, -3.602780818939209, 5.5967631340026855, 0.28260907530784607, -0.00332664349116385, 0.00012219662312418222, 0.027792958542704582, 0.00885393563657999, 0.023992955684661865, 0.0075923907570540905, 0.003822067752480507, -0.005289822816848755, -0.02978353388607502, 0.01218863669782877, 0.0017832588637247682, 0.016393935307860374, -0.006945818662643433, -0.007320915814489126, -0.002421364886686206, -0.01324678584933281, 0.011492953635752201, -0.0003597341710701585, 0.004465737845748663, -0.2439330667257309, -0.018617145717144012, 0.0010171030880883336, -0.008967473171651363, 0.003326819511130452, -0.007171174511313438, -0.009733892045915127, 0.013142303563654423, 0.014293849468231201, 0.01805751584470272, -0.027439111843705177, -0.006470267195254564, -0.006165649276226759, 0.010894693434238434, 0.007143918890506029, 0.006918277125805616, 0.0013796975836157799, -0.004055415745824575, -0.003266390645876527, -0.013280493207275867, 2568.2546223548798, 0.058573052287101746, 5252.0338045840235]",63,cat
3718,data/audio_cat-classification/NAYA_DATA_AUG1X/HuntingMind/cat03583.mp3,cat,"[-487.3876647949219, 93.48080444335938, -2.2307443618774414, 9.467188835144043, 5.868514537811279, 0.8201735019683838, -3.956477403640747, 0.3286627531051636, -2.988884449005127, -0.7762770056724548, -0.9659634232521057, 3.927778482437134, 2.835052490234375, 1.3432472944259644, 4.697201251983643, 4.364107131958008, 1.4558614492416382, -1.4345835447311401, -1.552916169166565, -2.070402145385742, 2.228419542312622, 0.33674436807632446, -0.5277589559555054, -0.2554856836795807, -0.018002767115831375, 0.13711559772491455, -0.10104731470346451, -0.09311486035585403, -0.24144425988197327, -0.21206991374492645, 0.04896993935108185, -0.0677308738231659, -0.12784750759601593, 0.028857577592134476, -0.034484680742025375, -0.12993954122066498, -0.07817455381155014, -0.0021974118426442146, 0.004699414595961571, -0.05695028603076935, 0.48831674456596375, 0.007060328032821417, -0.23129305243492126, 0.019879816100001335, 0.03479558601975441, 0.11032458394765854, -0.0009322747937403619, 0.01941804029047489, -0.005481326952576637, 0.04467711225152016, 0.05176274850964546, -0.048526279628276825, -0.06436976790428162, 0.06792936474084854, 0.02285713702440262, -0.01454826071858406, -0.007884813472628593, 0.02637552097439766, 0.008486803621053696, -0.0028169616125524044, 2274.5898066921814, 0.027665112167596817, 4991.274925970262]",63,cat
3558,data/audio_cat-classification/NAYA_DATA_AUG1X/Angry/LastEntry_cat1057Ang_aug1(1).mp3,cat,"[-242.66806030273438, 62.79439163208008, -29.726486206054688, -22.411069869995117, -5.935030937194824, -5.177029609680176, 6.758294582366943, 0.15590211749076843, -10.440378189086914, -4.049591541290283, 2.1015989780426025, 5.493135452270508, 5.760292053222656, 0.8995866775512695, -0.6675897240638733, 1.4288687705993652, 4.447057723999023, 4.451746463775635, 2.8324081897735596, 6.359254360198975, -0.3563488721847534, -0.3217315971851349, 0.007957621477544308, 0.03140578046441078, 0.0002476099180057645, -0.015777021646499634, -0.04965004697442055, -0.0424746572971344, -0.010419568978250027, -0.02073374204337597, -0.02444111555814743, -0.014460374601185322, -0.017956899479031563, -0.027359480038285255, -0.005165866110473871, 0.009070388972759247, -0.022132795304059982, -0.019424542784690857, 0.008807840757071972, -0.019711941480636597, -0.13670803606510162, -0.013416778296232224, 0.033044666051864624, 0.023618878796696663, 0.03494954854249954, 0.029684050008654594, 0.025689680129289627, 0.0064070578664541245, -0.003738939994946122, 0.0017942304257303476, 0.02313750796020031, 0.027377858757972717, -0.003963349852710962, -0.007509799208492041, -0.013899688608944416, -0.01849525049328804, 0.005995538551360369, -0.004885303787887096, -0.002231233986094594, -0.012232325971126556, 2362.6304552893107, 0.023793911561369896, 4791.78445229682]",63,cat
371,data/audio_cat-classification/NAYA_DATA_AUG1X/Paining/car_extcoll0247_aug1(1).mp3,cat,"[-72.89561462402344, 60.26472854614258, -36.212093353271484, -0.47464320063591003, -15.348030090332031, 5.213876247406006, -14.618880271911621, 3.4756362438201904, -10.526409149169922, 4.769656181335449, -6.068789482116699, 3.85394549369812, -4.532948017120361, -4.997945308685303, -6.838706016540527, -4.161869525909424, 4.012153148651123, 4.388585567474365, 2.048348903656006, -1.5502068996429443, 0.26589328050613403, 0.6719960570335388, -0.13276469707489014, -0.2859550714492798, 0.14221736788749695, -0.32680782675743103, 0.207564577460289, -0.0037221142556518316, 0.007258711848407984, -0.07614325731992722, -0.16204862296581268, -0.04110836610198021, 0.022069713100790977, 0.1258743852376938, 0.22107411921024323, -0.045318037271499634, 0.04498157277703285, -0.018431304022669792, -0.13022340834140778, -0.015651166439056396, -1.0949840545654297, 0.13072584569454193, -0.009503301233053207, 0.058214303106069565, -0.1200917512178421, -0.0028163508977741003, -0.020651591941714287, -0.08495339006185532, -0.014330871403217316, -0.008112375624477863, -0.006393640302121639, 0.0078870989382267, 0.0536961555480957, 0.026397045701742172, 0.08013904839754105, 0.02852698229253292, 0.04343127831816673, 0.062342166900634766, 0.006060194224119186, -0.04963769391179085, 3034.8103072417935, 0.0913771316409111, 5944.820462740385]",63,cat
5105,data/audio_cat-classification/NAYA_DATA_AUG1X/MotherCall/Cat_pills0147_aug1(1).mp3,cat,"[-123.58843231201172, 105.79802703857422, 8.123866081237793, 29.561372756958008, 11.08056640625, 21.242460250854492, -2.486377716064453, 2.4012115001678467, 3.5770339965820312, 6.070207595825195, -1.5642998218536377, -2.156503677368164, -2.3371737003326416, -1.600529432296753, -1.8111155033111572, -4.543220520019531, -2.350245952606201, -3.522806406021118, 3.440518617630005, -6.425852298736572, -4.163347244262695, -1.2880430221557617, 0.0644310787320137, -0.02270941250026226, -0.05991522967815399, 0.08486440777778625, -0.09447029232978821, -0.21060803532600403, -0.1939687877893448, 0.20791423320770264, 0.10118308663368225, -0.14485229551792145, -0.043833374977111816, 0.1325894594192505, 0.14224357903003693, -0.02991948276758194, 0.11774024367332458, 0.026464033871889114, -0.04492216557264328, 0.07747451215982437, -2.881012439727783, -0.7480117082595825, -0.11199736595153809, -0.18857234716415405, -0.23992152512073517, -0.11999422311782837, 0.06749320030212402, 0.08717299997806549, -0.030955802649259567, -0.0581897608935833, 0.06074719503521919, 0.08540237694978714, -0.09777121245861053, -0.025702476501464844, 0.06661723554134369, -0.034089360386133194, 0.05582772567868233, 0.031843118369579315, 0.018009165301918983, 0.07115978002548218, 2046.8707431449, 0.034602537751197815, 3907.3223645174053]",63,cat
3976,data/audio_cat-classification/NAYA_DATA_AUG1X/HuntingMind/cat_youtube01162.mp3,cat,"[-418.2666320800781, 63.35466384887695, -3.662177324295044, 2.4885387420654297, 14.029972076416016, 4.678257942199707, -2.703784465789795, -1.0166627168655396, -4.281249046325684, -0.3262697160243988, -1.331106424331665, -0.6683858633041382, 7.268665790557861, 1.235714077949524, -2.5648021697998047, 2.5483906269073486, -0.6284227967262268, 1.7751851081848145, -1.2727686166763306, -1.569287657737732, 0.9948654770851135, 0.29295727610588074, -0.21834416687488556, -0.15418754518032074, 0.07738759368658066, 0.06034049019217491, -0.05478891357779503, 0.05395536869764328, 0.06028188765048981, 0.026048559695482254, 0.012532038614153862, -0.08749034255743027, -0.051860518753528595, 0.08932457864284515, 0.0032441620714962482, -0.0075727771036326885, 0.09258332848548889, 0.0937420204281807, -0.005001823417842388, -0.07490655034780502, -0.6088143587112427, 0.008396358229219913, 0.05323747172951698, 0.006551727186888456, -0.016169264912605286, 0.03868312016129494, 0.012750135734677315, -0.020889073610305786, 0.004465948324650526, 0.007517799735069275, 0.0018131614197045565, 0.0360940583050251, 0.04678663611412048, 0.023616110906004906, -0.0009806230664253235, 0.0019351961091160774, 0.028266074135899544, 0.009154824540019035, 0.038783393800258636, 0.07035039365291595, 3493.670023040204, 0.1507665365934372, 7756.329792301829]",63,cat
3381,data/audio_cat-classification/NAYA_DATA_AUG1X/Angry/YashLL_Cat0290Ang_aug1(1).mp3,cat,"[-192.8531036376953, 132.8695526123047, 6.717850208282471, -12.418950080871582, -8.687423706054688, -4.578637599945068, -4.21828031539917, -10.407422065734863, 1.3748551607131958, -2.6566922664642334, -4.47349214553833, -1.7054429054260254, -2.1596524715423584, -3.9402339458465576, -5.643903732299805, -9.826963424682617, -11.008465766906738, -6.6959123611450195, -5.016979694366455, 0.595075786113739, 0.44351786375045776, -0.03171411529183388, -0.11623165011405945, -0.1622239649295807, -0.031074542552232742, 0.04938758909702301, -0.0656016394495964, -0.02727399207651615, 0.030956678092479706, -0.019806502386927605, 0.08716917037963867, 0.024202777072787285, 0.028089342638850212, 0.06348370760679245, 0.047136805951595306, 0.08069702237844467, 0.061259765177965164, 0.07305222749710083, 0.021173935383558273, -0.01739872619509697, -0.29937756061553955, -0.08244488388299942, -0.04934587702155113, 0.022618204355239868, 0.05536998063325882, 0.04119608923792839, 0.06079333275556564, 0.03257133811712265, 0.01106084045022726, -0.005366197321563959, -0.006103821564465761, 0.05078093335032463, 0.017356570810079575, -0.01046439167112112, -0.01628297194838524, -0.008293233811855316, 0.0018234674353152514, -0.0034715398214757442, 0.0075212446972727776, 0.030940262600779533, 1481.8703204907372, 0.00822969526052475, 2525.682211821934]",63,cat
5671,data/audio_cat-classification/NAYA_DATA_AUG1X/Resting/cat_youtube01282_aug1(1).mp3,cat,"[-174.83338928222656, 118.94071960449219, 6.684287071228027, 24.103246688842773, -12.35681438446045, 4.656787395477295, -18.38658905029297, 16.118709564208984, -17.129316329956055, -3.4887192249298096, -21.84545135498047, -7.769254684448242, -12.529541969299316, 1.9660512208938599, -17.03730583190918, -1.423140287399292, -14.410178184509277, 2.317244052886963, -8.13023567199707, 0.012354619801044464, -2.91843581199646, -1.1855487823486328, -0.0499662421643734, -0.1734081208705902, 0.04422084987163544, -0.06942470371723175, 0.05018824338912964, -0.0874660462141037, 0.0619502030313015, 0.02042265422642231, 0.11438839137554169, 0.019064374268054962, 0.10314750671386719, -0.03467642515897751, 0.011715218424797058, 0.03306368365883827, 0.10160637646913528, -0.012439518235623837, -0.03158004581928253, -0.022774439305067062, 0.15626437962055206, 0.15593470633029938, 0.049369487911462784, 0.018443139269948006, 0.03089706413447857, 0.0185842327773571, 0.01908939518034458, 0.021304896101355553, -0.005148443393409252, -0.011740416288375854, -0.00441687973216176, 0.012164752930402756, -0.005674568936228752, 0.008141006343066692, 0.04292114078998566, -0.014215655624866486, -0.02567228674888611, 0.006196219939738512, 0.03322907164692879, 0.01832767203450203, 1962.5315322217887, 0.043484799563884735, 3845.8655724158652]",63,cat
3315,data/audio_cat-classification/NAYA_DATA_AUG1X/Angry/cat_flickr01435_aug1(1).mp3,cat,"[-180.85516357421875, 96.17180633544922, -7.617123603820801, 0.05315936356782913, -2.6720359325408936, 7.212073802947998, -1.9861221313476562, -2.6218981742858887, -5.6708984375, 0.15880975127220154, -0.7953385710716248, 2.669766664505005, -3.1784799098968506, -3.049811601638794, -4.312444686889648, 4.143259525299072, 1.6881630420684814, 0.5923432111740112, -4.873749256134033, -2.802260160446167, 0.5851587653160095, 0.1160048097372055, -0.06293141096830368, -0.1710961014032364, -0.1076594740152359, 0.012419615872204304, -0.020868143066763878, -0.00793205015361309, -0.004662264138460159, 0.03694523498415947, 0.0025610383599996567, -0.04044155403971672, -0.0351150818169117, 0.03044242598116398, -0.02639302797615528, -0.07577750831842422, -0.06790392845869064, 0.021890753880143166, -0.03047294355928898, -0.022785957902669907, -0.4159238934516907, -0.04287787154316902, 0.006400583777576685, 0.0228167362511158, 0.009144569747149944, -0.024771029129624367, 0.020650621503591537, 0.025950297713279724, 0.011990507133305073, -0.01961996778845787, -0.03705228865146637, -0.010619331151247025, 0.018378514796495438, 0.013187386095523834, 0.012472490780055523, 0.027564462274312973, -0.0030935178510844707, 0.018178755417466164, 0.04154003784060478, 0.060108598321676254, 1989.9654157397322, 0.007899991236627102, 4155.2032470703125]",63,cat
3831,data/audio_cat-classification/NAYA_DATA_AUG1X/HuntingMind/Cat_trilling0113.mp3,cat,"[-480.4706115722656, 86.44000244140625, 4.172133922576904, -12.160850524902344, 2.9142889976501465, 5.722075462341309, 0.6754556894302368, -3.2804415225982666, -4.825113296508789, -5.019452095031738, -4.2786054611206055, -1.8247298002243042, 4.624149322509766, 8.994962692260742, 3.3623743057250977, 1.2304123640060425, 0.8301073312759399, -3.6841838359832764, -1.107043743133545, -4.309108257293701, -4.053171634674072, -1.1135622262954712, 0.28689661622047424, 0.18214397132396698, 0.09741945564746857, 0.1233677938580513, -0.07209823280572891, -0.008634096942842007, 0.11776787042617798, 0.004874801263213158, 0.04567652568221092, 0.16311822831630707, 0.06409867107868195, -0.1329297125339508, -0.2878723740577698, -0.06425483524799347, 0.20966459810733795, 0.08358272165060043, 0.0902085080742836, 0.05122493579983711, -0.5773593187332153, 0.033057499676942825, 0.05091667175292969, -0.03640076518058777, -0.10255127400159836, -0.03844241425395012, -0.07464796304702759, -0.10740288347005844, 0.07697955518960953, 0.046370647847652435, -0.054845958948135376, 0.043943438678979874, 0.061619892716407776, 0.03199167922139168, -0.05881854146718979, -0.1416313797235489, -0.14425618946552277, 0.008692586794495583, 0.0971703752875328, 0.062044017016887665, 1685.8724140631102, 0.2540458142757416, 4067.8865131578946]",63,cat
1209,data/audio_cat-classification/NAYA_DATA_AUG1X/Happy/Online_Cat0293_aug1(1).mp3,cat,"[-275.6595458984375, 11.191548347473145, -6.42409086227417, 26.75652503967285, 1.578259825706482, 21.895658493041992, 4.5262274742126465, 12.291871070861816, -7.421954154968262, 4.975974082946777, 5.895233631134033, 10.840396881103516, 20.973766326904297, 12.900849342346191, 3.6619513034820557, -8.110624313354492, -5.680019855499268, 2.1699888706207275, 4.331883907318115, -5.853033542633057, 3.2895655632019043, 0.5119863152503967, 0.9175040125846863, 0.39342737197875977, 0.4126170575618744, 0.29488879442214966, 0.30119752883911133, 0.307886004447937, 0.2645314037799835, 0.22618789970874786, 0.17789588868618011, 0.07650431990623474, 0.12085118889808655, -0.12040311843156815, -0.016169611364603043, -0.1418507695198059, 0.04265853390097618, 0.2695111334323883, 0.06716341525316238, 0.14511573314666748, -0.8051672577857971, 0.06046056002378464, -0.07370578497648239, -0.11678560823202133, 0.008553855121135712, 0.13800570368766785, 0.049642302095890045, -0.03370940685272217, -0.01940031349658966, -0.049661800265312195, -0.09779176115989685, -0.07839672267436981, 0.008651862852275372, 0.022610671818256378, 0.07130011916160583, 0.10972098261117935, -9.28475765249459e-06, -0.14910195767879486, -0.012919916771352291, 0.10972736030817032, 3418.6663608384474, 0.09367437660694122, 6564.57373775653]",63,cat
4760,data/audio_cat-classification/NAYA_DATA_AUG1X/MotherCall/Cat_pills0136.mp3,cat,"[-280.716552734375, 130.7447967529297, 22.506742477416992, 16.298755645751953, 9.95195198059082, 11.992423057556152, -5.926210403442383, -2.0538251399993896, -0.5400673151016235, -8.335541725158691, 7.062033653259277, 4.963517665863037, -2.4187965393066406, -4.244174480438232, -5.2908830642700195, 0.2043604701757431, 1.263391375541687, -1.69024658203125, -1.705573558807373, -10.261582374572754, 0.928994357585907, -0.07408586144447327, -0.1381095051765442, -0.05750889331102371, -0.18087412416934967, 0.05560909956693649, 0.030198197811841965, -0.01944039948284626, 0.073394276201725, -0.032654162496328354, 0.0704154446721077, 0.122329942882061, -0.048024483025074005, -0.02687446027994156, -0.055089812725782394, 0.008406398817896843, 0.04778604209423065, 0.00761739956215024, 0.04937855526804924, -0.007644168566912413, -0.5044124722480774, -0.05300245061516762, 0.1437075287103653, 0.09229062497615814, -0.023155752569437027, -0.02012314647436142, -0.04216879606246948, -0.02093440108001232, -0.02177741751074791, 0.07883337885141373, 0.048270083963871, -0.06014520674943924, -0.03894472494721413, -0.030422484502196312, 0.08241813629865646, 0.049272824078798294, -0.013006489723920822, -0.00682465173304081, -0.1041201576590538, 0.01795552298426628, 1583.0170242633385, 0.010368123650550842, 3287.9612656890367]",63,cat
3207,data/audio_cat-classification/NAYA_DATA_AUG1X/Angry/cat_103.mp3,cat,"[-321.4253234863281, 108.8804931640625, -44.74205780029297, 6.968177318572998, -31.1203670501709, 4.903422832489014, -21.928377151489258, -7.586630821228027, -7.372921943664551, -4.812373161315918, -8.50062084197998, -12.3544921875, -6.168241024017334, -12.536739349365234, -2.673142671585083, -3.79376220703125, 4.752562046051025, -0.5383678674697876, 2.990187883377075, 3.1220099925994873, -0.07290852069854736, -0.008815106935799122, 0.028458405286073685, 0.009222026914358139, -0.011281206272542477, -0.02229796163737774, -0.027718560770154, -0.011713322252035141, -0.025631843134760857, -0.02398999221622944, -0.001907734782435, 0.01803746446967125, 0.003017864655703306, -0.023032931610941887, 0.014531850814819336, 0.016610652208328247, 0.057140182703733444, 0.032726041972637177, -0.03248659521341324, -0.03348533436655998, -0.012502745725214481, 0.01757524162530899, 0.06360207498073578, -0.02645057812333107, 0.0202717836946249, -0.016101934015750885, 0.018025094643235207, -0.0072594597004354, 0.02027483657002449, 0.019289884716272354, 0.0014637059066444635, 0.007309450767934322, 0.0037987998221069574, 0.008008591830730438, -0.011046616360545158, 0.004144349601119757, -0.005877300165593624, 0.0060521992854774, 0.011695369146764278, 0.0036974353715777397, 1801.1541876092192, 0.006064839661121368, 3487.3416613981212]",63,cat
3838,data/audio_cat-classification/NAYA_DATA_AUG1X/HuntingMind/Cat_YoutubeLLT42404_aug1(1).mp3,cat,"[-216.89515686035156, 68.202392578125, -1.2466427087783813, 17.779170989990234, 5.218607425689697, 6.527395248413086, 1.7495843172073364, 1.8945887088775635, 0.3405788242816925, -0.4905570447444916, -4.4690985679626465, -2.533963441848755, -8.312302589416504, -7.348386287689209, -5.1796417236328125, -8.61828327178955, -4.163578510284424, -0.4071616232395172, 0.8207156658172607, -2.008449077606201, 2.8300232887268066, 0.29061853885650635, -0.15220953524112701, 0.1810525804758072, -0.0032955193892121315, 0.06163301691412926, 0.01866573467850685, 0.02191781811416149, 0.024498477578163147, 0.00697277020663023, -0.004814930260181427, 0.0029758012387901545, -0.06993281096220016, -0.03636100888252258, 0.0002399933582637459, -0.05686948820948601, -0.04924015328288078, -0.05839913710951805, 0.0481412336230278, 0.02790510281920433, 0.2850237488746643, -0.09384630620479584, -0.1236339882016182, 0.05246410518884659, -0.041972897946834564, 0.0008080424158833921, 0.012294008396565914, 0.004526111297309399, 0.006361967418342829, 0.015467749908566475, -0.002494325628504157, -0.006103808991611004, -0.0599827878177166, -0.010533618740737438, 0.0543033666908741, 0.01722436584532261, -0.027994304895401, -0.03718700632452965, 0.03498251736164093, 0.025385944172739983, 2624.3553550649817, 0.16478003561496735, 5793.4254807692305]",63,cat
5633,data/audio_cat-classification/NAYA_DATA_AUG1X/Resting/LastEntry_cat1229Purr.mp3,cat,"[-448.2072448730469, 142.39366149902344, 42.27910614013672, -13.76804256439209, -10.995850563049316, -1.9448730945587158, -17.935638427734375, -17.396621704101562, -1.1932156085968018, -2.683558225631714, 1.6795508861541748, -7.764750957489014, -14.924881935119629, -8.201701164245605, -10.294486045837402, -6.936840057373047, -6.149231433868408, -9.523482322692871, -4.141045570373535, -6.530204772949219, 0.3132117986679077, 0.34345927834510803, 0.07572168856859207, -0.1087777242064476, -0.1517527848482132, 0.0010320862056687474, -0.05090489238500595, -0.035995516926050186, 0.048963118344545364, 0.034699808806180954, 0.0408269502222538, 0.003776013618335128, -0.06131097301840782, -0.04381193593144417, -0.023971153423190117, -0.01644779182970524, 0.020032279193401337, -0.07682649791240692, 0.013011121191084385, -0.0027985305059701204, -0.3284291625022888, 0.021062305197119713, -0.01915123499929905, -0.004472418688237667, -0.0054258741438388824, 0.021254712715744972, 0.03395288065075874, -0.03812737762928009, 0.013184047304093838, 0.004640983883291483, -0.02966644987463951, 0.01113928109407425, 0.020068099722266197, 0.02173382043838501, 0.004769892897456884, -0.024027587845921516, 0.012481038458645344, 0.017393967136740685, 0.03399481251835823, -0.008213761262595654, 1685.688314216531, 0.014035088010132313, 3651.4626242897725]",63,cat
2387,data/audio_cat-classification/NAYA_DATA_AUG1X/Warning/cat_youtube01267_aug1(1).mp3,cat,"[-245.81736755371094, 196.68572998046875, -39.19626998901367, 22.66820526123047, 1.670516014099121, -31.083044052124023, -0.48672857880592346, -18.42694664001465, -19.166378021240234, -3.262566089630127, -12.488449096679688, -13.279335975646973, -2.634927988052368, -4.6306915283203125, -8.245733261108398, -2.5246474742889404, -7.764341831207275, -6.96701717376709, -2.9298524856567383, -12.180603981018066, 0.3955131769180298, 0.4784862697124481, 0.07617691904306412, -0.004515504464507103, 0.04220793396234512, -0.04261075705289841, -0.08464068919420242, -0.007209675386548042, 0.13758045434951782, 0.03652201592922211, -0.13424280285835266, -0.08158160746097565, -0.04251882806420326, -0.04336082190275192, -0.04641837999224663, -0.12454234063625336, -0.15423519909381866, -0.04533110558986664, -0.000816942541860044, -0.05844786763191223, -0.22180572152137756, -0.19700683653354645, -0.03181939944624901, -0.021292850375175476, 0.004975908435881138, -0.01500723697245121, 0.011969474144279957, 0.0661306083202362, 0.005063068587332964, 0.019168591126799583, 0.06182564049959183, -0.007119758054614067, -0.030725929886102676, 0.016296980902552605, 0.03662221506237984, 0.030626554042100906, 0.03249742090702057, 0.0151292085647583, 0.025426849722862244, 0.06020887568593025, 894.5187632231151, 0.0005147733027115464, 1498.5835905997983]",63,cat
2154,data/audio_cat-classification/NAYA_DATA_AUG1X/Mating/cat_youtube64364_aug1(1).mp3,cat,"[-196.49542236328125, 97.88610076904297, 5.736126899719238, -3.519078493118286, 16.11778450012207, 10.510781288146973, -2.435384511947632, 1.3104610443115234, 1.1085880994796753, -3.9037632942199707, 3.874004364013672, 8.6553373336792, 2.3096354007720947, 2.3996472358703613, 4.4459028244018555, 1.071623682975769, -4.175802230834961, -1.775033712387085, 2.229247570037842, -3.3299660682678223, -0.1938958764076233, -0.02460087649524212, 0.25591832399368286, 0.1639488786458969, -0.030900368466973305, -0.05850382149219513, 0.05562561750411987, 0.03922509774565697, 0.015939822420477867, 0.04381326586008072, 0.0436713881790638, 0.05195536091923714, 0.053985197097063065, -0.023945890367031097, -0.005036614835262299, -0.005768412724137306, 0.02264346368610859, 0.019449744373559952, 0.028146792203187943, 0.03232971206307411, -0.33063870668411255, -0.07622341811656952, 0.014399447478353977, -0.009236164391040802, 0.02142544649541378, 0.043106455355882645, 0.04055759683251381, 0.0042578596621751785, -0.027474295347929, -0.022189484909176826, -0.008123882114887238, -0.006994827650487423, 0.004349844995886087, -0.011548873037099838, -0.008561011403799057, 0.002950480440631509, 0.006676334422081709, -0.013122637756168842, -0.008215172216296196, 0.004314529709517956, 2601.4819428706414, 0.04898443818092346, 5710.218466481855]",63,cat
4970,data/audio_cat-classification/NAYA_DATA_AUG1X/MotherCall/Cat_pills0185.mp3,cat,"[-281.37432861328125, 110.52500915527344, 8.333844184875488, 25.207529067993164, 24.451213836669922, 13.365682601928711, 9.40602970123291, 2.4173531532287598, -5.819423198699951, 4.798532962799072, -1.4926047325134277, -10.251641273498535, -1.5333921909332275, 1.024202585220337, -8.23789119720459, 1.3500711917877197, -3.090733051300049, -6.770510196685791, 2.4650089740753174, 0.31395965814590454, 0.3400586247444153, -0.05417275056242943, 0.11215178668498993, 0.0751451924443245, -0.00629571545869112, 0.021038217470049858, 0.006933057215064764, -0.03949769586324692, -0.05724984407424927, 0.11658217012882233, 0.08606722205877304, -0.03500857949256897, -0.02148938924074173, 0.0174124613404274, -0.051018115133047104, -0.02790948562324047, 0.037747129797935486, -0.10089427977800369, -0.0024635472800582647, 0.09303419291973114, -0.3401165306568146, -0.03125469386577606, 0.13292306661605835, 0.006000700872391462, -0.056273091584444046, 0.06665954738855362, -0.021973339840769768, -0.08119313418865204, -0.006898730061948299, 0.10831001400947571, 0.0007589146262034774, -0.12780864536762238, 0.026633214205503464, 0.09419237077236176, -0.041918352246284485, -0.012997397221624851, 0.03671571984887123, -0.07731437683105469, 0.07953532785177231, 0.04735109955072403, 1961.825355238663, 0.005064391531050205, 3193.407322205219]",63,cat
4337,data/audio_cat-classification/NAYA_DATA_AUG1X/Fighting/Online_Cat0437fit.mp3,cat,"[-407.3599853515625, 89.39149475097656, -113.73169708251953, 75.56838989257812, -21.68815040588379, 6.444912910461426, 20.488813400268555, -8.903242111206055, 22.91695785522461, -15.611411094665527, 4.637214183807373, 5.907101154327393, -2.5165317058563232, 13.478719711303711, 1.6186920404434204, 6.379981994628906, 1.5669068098068237, 2.556082010269165, 3.0313150882720947, 1.0924943685531616, -0.3085878789424896, -0.3836580514907837, -0.44291114807128906, 0.15252643823623657, -0.3344363570213318, -0.03922690451145172, -0.03999428078532219, -0.34123510122299194, -0.07401622831821442, -0.046353086829185486, -0.029727816581726074, -0.08516010642051697, -0.08895277976989746, -0.010872926563024521, -0.12614399194717407, 0.13080856204032898, -0.160070538520813, -0.18476468324661255, 0.09300211071968079, -0.06373520940542221, 0.42448869347572327, 0.31484290957450867, 0.16677400469779968, -0.1360509842634201, 0.13474079966545105, 0.002174456836655736, -0.009951823391020298, 0.03207071125507355, -0.04637865349650383, -0.06486989557743073, -0.14081832766532898, -0.04767598211765289, -0.0331331342458725, -0.0713891088962555, -0.00925260130316019, -0.2184901237487793, -0.05180446431040764, -0.01899115927517414, -0.15941019356250763, -0.07617909461259842, 2323.5117957551215, 0.018979953601956367, 3748.1231689453125]",63,cat
2321,data/audio_cat-classification/NAYA_DATA_AUG1X/Mating/cat_youtube64312_aug1(1).mp3,cat,"[-255.86776733398438, 115.03812408447266, 12.7959566116333, -2.2022359371185303, 23.6147403717041, 14.768232345581055, 16.45147705078125, 7.620760440826416, 8.484994888305664, -4.969409942626953, 9.660350799560547, 1.8932795524597168, 3.5177342891693115, 1.8913792371749878, -0.47008946537971497, 3.6992194652557373, -3.740220069885254, 4.077471733093262, -12.775348663330078, 2.6899590492248535, 0.03336252272129059, -0.07756289839744568, -0.1738361418247223, -0.027629051357507706, 0.09617862850427628, 0.0659765899181366, -0.09738407284021378, 0.0007991635939106345, 0.11846458166837692, -0.022202184423804283, -0.06444714218378067, 0.019717376679182053, 0.05363071337342262, 0.004171318840235472, 0.0003048849175684154, 0.02049393393099308, 0.07304323464632034, -0.007109513506293297, -0.03782017529010773, 0.06546566635370255, -0.24062177538871765, -0.007271716371178627, -0.07666771113872528, 0.012824845500290394, 0.055157508701086044, -0.02463400922715664, -0.08296243846416473, 0.017663385719060898, 0.012229204177856445, -0.014940785244107246, -0.07906100153923035, -0.009894871152937412, 0.04614848271012306, -0.002871775534003973, 0.01599295437335968, 0.02697744593024254, 0.02127857506275177, -0.0008351290016435087, 0.020812341943383217, -0.006692483555525541, 1862.0317339430746, 0.006377899553626776, 4162.906494140625]",63,cat
879,data/audio_cat-classification/NAYA_DATA_AUG1X/Defence/Edit9020Hiss.mp3,cat,"[-174.48435974121094, 41.67538070678711, 17.898056030273438, 10.982161521911621, -9.130744934082031, 0.3917141258716583, -20.115631103515625, 10.669160842895508, -5.352473735809326, 6.939231872558594, -13.952431678771973, -2.686086416244507, -5.495273113250732, -4.4154181480407715, 1.6050841808319092, -3.411787509918213, 2.4292709827423096, -5.056286334991455, 0.580517590045929, 0.1807502657175064, 6.135913372039795, 0.04867154732346535, 0.8009641170501709, 0.004295034799724817, -0.5503148436546326, -0.22576484084129333, -0.10641169548034668, 0.2748873829841614, -0.2661806344985962, 0.011456831358373165, -0.1910143345594406, 0.03808964416384697, -0.07034536451101303, 0.15824879705905914, 0.04380291327834129, -0.10100296139717102, 0.10178709030151367, 0.005979603156447411, 0.0239200908690691, -0.09290161728858948, -5.8754987716674805, 0.4280380308628082, 0.264110803604126, 0.21732546389102936, 0.37118062376976013, 0.02298027276992798, 0.016602391377091408, -0.18150483071804047, -0.004731283988803625, -0.11519791930913925, 0.24347920715808868, 0.24204817414283752, 0.03306405618786812, -0.04727848619222641, 0.13094867765903473, 0.04475778713822365, -0.10166206955909729, 0.05795685201883316, 0.1074923500418663, -0.0634721964597702, 4204.59952330614, 0.17060734331607819, 7392.984841086648]",63,cat
3909,data/audio_cat-classification/NAYA_DATA_AUG1X/HuntingMind/trill02984_aug1(1).mp3,cat,"[-288.4459228515625, 148.79342651367188, -16.86528778076172, 61.03749084472656, -27.373441696166992, 31.979736328125, -7.077047824859619, 9.528633117675781, 3.9655416011810303, -7.083518981933594, 7.3333821296691895, -10.250822067260742, 11.943429946899414, -9.524072647094727, 7.799447536468506, 1.3490849733352661, 0.05854657292366028, 5.315089702606201, -4.5261616706848145, 6.391974449157715, 2.5339910984039307, 1.1413270235061646, 0.0008384480024687946, 0.4280598759651184, -0.1254233866930008, 0.2300015240907669, -0.007522400468587875, 0.11400343477725983, 0.028667904436588287, -0.0003867640334647149, 0.062140800058841705, -0.10983546823263168, 0.032432954758405685, -0.09952598810195923, 0.043832093477249146, 0.006829400081187487, 0.02998955175280571, 0.042819228023290634, -0.008887138217687607, 0.0773538127541542, -0.04179331660270691, 0.05229046195745468, 0.06333348155021667, 0.024820225313305855, 0.06011920049786568, 0.026173662394285202, 0.03481200709939003, 0.02032799832522869, 0.008957864716649055, -0.011764238588511944, -0.019844956696033478, -0.008647126145660877, -0.022503748536109924, -0.008296308107674122, -0.007425825577229261, 0.013604802079498768, 0.03624245896935463, 0.0387694425880909, 0.015460556373000145, 0.003225183580070734, 1259.715196640806, 0.054943833500146866, 2900.9657915900734]",63,cat
1272,data/audio_cat-classification/NAYA_DATA_AUG1X/Happy/Online_Cat0404hpy_aug1(1).mp3,cat,"[-240.37359619140625, 29.529542922973633, -18.144277572631836, 5.392444610595703, -12.854745864868164, 3.834113597869873, 2.0780699253082275, 11.772331237792969, -3.536559820175171, -2.84686017036438, -3.853182554244995, 3.649601697921753, 14.769871711730957, 26.302143096923828, 21.620840072631836, 2.9494242668151855, -0.0782453641295433, -8.18111515045166, 1.7857892513275146, 2.4160568714141846, 0.8931032419204712, 0.1531616747379303, -0.13795629143714905, 0.11279240250587463, 0.19007493555545807, 0.16270889341831207, 0.001583506353199482, 0.030722830444574356, 0.15881451964378357, 0.263812392950058, 0.0816262811422348, 0.1408149003982544, 0.21350319683551788, 0.06203892454504967, -0.0853126272559166, -0.07638375461101532, 0.036693274974823, 0.2586861252784729, 0.015400308184325695, -0.3056865334510803, -1.573355793952942, -0.7430179715156555, 0.01825321651995182, 0.08282916992902756, 0.11797177046537399, -0.09653709828853607, -0.09341265261173248, -0.018578454852104187, -0.08449618518352509, -0.02923254854977131, 0.02495461516082287, -0.11228643357753754, -0.10529875010251999, -0.10609275102615356, -0.04191254824399948, -0.0997270718216896, -0.19692490994930267, -0.16748309135437012, -0.09126316756010056, -0.01209376659244299, 3363.7318218858427, 0.09951618313789368, 6680.980984669812]",63,cat
4385,data/audio_cat-classification/NAYA_DATA_AUG1X/Fighting/YashLL_Cat0235Fit.mp3,cat,"[-31.294628143310547, 99.78617095947266, -74.17217254638672, 21.901451110839844, -16.42231559753418, 29.363447189331055, -31.045846939086914, 22.964263916015625, -13.809752464294434, 7.033814907073975, -1.085328221321106, 3.319369316101074, -4.333852767944336, 0.4680807590484619, 1.1817574501037598, -4.023838043212891, 3.1065337657928467, 1.2228389978408813, 0.7017467021942139, -6.64000940322876, 0.38084644079208374, 0.1622850000858307, -0.03462931141257286, -0.03218752518296242, 0.09410198032855988, -0.01128932274878025, -0.013966517522931099, -0.02849181741476059, 0.10548429936170578, 0.06834607571363449, 0.0043547567911446095, 0.025284767150878906, -0.096114881336689, -0.09914924204349518, 0.0028220927342772484, 0.0111967409029603, 0.03898151218891144, -0.0005581252044066787, 0.007284355349838734, 0.010074302554130554, -0.4646967947483063, -0.07206184417009354, 0.13413824141025543, -0.07739001512527466, 0.06582997739315033, -0.035847485065460205, 0.13995617628097534, -0.03426983207464218, 0.032843172550201416, -0.03507940471172333, 0.013083251193165779, -0.027826188132166862, 0.0261607114225626, 0.04314853623509407, 0.002723886165767908, 0.00499466247856617, -0.0018209966365247965, 0.02964792586863041, -0.0438062809407711, -0.034960877150297165, 2363.21376517249, 0.011261869221925735, 4281.087890625]",63,cat
5612,data/audio_cat-classification/NAYA_DATA_AUG1X/Resting/LastEntry_cat1230Purr.mp3,cat,"[-393.22784423828125, 165.1456756591797, 33.945289611816406, -23.280454635620117, -18.20380401611328, 1.1557151079177856, -11.677053451538086, -21.42884635925293, -0.3702196180820465, -0.7235819697380066, 1.7456053495407104, -6.346874713897705, -13.647699356079102, -9.225141525268555, -8.796483039855957, -7.61952543258667, -4.605346202850342, -6.205959796905518, -3.442471981048584, -6.490546226501465, 0.014069595374166965, -0.05094852298498154, -0.13315652310848236, -0.07665416598320007, 0.024155933409929276, 0.05235421285033226, 0.07013609260320663, -0.021895233541727066, -0.01807842217385769, -0.013454531319439411, -0.04486767202615738, 0.04954613745212555, 0.09152514487504959, -0.030143635347485542, 0.0005487604648806155, 0.014157679863274097, 0.021742964163422585, 0.03653714805841446, -0.0075022391974925995, 0.036733515560626984, -0.21818925440311432, -0.13424807786941528, -0.04617997258901596, 0.06991996616125107, 0.011173580773174763, -0.03747830539941788, 0.003150294069200754, 0.02205129712820053, -0.004320874810218811, -0.011930332519114017, 0.0004588870797306299, 0.008442441932857037, 0.03219452127814293, 0.01809055544435978, -0.003838778007775545, 1.448686930416443e-06, 0.01593448966741562, -0.015618043951690197, 0.002128109335899353, 0.009254747070372105, 1377.6871446900468, 0.011650863103568554, 2299.997153517377]",63,cat
4016,data/audio_cat-classification/NAYA_DATA_AUG1X/HuntingMind/cat_youtube64376 (2).mp3,cat,"[-443.2114562988281, 71.37625122070312, 26.812557220458984, 16.582685470581055, -4.785342693328857, -3.415384531021118, -7.251556396484375, -9.936507225036621, 1.3839417695999146, -3.0578420162200928, -6.501895904541016, 3.0926432609558105, 4.493072509765625, 7.758504390716553, 10.704469680786133, 6.182712554931641, 5.9548163414001465, 0.3820401132106781, -4.043508052825928, -1.8522882461547852, 0.6511237621307373, -0.48050791025161743, -0.3062412738800049, 0.10111144185066223, -0.011696313507854939, 0.07601314783096313, 0.08170752227306366, 0.07302219420671463, 0.11891300231218338, 0.005759867373853922, -0.0030027935281395912, -0.06891616433858871, -0.07718773931264877, -0.06385258585214615, -0.032163362950086594, -0.0275509525090456, -0.03076470084488392, -0.0402783565223217, 0.06968449056148529, 0.03164682909846306, -0.527468740940094, 0.04726476967334747, 0.08578962087631226, -0.049573853611946106, -0.012243250384926796, -0.004164953716099262, 0.041693031787872314, 0.05359606072306633, -0.008696475066244602, 0.018531370908021927, 0.03849966078996658, 0.04387141391634941, 0.013002092018723488, 0.005223479121923447, -0.009431090205907822, -0.0005562712321989238, -0.00753239868208766, -0.020787350833415985, -0.05177417770028114, -0.011260919272899628, 2872.9649985737146, 0.05841090902686119, 6053.561118521341]",63,cat
3375,data/audio_cat-classification/NAYA_DATA_AUG1X/Angry/cat_flickr01454.mp3,cat,"[-281.5023498535156, 106.44978332519531, 4.197685241699219, -11.940516471862793, -3.1847991943359375, -0.5633327960968018, -0.5502280592918396, 2.3272805213928223, 7.450310707092285, 10.40643310546875, 0.9074914455413818, -5.64096736907959, -7.295701026916504, -5.110828876495361, -3.333033323287964, -3.777543783187866, -0.6488482356071472, -0.02936355024576187, -3.1044161319732666, -3.2588343620300293, 0.3598977327346802, -0.38607504963874817, -0.03812071681022644, 0.21950389444828033, 0.23056183755397797, 0.21009859442710876, 0.10524158924818039, -0.025050828233361244, -0.08503589034080505, -0.16043312847614288, -0.19533361494541168, -0.0323609821498394, -0.07256540656089783, 0.016028236597776413, 0.04861278831958771, -0.030467389151453972, -0.0409831702709198, 0.043379608541727066, 0.0172650795429945, -0.11955934017896652, -0.3287663757801056, 0.13368836045265198, 0.07480863481760025, -0.022370362654328346, -0.03609183430671692, -0.08712058514356613, -0.08210008591413498, -0.03885280340909958, -0.013109776191413403, 0.015529300086200237, 0.06968696415424347, 0.023315563797950745, -0.037902213633060455, -0.017311010509729385, 0.02125425823032856, -0.06720419228076935, -0.046012066304683685, -0.01837736740708351, -0.03747197240591049, 0.002302121836692095, 1619.6280423190901, 0.0016547805862501264, 2600.5755315061474]",63,cat
586,data/audio_cat-classification/NAYA_DATA_AUG1X/Defence/cat_flickr01351_aug1(1).mp3,cat,"[-172.68446350097656, 126.86397552490234, -85.85498046875, 45.43240737915039, -51.18778991699219, 39.31425476074219, -22.830663681030273, 17.8150577545166, 5.941228866577148, -7.328166961669922, 10.820664405822754, -14.021849632263184, 3.426983118057251, -5.1611738204956055, -3.1705374717712402, -5.015534400939941, -3.9184069633483887, -0.37161490321159363, -2.9185259342193604, -2.8959391117095947, 0.21800780296325684, 0.2876182496547699, -0.0015638237819075584, 0.17980259656906128, -0.1343172937631607, -0.18113653361797333, 0.09985893964767456, 0.035097986459732056, -0.17215025424957275, -0.2304394543170929, -0.20703467726707458, -0.1941785216331482, -0.0011537163518369198, -0.0022363828029483557, -0.057308875024318695, -0.13815538585186005, 0.07572837918996811, 0.0810350552201271, -0.29422518610954285, -0.05396976321935654, -0.8921379446983337, -0.2303011119365692, 0.10895489901304245, -0.30774152278900146, 0.010981525294482708, -0.04136262461543083, -0.04698529839515686, -0.006672178395092487, -0.08392097055912018, -0.01624818705022335, 0.003922020085155964, -0.043122924864292145, -0.12120815366506577, 0.05136950686573982, 0.008585872128605843, 0.01740862987935543, -0.04425239562988281, -0.0005906092701479793, 0.07338811457157135, 0.06874305754899979, 2308.2609843627656, 0.006486217956990004, 4763.400009931144]",63,cat
4105,data/audio_cat-classification/NAYA_DATA_AUG1X/HuntingMind/trill02983.mp3,cat,"[-431.42279052734375, 148.04600524902344, -10.61170482635498, 51.04734420776367, -23.64002227783203, 32.779972076416016, -15.521480560302734, 18.33662986755371, -10.641803741455078, 2.1544435024261475, -1.9381293058395386, -0.571626603603363, 7.502274036407471, -6.770207405090332, 12.241239547729492, -5.664608001708984, 7.906229496002197, -3.8627278804779053, 4.152287483215332, -2.201505184173584, 0.13945014774799347, 0.0045092785730957985, -0.047100771218538284, 0.10598665475845337, -0.007517470046877861, 0.09588650614023209, -0.10313618928194046, 0.05652827396988869, 0.010215383023023605, 0.018624266609549522, 0.04417892172932625, -0.04685603082180023, -0.02060730569064617, -0.004078730475157499, -0.02208862639963627, -0.01545633189380169, 0.07912998646497726, -0.00019574948237277567, 0.008267881348729134, -0.04838189855217934, -0.34252655506134033, -0.139982208609581, 0.11252958327531815, -0.024260712787508965, 0.1029510498046875, -0.032476361840963364, 0.01741042360663414, -0.013482825830578804, 0.047500256448984146, 0.007849314250051975, 0.021273432299494743, 0.011136051267385483, -0.014540447853505611, 0.030244361609220505, -0.03498108685016632, 0.012261751107871532, 0.01965690217912197, 0.02115190401673317, 0.025760455057024956, 0.007558256853371859, 1398.1317649972236, 0.002042702864855528, 3040.543293082801]",63,cat
2451,data/audio_cat-classification/NAYA_DATA_AUG1X/Warning/grl02998.mp3,cat,"[-259.95440673828125, 132.0826416015625, -30.93738555908203, 50.195518493652344, -7.85828971862793, 40.84016036987305, -14.640192985534668, 14.153203010559082, -8.112259864807129, 6.5102152824401855, 0.8047875761985779, -8.061262130737305, -2.0819716453552246, -6.074243068695068, 10.299543380737305, -4.356794834136963, 8.229970932006836, -5.260756969451904, 3.7579751014709473, -2.6315903663635254, 0.7837365865707397, 0.16761958599090576, -0.17778201401233673, 0.07517321407794952, -0.04750131070613861, -0.04287593811750412, -0.18684503436088562, -0.02881842665374279, -0.11379490047693253, -0.0978362113237381, -0.15682201087474823, -0.08811099827289581, -0.10384569317102432, -0.07225101441144943, 0.02972976490855217, -0.0645747259259224, -0.08939657360315323, -0.09224031120538712, 0.04212651401758194, -0.03601297736167908, -0.4272066056728363, -0.21613959968090057, 0.1707976907491684, -0.08261599391698837, 0.08651325106620789, -0.1021827906370163, 0.05802881345152855, -0.04748813807964325, 0.015421180985867977, 0.010250666178762913, 0.021910591050982475, 0.025685742497444153, 0.11453693360090256, 0.0892167016863823, -0.05028035119175911, 0.041058000177145004, -0.03608241677284241, -0.0018167614471167326, -0.005752155557274818, 0.0006296706269495189, 1625.118228725671, 0.001484959269873798, 3584.0401611328125]",63,cat
2795,data/audio_cat-classification/NAYA_DATA_AUG1X/Warning/car_extcoll0291.mp3,cat,"[-220.12779235839844, 141.48841857910156, -28.254478454589844, 3.640589475631714, -30.540237426757812, -5.456262588500977, -20.705671310424805, 3.811699628829956, -10.147407531738281, -9.532102584838867, -16.97490882873535, -2.8248071670532227, -16.36105728149414, 1.4359008073806763, -7.880808353424072, 1.214704155921936, -13.239985466003418, 0.11603303998708725, -8.391524314880371, -0.5545795559883118, 0.29871734976768494, -0.03317458927631378, 0.0508994422852993, 0.007996856234967709, -0.005149631295353174, 0.002237824024632573, -0.02126922830939293, -0.03630853071808815, -0.059711165726184845, -0.02935008704662323, 0.004529133904725313, -0.005545441992580891, -0.0038928177673369646, -0.01597377471625805, -0.04174211621284485, 0.03416797146201134, 0.004298029467463493, 0.05038979649543762, -0.014207201078534126, -0.007693967316299677, -0.3274974524974823, -0.010290885344147682, 0.008635686710476875, 0.01071846578270197, 0.018414689227938652, 0.0039672222919762135, 0.027416503056883812, -0.01548920851200819, 0.04742622748017311, -0.017881223931908607, 0.022361334413290024, -0.011075330898165703, 0.017444180324673653, -0.0044760494492948055, 0.04192377254366875, -0.00783945620059967, 0.0019356909906491637, -0.0038863031659275293, 0.0049544572830200195, -0.007297780364751816, 1566.6333068160518, 0.005494120996445417, 2878.951313842236]",63,cat
5903,data/audio_cat-classification/NAYA_DATA_AUG1X/Resting/Online_Cat0432Purr.mp3,cat,"[-436.5399169921875, 84.7710189819336, 61.22352600097656, 51.48348617553711, 37.08696365356445, 15.593382835388184, 8.967812538146973, -2.5381875038146973, -8.890966415405273, -7.8563032150268555, -15.078925132751465, -14.867792129516602, -16.27394676208496, -14.429206848144531, -10.728189468383789, -17.461915969848633, -11.465330123901367, -9.940468788146973, -10.602763175964355, -12.28280258178711, 1.5684460401535034, 0.5619789958000183, 0.36837390065193176, 0.3420168459415436, 0.2248959094285965, 0.006901693530380726, 0.033120930194854736, 0.012793774716556072, -0.09371335804462433, -0.1011950820684433, -0.059853050857782364, -0.08776883780956268, -0.12038151174783707, -0.0712708979845047, -0.05294172093272209, -0.09745403379201889, -0.03011786751449108, 0.0075250971131026745, -0.03274430334568024, -0.04740097001194954, -0.07191617786884308, -0.030499665066599846, 0.018733898177742958, -0.0194854773581028, -0.02564365044236183, -0.03788252919912338, -0.04875745624303818, -0.008693448267877102, 0.014646755531430244, 0.01911086030304432, 0.011936048977077007, 0.012578176334500313, 0.03914909437298775, 0.030233625322580338, 0.01616903394460678, 0.02032983861863613, 0.010704622603952885, 0.031905390322208405, 0.03497454151511192, 0.04847126826643944, 1276.0830760980339, 0.002668638015165925, 2559.074374112216]",63,cat
3316,data/audio_cat-classification/NAYA_DATA_AUG1X/Angry/LastEntry_cat1268Ang.mp3,cat,"[-226.81741333007812, 122.66079711914062, -22.293846130371094, 0.24041210114955902, -23.892520904541016, -0.5657273530960083, -6.19673490524292, -1.3563436269760132, 5.269448757171631, -2.2332422733306885, -5.908729076385498, 0.8045781254768372, 3.572986125946045, -1.2500994205474854, -6.788959503173828, 4.0431952476501465, -4.104667663574219, 2.4495975971221924, -4.039489269256592, 1.0470155477523804, 0.552683413028717, 0.18495401740074158, -0.08659950643777847, 0.02347044087946415, -0.019880421459674835, 0.07691534608602524, 0.016370683908462524, 0.004578624852001667, 0.038901783525943756, -0.04999362304806709, -0.052658338099718094, 0.012698245234787464, -0.019701583310961723, 0.013117849826812744, 0.0682791918516159, 0.016296997666358948, 0.02495928481221199, 0.004613242112100124, -0.043330416083335876, 0.027307450771331787, -0.4366009831428528, -0.16618749499320984, 0.02680785022675991, -0.0019027553498744965, 0.012039187364280224, -0.025539571419358253, 0.046009037643671036, 0.020532716065645218, 0.024764956906437874, 0.05428683012723923, 0.020733455196022987, 0.007880564779043198, 0.029765168204903603, -0.021032733842730522, 0.010657115839421749, -0.015310833230614662, -0.011793411336839199, -0.015426959842443466, -0.028349410742521286, -0.011172899976372719, 1621.6761761366288, 0.005217364523559809, 3132.7424823113206]",63,cat
3624,data/audio_cat-classification/NAYA_DATA_AUG1X/HuntingMind/catchatter233_aug1(1).mp3,cat,"[-392.87213134765625, 43.169193267822266, -5.265474319458008, 3.9397640228271484, 2.3738510608673096, -0.4064944386482239, -8.737685203552246, -9.918136596679688, -6.938700199127197, -7.631089687347412, -8.89732551574707, -10.151573181152344, -7.1722235679626465, -2.9780964851379395, 0.5763651728630066, 0.4623680114746094, 0.18826083838939667, 0.5459913015365601, -0.39600464701652527, -1.5106490850448608, 0.7655128240585327, 0.6095575094223022, 0.16864930093288422, 0.028309417888522148, 0.04722251370549202, 0.03777168318629265, -0.07475324720144272, -0.08055944740772247, -0.07086004316806793, -0.040924783796072006, -0.05219995230436325, -0.02378648705780506, -0.0022321792785078287, -0.024122850969433784, 0.003912582527846098, 0.009134304709732533, -0.024947747588157654, -0.033842992037534714, 0.004637970123440027, 0.004526544362306595, -0.48817014694213867, -0.27530211210250854, 0.03130587190389633, 0.07768520712852478, 0.014910262078046799, -0.02497607283294201, 0.028966885060071945, 0.04208829998970032, -0.0018230101559311152, 0.025688959285616875, 0.041613996028900146, 0.03530070185661316, -0.00042519764974713326, -0.014272614382207394, -0.03368322551250458, -0.016927286982536316, 0.0039005400612950325, -0.010232615284621716, -0.011305103078484535, -0.011740409769117832, 3918.5788396390876, 0.209461972117424, 7761.126708984375]",63,cat
1433,data/audio_cat-classification/NAYA_DATA_AUG1X/Happy/Online_Cat0394Hpy (2)_aug1(1).mp3,cat,"[-332.29205322265625, 20.368024826049805, -21.361560821533203, -5.994791507720947, -7.716752052307129, 0.3266139030456543, -7.639254093170166, -7.9027814865112305, -0.44800975918769836, -0.36452266573905945, -4.092034339904785, -3.8335883617401123, -2.992135524749756, -7.58360481262207, -7.20338249206543, -5.8415961265563965, -6.338298320770264, 0.7056282758712769, 8.888279914855957, 15.664226531982422, 2.214121103286743, 0.6154695749282837, -0.324565052986145, -0.34052854776382446, -0.2285582572221756, -0.02501973882317543, -0.14806842803955078, -0.09130474179983139, 0.07976556569337845, -0.021885547786951065, -0.04316004365682602, -0.025458335876464844, 0.12813405692577362, 0.07614752650260925, -0.02551976591348648, -0.10506157577037811, -0.25028204917907715, -0.08258745819330215, 0.04567651450634003, 0.2233397364616394, -0.1912807822227478, 0.10591696202754974, 0.2151472568511963, 0.052342258393764496, -0.021503327414393425, -0.07780730724334717, 0.014912977814674377, -0.012571181170642376, -0.027531614527106285, 0.0771803930401802, 0.020784540101885796, 0.024048106744885445, -0.012082323431968689, 0.036364708095788956, 0.03570675104856491, 0.023856762796640396, 0.05272005870938301, -0.03799763694405556, -0.05956493318080902, -0.11114045977592468, 3835.729399095207, 0.24408233165740967, 6422.737382097942]",63,cat
3043,data/audio_cat-classification/NAYA_DATA_AUG1X/Angry/car_extcoll0104_aug1(1).mp3,cat,"[-206.51950073242188, 71.95004272460938, -29.80962371826172, -10.769364356994629, 7.918024063110352, 5.987362384796143, 4.742860794067383, 18.927818298339844, 1.560429334640503, -9.033346176147461, 5.279179096221924, 14.802556991577148, -5.62585973739624, -1.5831295251846313, -1.2793850898742676, 5.61916971206665, -3.472430944442749, 3.778486728668213, 7.722265720367432, 4.278740406036377, 0.520537257194519, -0.29389476776123047, -0.09282663464546204, 0.046207789331674576, -0.11844590306282043, 0.049297213554382324, 0.12784326076507568, 0.1561468541622162, 0.10025783628225327, -0.010752677917480469, -0.08032885938882828, -0.08517111092805862, 0.03212631866335869, -0.026680175215005875, -0.08054953068494797, 0.006766593549400568, -0.030699552968144417, -0.09831622242927551, -0.033171091228723526, 0.05299371853470802, -0.4019033908843994, 0.02094678394496441, 0.03764495626091957, -0.03171518072485924, -0.07921889424324036, 0.034952450543642044, 0.07036682963371277, 0.020036710426211357, -0.029858935624361038, -0.0380331315100193, -0.04007836803793907, -0.019088130444288254, 0.0704871192574501, 0.018233567476272583, 0.012238634750247002, -0.010776719078421593, -0.04507967084646225, 0.01530657708644867, 0.0006637246697209775, -0.021819816902279854, 2506.3241424665384, 0.015032969415187836, 4904.998194028253]",63,cat
3184,data/audio_cat-classification/NAYA_DATA_AUG1X/Angry/cat_flickr01305_aug1(1).mp3,cat,"[-211.28016662597656, 70.79397583007812, -2.673086643218994, 3.9085803031921387, 11.769574165344238, 14.066207885742188, 8.183907508850098, 12.173523902893066, 6.116127014160156, 7.374872207641602, 6.326219081878662, 2.3620781898498535, -8.564074516296387, -11.455416679382324, 6.491219997406006, 16.927675247192383, 26.263063430786133, 14.9982271194458, -4.315920352935791, -9.18729019165039, 0.7793489694595337, -0.06918764114379883, -0.4600931704044342, 0.05735906586050987, 0.04096631705760956, -0.09220424294471741, -0.01561712846159935, 0.06228538602590561, -0.012559362687170506, 0.06669072806835175, -0.0027484095189720392, 0.04670432209968567, -0.021550174802541733, -0.16402208805084229, -0.03597113862633705, 0.028178583830595016, 0.0511074960231781, -0.033767931163311005, -0.004075866658240557, 0.05786651745438576, -0.03234555199742317, 0.035192105919122696, -0.04433218389749527, -0.059032272547483444, -0.02547098696231842, -0.006790791172534227, -0.00899476557970047, 0.011217494495213032, 0.031150219962000847, 0.04220394790172577, 0.008840584196150303, -0.0017847649287432432, 0.004170214757323265, -0.014666439965367317, -0.01533413864672184, -0.022083017975091934, -0.026459870859980583, 0.02541348524391651, 0.01692109927535057, -0.004774191416800022, 2128.1479786734585, 0.004649562761187553, 4413.655636809593]",63,cat
8,data/audio_cat-classification/NAYA_DATA_AUG1X/Paining/cat_flickr0192_aug1(1).mp3,cat,"[-178.4805908203125, 44.796504974365234, -6.6232147216796875, 33.96205139160156, 20.301393508911133, 7.485879421234131, -0.01495941262692213, 15.785625457763672, 3.1622743606567383, 1.6010613441467285, -2.908609390258789, 9.967926025390625, -1.5539718866348267, 3.125962734222412, -1.3351154327392578, -3.319065570831299, 5.25619649887085, 3.271876573562622, 0.5065321326255798, -6.326213836669922, 2.1529810428619385, 0.2564527094364166, -0.059213872998952866, 0.16683298349380493, 0.15471354126930237, 0.040216684341430664, -0.00606189901009202, 0.08738784492015839, 0.00914322305470705, -0.018590914085507393, -0.05517420172691345, 0.03878593444824219, 0.018133027479052544, -6.339129413390765e-06, -0.020276058465242386, 0.0010444654617458582, -0.04002905637025833, -0.05958756059408188, 0.07320405542850494, 0.014783764258027077, -0.017232879996299744, -0.005872702691704035, 0.000819371547549963, 0.013422105461359024, 0.025755884125828743, 0.01221082080155611, -0.006382985506206751, -0.019269585609436035, -0.002959078410640359, -0.01234162226319313, 0.01426547672599554, 0.0023655719123780727, -0.006084705702960491, -0.0032618034165352583, 0.005871577654033899, 0.001882402109913528, 0.0036339026410132647, 0.011201489716768265, 0.006988581269979477, 0.0006703424151055515, 2451.0183981311043, 0.19695903360843658, 5061.033499186934]",63,cat
5206,data/audio_cat-classification/NAYA_DATA_AUG1X/MotherCall/cat_youtube01224_aug1(1).mp3,cat,"[-285.6106262207031, 54.06663131713867, -1.5312472581863403, 21.241186141967773, 11.32105827331543, 3.4949426651000977, 6.12104606628418, 5.904176235198975, 9.784948348999023, 0.8760949969291687, -0.8634416460990906, -6.431839942932129, -8.096654891967773, -1.1645872592926025, 0.810048520565033, -8.50719165802002, -6.685404300689697, 3.528695583343506, 1.677608609199524, -10.03734016418457, 0.5657087564468384, 0.12926670908927917, -0.011386067606508732, -0.07364524155855179, -0.06972429901361465, -0.0248648002743721, -0.018040673807263374, -0.03847050294280052, -0.07658109068870544, -0.12300942838191986, 0.05566512048244476, 0.08206629008054733, -0.01855887658894062, -0.11462519317865372, -0.023051463067531586, 0.007395491935312748, -0.005840666126459837, 0.0023981870617717505, 0.05383778735995293, 0.014091603457927704, -0.040000203996896744, -0.054776761680841446, -0.09424228221178055, -0.05165877193212509, 0.00910309236496687, -0.02096509374678135, -0.017476214095950127, -0.009565825574100018, -0.017229558899998665, -0.01622001826763153, -0.01753653772175312, 0.014447216875851154, -0.006846818141639233, -0.005523158237338066, 0.016042180359363556, 0.01770469732582569, 0.04525620862841606, 0.013039855286478996, -0.02520679496228695, -0.022133417427539825, 3214.445864494519, 0.05670289322733879, 6374.936451631434]",63,cat
1328,data/audio_cat-classification/NAYA_DATA_AUG1X/Happy/Online_Cat0343hpy_aug1(1).mp3,cat,"[-237.54417419433594, 134.2000274658203, -68.54205322265625, 39.892486572265625, -13.954750061035156, 7.50454568862915, 22.223478317260742, -15.727091789245605, 12.14004135131836, -5.389280796051025, 1.73373544216156, 6.398601531982422, -5.4275689125061035, 12.153587341308594, 7.490885257720947, 12.856203079223633, 4.987858295440674, -5.908567428588867, 2.24475359916687, -2.4061176776885986, 2.0076375007629395, 0.6362000107765198, -0.7253109812736511, -0.04298612102866173, -0.11252950131893158, 0.11503739655017853, 0.17067119479179382, -0.028618795797228813, 0.039901282638311386, -0.0903787910938263, -0.03393342345952988, -0.022290028631687164, -0.043376803398132324, 0.052925676107406616, 0.06036502867937088, 0.1288602650165558, -0.0022894598077982664, -0.11488485336303711, -0.02763739973306656, 0.04023133963346481, -0.5030745267868042, -0.32741355895996094, 0.0013557786587625742, -0.192450612783432, 0.06371796876192093, 0.005319219082593918, -0.03281588852405548, 0.091253362596035, -0.058020807802677155, -0.028042463585734367, -0.026797734200954437, -0.026058461517095566, 0.050358135253190994, 0.0076089841313660145, 0.010365460999310017, -0.02532719448208809, -0.03109452873468399, 0.010916278697550297, 0.00679796701297164, 0.02750192955136299, 1346.6776781987828, 0.0006644007517024875, 2814.44091796875]",63,cat
3836,data/audio_cat-classification/NAYA_DATA_AUG1X/HuntingMind/cat_youtube01148_aug1(1).mp3,cat,"[-175.41909790039062, 122.87248992919922, -0.11851805448532104, 12.552802085876465, 30.55495834350586, 30.696889877319336, 21.304908752441406, 17.038455963134766, 8.986372947692871, 3.704610824584961, 1.8038982152938843, -1.1600147485733032, -0.7092841863632202, -3.3192052841186523, -0.29039227962493896, 4.249425411224365, 1.0176974534988403, 0.28834986686706543, -0.7925700545310974, -2.191006898880005, 0.33580249547958374, -0.04398266226053238, -0.12249776721000671, 0.0723835676908493, -0.03928598016500473, -0.08688206970691681, 0.09940370917320251, 0.08746149390935898, 0.024505615234375, 0.05290640518069267, -0.08224479854106903, 0.016849813982844353, 0.013560553081333637, -0.04290303215384483, 0.0039666215889155865, -0.017323344945907593, 0.08562365919351578, 0.03059793822467327, 0.03244906663894653, 0.08346802741289139, -0.4458123743534088, -0.10362847149372101, 0.059484899044036865, -0.07726388424634933, -0.007452729623764753, 0.038413871079683304, -0.03704347088932991, -0.0030435677617788315, -0.0181598998606205, -0.053040917962789536, 0.016228530555963516, 0.02051815763115883, -0.01130951102823019, 0.0678115114569664, 0.045013461261987686, -0.014341464266180992, -0.031978193670511246, -0.0007177575025707483, 0.00979574304074049, -0.026643743738532066, 1344.6259947857527, 0.00469024945050478, 2577.7281065244933]",63,cat
538,data/audio_cat-classification/NAYA_DATA_AUG1X/Paining/Edit9088Hlp_aug1(1).mp3,cat,"[-247.84852600097656, 176.1701202392578, -70.80894470214844, -7.8362016677856445, 35.26953887939453, -8.22925090789795, -19.02861976623535, 12.174677848815918, 2.1770100593566895, -13.884536743164062, -2.5990824699401855, 0.09154929965734482, -1.9002176523208618, -8.037063598632812, -2.6556081771850586, 0.9882314205169678, -4.772889137268066, -6.941181182861328, -4.592045783996582, 0.6793928742408752, 0.6695075035095215, 0.32693883776664734, -0.10511516034603119, 0.0012458775890991092, 0.009292257018387318, 0.011099177412688732, -0.0008488019229844213, -0.0006428431370295584, -0.025544332340359688, -0.020318584516644478, 0.0322641097009182, 0.010872967541217804, 0.027497537434101105, 0.0037897757720202208, -0.012935882434248924, -0.002873047022148967, -0.0036039703991264105, 0.011093424633145332, -0.025486892089247704, 0.028125813230872154, -0.5545548796653748, -0.35244986414909363, 0.11930995434522629, 0.013309662230312824, -0.02024645358324051, 0.04886607080698013, 0.03788524866104126, -0.02850572019815445, 0.019814010709524155, 0.01845615543425083, -0.013173745945096016, -0.016488272696733475, -0.011296066455543041, 0.00882057473063469, -0.001459403894841671, 0.01353895477950573, -0.0057282717898488045, -0.00937470979988575, -0.005452852230519056, 0.012464653700590134, 1487.0341302522895, 0.000508737051859498, 2210.5854684088426]",63,cat
5108,data/audio_cat-classification/NAYA_DATA_AUG1X/MotherCall/Cat_pills0177.mp3,cat,"[-362.8933410644531, 77.00507354736328, 5.2171311378479, -0.23196597397327423, 12.800015449523926, 15.839406967163086, -1.0635948181152344, 10.057096481323242, 4.9373626708984375, 2.8228912353515625, 11.0288724899292, 6.734920024871826, 11.589383125305176, 0.489143431186676, 2.5387816429138184, 1.8798203468322754, -1.4901649951934814, -0.08452489972114563, 0.6600732803344727, 0.22517287731170654, 0.37653496861457825, -0.02276061661541462, -0.08936399221420288, -0.08391610532999039, -0.02812597155570984, 0.04301479458808899, 0.04662204533815384, 0.035635218024253845, 0.008493190631270409, -0.056016501039266586, -0.004601900465786457, 0.010154825635254383, 0.0434245765209198, 0.021967263892292976, -0.02362639456987381, 0.009456031024456024, -0.008009903132915497, -0.010664456523954868, 0.010695291683077812, -0.0018516157288104296, -0.3073616921901703, -0.007877388037741184, 0.0013425289653241634, 0.022333446890115738, 0.027870791032910347, 0.03751751035451889, 0.0011825549881905317, -0.029276197776198387, -0.023004760965704918, 0.0019663237035274506, -0.006149246823042631, -0.0011371334549039602, -0.005032351240515709, 0.02045493572950363, 0.014688735827803612, -0.009268262423574924, -0.027923649176955223, 0.025563064962625504, 0.01538868248462677, -0.005035927519202232, 2998.5452830697213, 0.04299284145236015, 6392.2779351892605]",63,cat
37,data/audio_cat-classification/NAYA_DATA_AUG1X/Paining/Cat_YoutubeLLT42369_aug1(1).mp3,cat,"[-364.48260498046875, -7.080261707305908, -13.273122787475586, 7.798442363739014, -2.840043067932129, -11.257734298706055, -6.851008415222168, 2.3948206901550293, -0.7547897100448608, -3.029454231262207, -1.149808645248413, -3.9834814071655273, -0.4477751851081848, 1.6337352991104126, -1.1211109161376953, 1.4802422523498535, 1.6045434474945068, -0.4893527030944824, 0.30282849073410034, -1.4647327661514282, 0.9430330395698547, -0.08265846222639084, -0.0059883506037294865, 0.01598310098052025, -0.007957590743899345, -0.00907418318092823, -0.00853907410055399, 0.013884085230529308, 0.0135747529566288, -0.0006077655125409365, -0.0061427694745361805, 0.0105720991268754, 0.020020373165607452, 0.010741891339421272, 0.006493603345006704, 0.013927804306149483, 0.004864678718149662, -0.0021349757444113493, 0.005952184088528156, 0.0008947831811383367, -0.006036337465047836, 0.002582795452326536, -0.0024733333848416805, -0.0007239728001877666, -0.00457066111266613, 0.011285408399999142, 0.005198548082262278, -0.006618197076022625, -0.0012998062884435058, 0.007811376824975014, 0.00967947393655777, 0.002188940066844225, 0.008886394090950489, -0.005350064020603895, 0.0005099251284264028, 0.007166535127907991, 0.0017847057897597551, 0.01023519691079855, 0.010154043324291706, 0.0016858908347785473, 4303.210320080198, 0.2787100076675415, 7652.6567667940235]",63,cat
4769,data/audio_cat-classification/NAYA_DATA_AUG1X/MotherCall/Cat_pills0178_aug1(1).mp3,cat,"[-122.26116180419922, 91.4231185913086, 7.770155429840088, 3.807734966278076, 11.440900802612305, 14.04912281036377, -2.7888705730438232, 9.919929504394531, 2.023251533508301, 2.957754611968994, 6.032897472381592, 3.01129412651062, 8.614669799804688, 0.5108169913291931, 0.5901075601577759, -0.4553014934062958, -3.984083652496338, -2.8642287254333496, 0.5786290168762207, -2.8804163932800293, -1.0648516416549683, -0.3559325337409973, -0.005000080447643995, 0.09052915126085281, -0.14310969412326813, 0.006921355612576008, 0.026241622865200043, 0.023102659732103348, 0.02703663893043995, -0.06188337132334709, -0.01124913152307272, -0.07300984859466553, -0.09887660294771194, -0.03196322172880173, 0.006041247863322496, 0.10025780647993088, 0.026302898302674294, -0.012921569868922234, 0.02910449728369713, 0.023580482229590416, -1.5469326972961426, -0.4702965021133423, -0.054777469485998154, -0.03327216953039169, -0.12755219638347626, -0.028775371611118317, -0.0009708184516057372, -0.021150119602680206, -0.010042045265436172, -0.0010430897818878293, 0.03194410353899002, 0.0041457246989011765, -0.04217809811234474, 0.002600317355245352, 0.003777923295274377, -0.0009312773472629488, 0.035154398530721664, 0.04828744754195213, 0.005906141363084316, 0.009495167061686516, 2500.792662067429, 0.04772427678108215, 5475.084150598404]",63,cat
230,data/audio_cat-classification/NAYA_DATA_AUG1X/Paining/cat_youtube01214(1).mp3,cat,"[-317.9915771484375, 104.28690338134766, -9.443635940551758, 32.74748992919922, 2.3650574684143066, 22.373271942138672, -10.070138931274414, 0.6778354048728943, 5.352035999298096, -0.8522652983665466, -5.805915355682373, -3.538823366165161, -1.5217480659484863, -3.250836133956909, 2.3756086826324463, -0.3370111286640167, -0.4916906952857971, -1.7826298475265503, -5.818249702453613, -6.884258270263672, 0.12310529500246048, -0.02327958308160305, -0.026893122121691704, -0.008542384952306747, 0.03406539559364319, 0.04799974337220192, -0.003132343292236328, -0.008205804973840714, -0.0048337094485759735, 0.02562544494867325, 0.012949083931744099, -0.01228091586381197, -0.02169637382030487, -0.032710954546928406, -0.018050890415906906, -0.02343985065817833, -0.04658620432019234, 0.0022711504716426134, 0.03059062920510769, 0.03673810511827469, -0.25291964411735535, -0.0035916678607463837, 0.02926230989396572, 0.008866633288562298, 0.017495157197117805, -0.00885577779263258, 0.006398632191121578, 0.0026805512607097626, -0.006659984588623047, -0.007171422243118286, 0.007223103661090136, 0.0047233812510967255, 0.00911640003323555, 0.026174500584602356, 0.016865139827132225, 0.012699867598712444, 0.01609957404434681, 0.00047758984146639705, 0.015043151564896107, 0.010316772386431694, 1994.596931317384, 0.011014310643076897, 4301.883289425872]",63,cat
3980,data/audio_cat-classification/NAYA_DATA_AUG1X/HuntingMind/car_extcoll0327.mp3,cat,"[-295.9952392578125, 102.39142608642578, -10.647891998291016, -5.395693302154541, 4.984050273895264, -1.2169777154922485, -7.700660228729248, -2.3077688217163086, -10.363219261169434, -4.392111301422119, -4.933260917663574, -0.6868894100189209, -2.241593837738037, -3.804286003112793, -3.7274107933044434, -2.074143648147583, -3.2392044067382812, -1.397924780845642, -4.261581897735596, -3.6635830402374268, 0.10975860804319382, 0.09809275716543198, 0.10860449075698853, -0.03999900817871094, 0.09922503679990768, 0.030875008553266525, 0.07350979745388031, 0.11703066527843475, 0.059370074421167374, -0.09495071321725845, 0.005739586427807808, 0.032094135880470276, -0.03526471555233002, 0.0010915178572759032, -0.024796919897198677, 0.00839254166930914, 0.078731968998909, -0.0038270102813839912, -0.06350405514240265, -0.07195868343114853, -0.5227434039115906, -0.006658501457422972, 0.014257363975048065, -0.07201556116342545, 0.0044283177703619, 0.03204682469367981, 0.017354264855384827, 0.05403760075569153, 0.051794618368148804, 0.0006534671992994845, -0.00704761128872633, -0.004250068683177233, 0.012579445727169514, 0.0026781975757330656, 0.014073380269110203, -0.0017659306759014726, -0.01973709836602211, -0.0083179185166955, -0.031663957983255386, 0.023836757987737656, 2284.613349017158, 0.03403962403535843, 5097.232177734375]",63,cat
1618,data/audio_cat-classification/NAYA_DATA_AUG1X/Happy/cat_coll0112.mp3,cat,"[-374.5586853027344, 31.75757598876953, -44.459781646728516, -26.15474510192871, -3.910386562347412, 12.841477394104004, -20.538448333740234, 0.9069019556045532, 1.5246847867965698, -9.353479385375977, 7.617471218109131, 1.8722915649414062, -1.2374359369277954, -4.831937789916992, 1.3258472681045532, -5.79132080078125, -8.94664192199707, -6.767439842224121, -8.847685813903809, 2.2328085899353027, -0.21017645299434662, -0.2894689440727234, 0.04105290770530701, 0.2826635539531708, 0.2743028700351715, 0.14767205715179443, 0.1986037641763687, 0.13283294439315796, -0.004508232232183218, 0.36076873540878296, 0.37476369738578796, 0.1552753895521164, -0.13107670843601227, -0.2383967489004135, -0.10448615252971649, -0.03280499950051308, -0.09301042556762695, -0.1913866400718689, -0.10213052481412888, 0.16455771028995514, -0.8251580595970154, -0.33739107847213745, 0.3456832766532898, 0.3571229875087738, 0.11427877098321915, -0.14881230890750885, 0.13445508480072021, 0.0005288514657877386, 0.13003769516944885, 0.2409248799085617, 0.09641509503126144, 0.08219581097364426, -0.14115919172763824, -0.09590911120176315, 0.013137975707650185, -0.06744228303432465, 0.03458266332745552, -0.03350358083844185, 0.053327593952417374, 0.12924356758594513, 2556.6546248458017, 0.021838432177901268, 4958.205650592672]",63,cat
506,data/audio_cat-classification/NAYA_DATA_AUG1X/Paining/cat_coll0172.mp3,cat,"[-283.473876953125, 53.392093658447266, -78.15714263916016, -9.970807075500488, -14.08918285369873, -28.809831619262695, 3.410845994949341, -21.29041290283203, -27.735309600830078, -4.853151321411133, -11.963809967041016, -15.634775161743164, -2.947612762451172, 9.304062843322754, -5.924888610839844, 5.815641403198242, -2.077075481414795, -13.528072357177734, -3.8306407928466797, 3.3723340034484863, 0.4738799035549164, -0.042159248143434525, -0.07002829015254974, -0.013280062936246395, 0.08066077530384064, -0.098090261220932, 0.008055510930716991, -0.02215348370373249, -0.07601214945316315, 0.06680941581726074, -0.0568220391869545, -0.011262143962085247, 0.010905186645686626, -0.03142808750271797, -0.023136824369430542, 0.013262702152132988, -0.01953636109828949, -0.073271244764328, -0.03144874796271324, 0.007120864000171423, -0.16283650696277618, -0.048673778772354126, 0.007061469834297895, 0.019717175513505936, -0.025258367881178856, 0.010489005595445633, 0.03175998479127884, 0.011910924687981606, 0.01397914532572031, 0.01436503417789936, 0.009049301967024803, 0.016923749819397926, 0.03614019602537155, 0.033763185143470764, -0.00063317985041067, -0.018773209303617477, 0.002958785044029355, 0.03644612804055214, 0.014943846501410007, 0.016040025278925896, 2973.179675601197, 0.07884380966424942, 5636.054592688107]",63,cat
2927,data/audio_cat-classification/NAYA_DATA_AUG1X/Warning/LastEntry_cat1317Grl.mp3,cat,"[-100.46432495117188, 98.71957397460938, -58.605987548828125, 25.56859588623047, -39.72857666015625, 14.867040634155273, -27.920326232910156, 7.937493324279785, -7.072620868682861, 15.466602325439453, -19.69881820678711, 6.805573463439941, -11.003741264343262, 2.259411334991455, -11.026762962341309, 6.094376087188721, -3.3739511966705322, 3.948187828063965, -1.9085971117019653, 0.38896483182907104, 2.533240795135498, -0.10897141695022583, -0.4900122880935669, 0.2714889347553253, -0.10986518114805222, 0.12305020540952682, -0.08374887704849243, 0.03285664692521095, 0.06724323332309723, 0.15675728023052216, -0.27443939447402954, -0.0315900519490242, -0.046709004789590836, -0.024366887286305428, -0.1338876336812973, 0.10508399456739426, 0.004521694499999285, 0.12227868288755417, -0.13038957118988037, -0.08705861121416092, -1.0252119302749634, -0.03585950285196304, 0.04395412653684616, -0.08783669024705887, 0.10753510147333145, -0.09965527802705765, 0.09011337161064148, -0.047676004469394684, 0.04171585291624069, 0.00805331114679575, 0.048035915940999985, -0.05461124703288078, 0.012674563564360142, -0.0332539938390255, 0.021497998386621475, -0.011373019777238369, 0.06369701772928238, 0.04451454430818558, 0.02989744395017624, -0.023279132321476936, 2338.9130579932103, 0.010638142004609108, 4130.698599466464]",63,cat
2347,data/audio_cat-classification/NAYA_DATA_AUG1X/Mating/cat03550_aug1(1).mp3,cat,"[-271.12811279296875, 127.00499725341797, 2.211876392364502, 4.2659759521484375, 7.3822479248046875, 8.033588409423828, -1.4329982995986938, 10.248502731323242, 1.5345228910446167, -8.934680938720703, -6.65020751953125, 1.6885249614715576, -0.6477683186531067, 8.11170482635498, -3.7218503952026367, -5.409318923950195, -3.6940689086914062, -9.979498863220215, -7.1334309577941895, -6.043835163116455, 1.028546929359436, 0.46157410740852356, -0.04544690623879433, -0.2359892874956131, -0.11795682460069656, 0.03309635445475578, -0.09902849793434143, -0.14546141028404236, -0.10176807641983032, -0.05709661543369293, -0.07053669542074203, -0.07067649066448212, 0.15853463113307953, 0.1931183785200119, -0.023422924801707268, -0.061170220375061035, -0.09434130787849426, -0.08219670504331589, -0.04209805279970169, -0.013213069178164005, -0.6281751394271851, -0.11815325170755386, 0.029720382764935493, 0.05898027867078781, 0.06480985134840012, 0.013103161938488483, 0.06001431122422218, 0.033217448741197586, -0.015874845907092094, 0.01814117282629013, 0.05065130442380905, 0.06255500763654709, 0.02454010210931301, -0.004736623261123896, -0.014781991951167583, -0.0946478471159935, -0.06468170881271362, 0.010740304365754128, 0.044125355780124664, -0.023380041122436523, 1623.6740794703344, 0.006146268919110298, 3492.513905400815]",63,cat
2903,data/audio_cat-classification/NAYA_DATA_AUG1X/Warning/car_extcoll0323_aug1(1).mp3,cat,"[-314.0379333496094, 188.23651123046875, 9.070002555847168, 13.16431999206543, 0.9989195466041565, -29.34065818786621, -10.406229972839355, -22.143741607666016, -34.66630554199219, -13.912117004394531, -11.94375991821289, -12.690959930419922, -4.18975305557251, -5.265024662017822, -3.425379991531372, -2.6786322593688965, -4.313290119171143, -1.3351140022277832, -6.831521987915039, -10.330620765686035, -2.078301429748535, -1.2396748065948486, -0.266343891620636, -0.22686654329299927, -0.04035523533821106, 0.09308359026908875, 0.13751095533370972, 0.15863296389579773, 0.1383599489927292, 0.09326978772878647, 0.03703217953443527, 0.0016516037285327911, 0.03382750600576401, 0.04765184596180916, 0.03725659102201462, 0.03710031881928444, 0.04670336842536926, 0.043511442840099335, 0.03662385791540146, 0.04451213777065277, -0.12309690564870834, -0.26566779613494873, -0.009079091250896454, 0.007017770782113075, 0.039100855588912964, 0.08547157049179077, -4.343404270912288e-06, 0.026787731796503067, 0.028293447569012642, -0.00046223425306379795, 0.05178958922624588, 0.02206960879266262, 0.0015622491482645273, 0.06006108596920967, 0.024922993034124374, 0.027561908587813377, 0.045001257210969925, -0.00928316917270422, 0.015841934829950333, 0.024498213082551956, 617.8254108518823, 0.06121131777763367, 855.2462279341603]",63,cat
5197,data/audio_cat-classification/NAYA_DATA_AUG1X/MotherCall/Cat_pills0165.mp3,cat,"[-297.8427429199219, 73.32572937011719, -3.80950665473938, 16.139474868774414, 1.9071706533432007, 16.907089233398438, -3.048579454421997, 11.934572219848633, 6.4110283851623535, 0.06123463436961174, 10.727749824523926, 3.9877231121063232, 10.676472663879395, 3.7988741397857666, -1.9386203289031982, 4.4047112464904785, -3.4526021480560303, -1.9551582336425781, 2.3085808753967285, 2.167224645614624, 1.183369517326355, -0.1853928565979004, -0.048371899873018265, 0.09540226310491562, -0.12536950409412384, -0.018128788098692894, -0.024311942979693413, 0.002682243473827839, -0.08898202329874039, -0.046345971524715424, 0.017168736085295677, 0.06482849270105362, 0.07275381684303284, -0.010428373701870441, 0.018722590059041977, 0.050556398928165436, 0.022954612970352173, -0.021497976034879684, -8.840837108436972e-05, 0.01218130998313427, -0.5827445387840271, -0.08517103642225266, 0.05533863231539726, 0.012468431144952774, 0.02493658848106861, 0.03517795354127884, -0.005688488483428955, -0.016079675406217575, 0.03450068086385727, -0.008750754408538342, 0.0001229514309670776, -0.07282500714063644, -0.036147862672805786, 0.030263669788837433, 0.0559932105243206, 0.04447714611887932, -0.04694175720214844, 0.024428946897387505, -0.04018738493323326, -0.0685560405254364, 2897.783083527338, 0.06683091819286346, 6049.659795346467]",63,cat
373,data/audio_cat-classification/NAYA_DATA_AUG1X/Paining/Online_Cat0511Hlp_aug1(1).mp3,cat,"[-307.073974609375, 20.18763542175293, -81.16337585449219, 7.157304763793945, -5.624599933624268, -16.268245697021484, -0.4113583266735077, -12.94300365447998, -7.068079471588135, 4.797749996185303, 11.481680870056152, 17.323993682861328, 13.684638023376465, 8.991547584533691, 0.4399925768375397, -6.2116312980651855, -3.260822057723999, -3.8057007789611816, -8.846931457519531, -7.170684814453125, 1.8635985851287842, 0.697636604309082, -0.4713175296783447, -0.28636884689331055, -0.19973443448543549, -0.10467451065778732, -0.010001540184020996, 0.025198698043823242, 0.000579233979806304, -0.11495641618967056, -0.09203004837036133, 0.03635919839143753, 0.14388732612133026, 0.27283647656440735, 0.18458110094070435, 0.0015402681892737746, -0.03575606644153595, -0.13611000776290894, -0.09386806190013885, 0.07969237864017487, 0.2920866012573242, 0.2076474279165268, 0.008157323114573956, -0.045734625309705734, -0.05714450404047966, -0.03800618648529053, 0.025103962048888206, 0.035506173968315125, 0.03344593569636345, 0.02585175260901451, -0.016215676441788673, -0.005654485896229744, 0.008937050588428974, -0.0348832793533802, -0.06372028589248657, -0.049729395657777786, -0.036613982170820236, 0.015635473653674126, 0.03915886953473091, -0.001463027554564178, 1904.2584745887568, 0.19228355586528778, 2685.000430836397]",63,cat
2843,data/audio_cat-classification/NAYA_DATA_AUG1X/Warning/catangry015.mp3,cat,"[-278.3158264160156, 107.24445343017578, -6.412639141082764, 13.27082633972168, -9.340968132019043, -5.897017478942871, -4.449671745300293, -8.22229290008545, -23.145954132080078, -19.212257385253906, -14.808053016662598, -15.589592933654785, -13.475421905517578, -9.832856178283691, -8.621968269348145, -11.392698287963867, -5.8542375564575195, -2.379727840423584, -7.887783527374268, -1.9589747190475464, 0.3760129511356354, -0.07682676613330841, 0.1346074640750885, 0.11232218891382217, -0.051896147429943085, -0.02503136731684208, 0.12918217480182648, 0.13337580859661102, -0.052368227392435074, -0.03779406100511551, 0.017156556248664856, -0.012406527996063232, -0.06397315114736557, -0.05982225015759468, 0.034234534949064255, 0.06501073390245438, 0.003865770297124982, -0.039355065673589706, -0.007471851538866758, -0.012694700621068478, -0.3657548725605011, 0.030927451327443123, 0.0031272615306079388, -0.04978346824645996, 0.001285965321585536, 0.024100657552480698, 0.008268330246210098, 0.016512563452124596, 0.020016241818666458, -0.04765862226486206, -0.030977973714470863, 0.016806287690997124, 0.0026856919284909964, 0.023706112056970596, 0.017976097762584686, -0.004867212381213903, 0.0027035523671656847, 0.021198149770498276, -0.015468703582882881, -0.0022172380704432726, 1934.023003795201, 0.04307974874973297, 3894.3816313872467]",63,cat
426,data/audio_cat-classification/NAYA_DATA_AUG1X/Paining/cat_coll0148.mp3,cat,"[-338.1991882324219, -1.0071125030517578, -66.61380004882812, 0.2424609363079071, 7.5502705574035645, 1.5770633220672607, -4.2668232917785645, -6.898862838745117, -6.242433547973633, -7.226803779602051, -7.491741180419922, -8.72659683227539, 4.161065578460693, 21.451004028320312, 18.676979064941406, -3.620232343673706, -13.843758583068848, -9.866660118103027, -0.9229406714439392, 10.49618148803711, 0.08802972733974457, 0.035810329020023346, -0.05330006778240204, 0.03465462103486061, -0.021893449127674103, -0.11524786055088043, -0.08767957985401154, -0.018094293773174286, -0.008189957588911057, 0.006234119646251202, 0.08932994306087494, 0.08539484441280365, 0.011019586585462093, 0.045003701001405716, 0.026274215430021286, -0.06852368265390396, -0.03907807543873787, -0.003406497184187174, -0.03184255585074425, 0.007080018054693937, -0.18486391007900238, -0.05928207188844681, 0.07736609876155853, 0.0029209344647824764, -0.054785821586847305, 0.05627146363258362, 0.02586149051785469, -0.02278963103890419, 0.0393284447491169, 0.02959919534623623, -0.009405319578945637, 0.008358504623174667, 0.007763298228383064, -0.017880510538816452, -9.337992378277704e-05, 0.00019152993627358228, 0.02407187409698963, 0.040559109300374985, -0.008830472826957703, -0.007531411480158567, 3174.9687729864213, 0.10190720111131668, 5531.805630387931]",63,cat
2523,data/audio_cat-classification/NAYA_DATA_AUG1X/Warning/LastEntry_cat1099Grl.mp3,cat,"[-189.0825958251953, 124.56394958496094, -29.28594398498535, 20.442127227783203, -26.338525772094727, 7.485357761383057, -17.00033950805664, -5.614604473114014, -21.949567794799805, -6.463581085205078, -12.057354927062988, 1.315163254737854, -6.5063676834106445, 0.02896951138973236, -6.853499412536621, -0.8668699860572815, -4.1510515213012695, -1.0170468091964722, -5.694453239440918, -0.5309246778488159, 0.3087969720363617, -0.05157262459397316, -0.024080457165837288, 0.13546958565711975, -0.08173748850822449, 0.11383046954870224, 0.16436925530433655, 0.14056019484996796, 0.022648269310593605, 0.0008681705221533775, 0.04410229250788689, 0.045902855694293976, -0.0074409605003893375, -0.08275245130062103, 0.010411489754915237, 0.09259337931871414, -0.02858010120689869, -0.03692982345819473, 0.008824137970805168, 0.0023639483842998743, -0.1830904334783554, -0.02606835402548313, -0.004539665766060352, -0.0674956813454628, -0.023901348933577538, -0.029495276510715485, -0.008501630276441574, 0.003242453094571829, 0.0403897799551487, -0.002634083852171898, -0.003422412322834134, -0.013349932618439198, -0.0019196547800675035, 0.013303461484611034, -0.012242439202964306, -0.028889577835798264, 0.01490061730146408, -0.012153650633990765, -0.01196237001568079, 0.0014750332338735461, 1800.2207335620274, 0.015833061188459396, 3347.4257556632097]",63,cat
33,data/audio_cat-classification/NAYA_DATA_AUG1X/Paining/car_extcoll0223_aug1(1).mp3,cat,"[-360.3984375, 55.67142105102539, -22.997241973876953, -27.879270553588867, -20.915651321411133, 3.703953266143799, 0.6912955045700073, -20.036849975585938, -9.250202178955078, -4.243592262268066, -16.28528594970703, -1.8893914222717285, -12.305442810058594, -10.561534881591797, 12.394739151000977, 7.808868885040283, 12.63300895690918, -7.5602898597717285, -10.398222923278809, -2.678126573562622, 0.059921473264694214, 0.2782436013221741, 0.1525958627462387, -0.06133700907230377, -0.06056859716773033, -0.013184117153286934, -0.03356911614537239, -0.02337375096976757, -0.015186244621872902, 0.02635873854160309, 0.01389316376298666, -0.02684585191309452, -0.02797200158238411, 0.002874713158234954, -0.00246862368658185, -0.005576815456151962, -0.053998369723558426, -0.034650616347789764, -0.024562153965234756, -0.028475036844611168, -0.11031510680913925, -0.14829358458518982, 0.08026686310768127, 0.1233818531036377, 0.019144300371408463, -0.03144459426403046, -0.003936817403882742, -0.006967674940824509, -0.0197230763733387, -0.016244778409600258, -0.0106418551877141, -0.018781065940856934, 0.008747032843530178, 0.03332502394914627, 0.01468968577682972, -0.04943198710680008, -0.022821879014372826, -0.0017585055902600288, -0.001644556294195354, 0.00021890924836043268, 2257.5359810448626, 0.01479507889598608, 4637.725802460407]",63,cat
4747,data/audio_cat-classification/NAYA_DATA_AUG1X/MotherCall/cat01_aug1(1).mp3,cat,"[-304.7918701171875, 6.500471591949463, -5.124309539794922, 40.7825927734375, 16.749650955200195, 0.31595003604888916, -3.7913167476654053, 12.17620849609375, -5.087274551391602, -8.667781829833984, -0.8652330040931702, 5.367598533630371, 0.5894287824630737, -2.9924497604370117, -1.0499218702316284, -0.639502763748169, -3.8520145416259766, -3.352415084838867, -0.3816874921321869, -5.187636375427246, 1.0787348747253418, -0.3169443905353546, 0.11213646829128265, -0.05286668613553047, -0.133119136095047, 0.08907439559698105, -0.06312188506126404, 0.011828063987195492, 0.07239659130573273, 0.004257784690707922, 0.018410181626677513, -0.028292592614889145, -0.040340546518564224, -0.03196415305137634, -0.042914263904094696, -0.05217819660902023, -0.01776796020567417, 0.0023617816623300314, -0.053700245916843414, 0.03742406517267227, -0.34289315342903137, 0.1455729901790619, 0.05079786479473114, -0.10919643193483353, 0.10736513137817383, -0.08212945610284805, 0.028389478102326393, 0.006527506280690432, -0.03970294073224068, -0.05812393128871918, 0.036921266466379166, 0.0548308789730072, -0.030673528090119362, 0.014180324971675873, 0.043937452137470245, -0.011880791746079922, -0.04088699445128441, -0.009996208362281322, 0.042434196919202805, 0.023765308782458305, 3858.8445017452264, 0.14046989381313324, 6823.920641447368]",63,cat
44,data/audio_cat-classification/NAYA_DATA_AUG1X/Paining/LastEntry_cat1282Hpy_aug1(1).mp3,cat,"[-270.72601318359375, 79.84502410888672, -29.169078826904297, 23.9462947845459, -7.637541770935059, -1.329553484916687, -0.5088690519332886, -7.66988468170166, -2.1362314224243164, -13.119998931884766, 0.5252437591552734, -5.649962902069092, -1.034467101097107, 8.095728874206543, -5.39846658706665, -2.980661153793335, -7.798920631408691, -3.5957372188568115, 3.3020994663238525, -1.752165675163269, -0.5520772933959961, -0.4010940194129944, 0.021523259580135345, -0.05834058299660683, -0.04107178375124931, -0.0022290097549557686, 0.053397584706544876, 0.029654478654265404, -0.017224743962287903, -0.011058108881115913, -0.015646344050765038, -0.0043688490986824036, 0.0006413495284505188, 0.004783838987350464, 0.009766262955963612, 0.011906531639397144, 0.030936166644096375, 0.010353283025324345, 0.008756761439144611, 0.019328828901052475, -0.23191919922828674, -0.06745992600917816, 0.024136848747730255, -0.002460211981087923, 0.04943929240107536, 0.012230578809976578, 0.01760295033454895, 0.017084671184420586, 0.017512246966362, 0.01576794870197773, 0.0012455092510208488, 0.047425542026758194, 0.0210084430873394, -0.009700040332973003, 0.007950023747980595, -0.010466263629496098, 0.004070650786161423, 0.00885770469903946, -0.003769451752305031, -0.000223418595851399, 2706.504198065128, 0.07839824259281158, 4997.944499302974]",63,cat
3886,data/audio_cat-classification/NAYA_DATA_AUG1X/HuntingMind/cat_youtube01165.mp3,cat,"[-252.80908203125, 123.27547454833984, -18.790462493896484, 34.60074996948242, -33.98017501831055, 46.3546142578125, -17.910966873168945, 35.5726203918457, -12.307880401611328, 23.755847930908203, -6.717897415161133, 10.231644630432129, -3.3205039501190186, 1.8640029430389404, 1.2805982828140259, -5.614555358886719, 4.378792762756348, -12.461241722106934, 8.253582954406738, -11.680987358093262, 0.3361132740974426, 0.06342834234237671, 0.017665034160017967, 0.0018940155860036612, -0.01388960238546133, 0.1294568032026291, -0.031226444989442825, 0.046820685267448425, -0.018989279866218567, 0.02844098024070263, -0.09614314883947372, -0.05109653249382973, -0.02892274595797062, -0.02774278074502945, 0.03860628232359886, -0.021495824679732323, 0.004321325570344925, -0.01569526083767414, 0.025859804823994637, -0.07901255041360855, -0.4401189088821411, -0.07748403400182724, 0.11571688950061798, -0.09765975922346115, 0.04605066776275635, -0.1407541185617447, 0.0866684541106224, 0.001197855337522924, 0.06020220369100571, -0.03927406296133995, 0.013690791092813015, -0.012521006166934967, -0.002707642735913396, 0.01409565657377243, 0.014780981466174126, -0.017635615542531013, -0.058068085461854935, 0.006490183062851429, -0.02985505387187004, 0.06148120388388634, 2132.259052525984, 0.0030349143780767918, 5186.27197265625]",63,cat
2275,data/audio_cat-classification/NAYA_DATA_AUG1X/Mating/YashLL_Cat0227Mating.mp3,cat,"[-367.3060302734375, 50.0260124206543, 23.035507202148438, 6.89523458480835, -1.9789570569992065, -20.147354125976562, -4.5252156257629395, -24.605615615844727, -8.473602294921875, -9.084174156188965, -7.545536041259766, -2.5169496536254883, -7.618924140930176, -1.4132810831069946, -5.720335960388184, -2.642078399658203, -2.223222255706787, -5.467610836029053, -4.12959623336792, -6.320201396942139, 0.22447873651981354, 0.007050532381981611, -0.021714013069868088, 0.016210265457630157, 0.009064518846571445, -0.03724158927798271, -0.002144705504179001, -0.004633129574358463, -0.02764325775206089, -0.0071053761057555676, 0.003146988106891513, -0.013159994967281818, 3.870178261422552e-05, 0.007313791196793318, -0.013606365770101547, -0.0033648402895778418, 0.021654779091477394, 0.009244434535503387, 0.004281750414520502, -0.0003511590766720474, -0.2505576014518738, -0.0006755324429832399, 0.009521162137389183, -0.012168779969215393, -0.009452014230191708, 0.027849413454532623, 0.011024550534784794, 0.005740050226449966, 0.006923097651451826, -0.0060733286663889885, 0.007295788265764713, 0.02991769276559353, 0.009901757352054119, 0.0004711211076937616, 0.010305114090442657, -0.00607356196269393, -0.021907884627580643, 0.0033596379216760397, 0.012735620141029358, 0.008790739811956882, 4107.2148682507595, 0.19868116080760956, 8840.395599941037]",63,cat
4253,data/audio_cat-classification/NAYA_DATA_AUG1X/Fighting/Online_Cat0556Fit_aug1(1).mp3,cat,"[-188.78469848632812, 102.43880462646484, -110.3425064086914, 33.85157775878906, 15.459085464477539, -18.006393432617188, 15.933728218078613, -13.71579360961914, 2.2064149379730225, 4.542557239532471, -9.719254493713379, 16.15375518798828, -5.913426399230957, 3.579946994781494, 4.634716510772705, -3.7174715995788574, 8.027573585510254, -5.59576416015625, 4.253586769104004, 2.4937222003936768, -0.9060911536216736, -0.41456493735313416, 0.33407244086265564, 0.00456447945907712, -0.10143522173166275, 0.0849449411034584, 0.0657568871974945, -0.026618584990501404, -0.0555773600935936, 0.008593704551458359, -0.031036781147122383, -0.057564154267311096, 0.0067959739826619625, 0.03780406340956688, 0.0030166718643158674, -0.02388547547161579, -0.0009303416009061038, -0.0015735949855297804, -0.02416895143687725, 0.019423695281147957, -0.8364057540893555, -0.23464804887771606, 0.20972774922847748, -0.0747174397110939, 0.00791976973414421, 0.08576881140470505, -0.04094954580068588, 0.005811382085084915, -0.017419595271348953, 0.03053649514913559, 0.0368361733853817, -0.07391387969255447, 0.03071165457367897, 0.009502039290964603, -0.0233942661434412, 0.02174394391477108, -0.023609856143593788, 0.0069853742606937885, 0.009599495679140091, 0.022235330194234848, 2875.1205442499627, 0.09001028537750244, 4223.336326469809]",63,cat
1912,data/audio_cat-classification/NAYA_DATA_AUG1X/Mating/LastEntry_cat1372Mt.mp3,cat,"[-410.1312255859375, 58.45634841918945, 22.41284942626953, 35.35707092285156, -5.498897552490234, -1.0273820161819458, -1.3144872188568115, -9.243613243103027, 1.6778712272644043, -2.8028810024261475, -5.797881603240967, 0.9270943999290466, -0.20533309876918793, 2.3444502353668213, 9.07516860961914, 6.837734699249268, 5.36484432220459, 0.9270080924034119, -5.417049407958984, -4.210259437561035, 0.6369061470031738, 0.38318783044815063, 0.1993817239999771, -0.04003754258155823, -0.1671171635389328, 0.11935185641050339, -0.07035104185342789, -0.09994815289974213, -0.023053530603647232, -0.10629834234714508, 0.019122963771224022, 0.054680388420820236, 0.031869448721408844, -0.02136359177529812, 0.041013192385435104, -0.02273586019873619, -0.004016829654574394, -0.02888626419007778, -0.01044231653213501, 0.016490068286657333, -0.12846241891384125, -0.38448581099510193, -0.13264554738998413, 0.08950372040271759, 0.04869526997208595, 0.012854093685746193, 0.04318496212363243, -0.04567911475896835, 0.022836800664663315, 0.021997617557644844, 0.0019217920489609241, -0.015368963591754436, 0.028139159083366394, 0.025037745013833046, -0.022614283487200737, 0.021925119683146477, 0.00046883674804121256, -0.002459336770698428, 0.0033715462777763605, -0.015158044174313545, 2909.6746681639593, 0.062036942690610886, 5480.1364876109465]",63,cat
3100,data/audio_cat-classification/NAYA_DATA_AUG1X/Angry/Cat_Angry1042.mp3,cat,"[-428.9345397949219, 104.16043853759766, -8.14931583404541, 0.9237590432167053, 8.372662544250488, 17.473722457885742, 3.5889334678649902, -1.9236489534378052, 4.8304548263549805, 17.78297996520996, -5.4453654289245605, 2.037114143371582, 3.004164695739746, -2.6786692142486572, -0.7415881752967834, -4.590026378631592, -2.493154287338257, 1.8610939979553223, 4.692568778991699, 16.385480880737305, 2.3646388053894043, -0.3149842619895935, -0.05571207404136658, -0.024839019402861595, -0.1526525765657425, -0.016744177788496017, -0.07889344543218613, 0.029662642627954483, -0.12276431173086166, 0.08904703706502914, -0.04970705136656761, 0.026455804705619812, 0.04843662679195404, 0.012333461083471775, -0.048698071390390396, -0.1276054084300995, 0.11296919733285904, 0.025767885148525238, -0.07732876390218735, 0.1477944552898407, 0.08222299069166183, -0.08126495778560638, 0.09495005756616592, 0.012277132831513882, -0.1461157500743866, -0.13987955451011658, -0.05445172265172005, -0.026365390047430992, -0.05729195103049278, 0.1020810455083847, -0.02711697667837143, -0.06958714872598648, -0.0672159269452095, -0.035950902849435806, -0.029523437842726707, -0.00559930969029665, -0.004361344035714865, -0.024290582165122032, 0.04466699808835983, 0.06796299666166306, 1754.8748539572734, 0.011950312182307243, 3211.06201171875]",63,cat
4639,data/audio_cat-classification/NAYA_DATA_AUG1X/Fighting/Online_Cat0330Ang.mp3,cat,"[-183.98826599121094, 173.90328979492188, -116.71052551269531, 45.56123352050781, 5.829148292541504, -37.448951721191406, 17.328187942504883, -11.615870475769043, -12.214418411254883, 4.954146385192871, -1.6488124132156372, -1.6669822931289673, 10.449910163879395, 1.1490414142608643, -7.940743446350098, 4.287060737609863, -9.130447387695312, -2.441021680831909, 5.475915431976318, -13.652792930603027, -0.20175139605998993, -0.2831883728504181, 0.9316465854644775, -0.17002850770950317, -0.2775353491306305, 0.01460405346006155, -0.5617572665214539, -0.1088215634226799, 0.14029762148857117, -0.008851444348692894, -0.18686635792255402, 0.13066458702087402, -0.06008654832839966, -0.05701545625925064, 0.16206833720207214, -0.054798051714897156, -0.3575066924095154, -0.12898766994476318, 0.03018055483698845, 0.2609066665172577, -0.17672494053840637, -0.4926511347293854, 0.24444320797920227, -0.27724385261535645, 0.04662642627954483, 0.028794437646865845, 0.03369263559579849, 0.13131697475910187, 0.037154216319322586, -0.04545161873102188, 0.011954789981245995, -0.0038913930766284466, 0.088468998670578, 0.021122369915246964, -0.015126658603549004, -0.1566292941570282, 0.03403272479772568, 0.05077290162444115, -0.033050455152988434, 0.028359612450003624, 1971.2641203138528, 0.0011022982653230429, 3155.537109375]",63,cat
4031,data/audio_cat-classification/NAYA_DATA_AUG1X/HuntingMind/catchatter128_aug1(1).mp3,cat,"[-69.90805053710938, 86.58354949951172, 7.352892875671387, 15.632264137268066, 13.704573631286621, 7.563208103179932, 5.709049224853516, 6.6864166259765625, 3.546248197555542, 5.891891002655029, -2.0232627391815186, 4.731483459472656, -3.9594249725341797, 0.2556653916835785, -5.630585670471191, 2.3065035343170166, -0.9027665853500366, 3.389108419418335, -0.11970821768045425, 3.9726932048797607, 0.33994314074516296, -0.030118020251393318, -0.026070445775985718, 0.009649922139942646, 0.0433812253177166, -0.011850783601403236, -0.031158361583948135, 0.02910451404750347, -0.02258959412574768, -0.033585868775844574, -0.029210250824689865, -0.016575416550040245, -0.022767413407564163, 0.02798202633857727, 0.011226390488445759, -0.014269241131842136, -0.03144260495901108, 0.023983079940080643, -0.01571567729115486, -0.010115047916769981, -0.31899455189704895, 0.008279910311102867, 0.016042277216911316, 0.0034867695067077875, 0.006677455734461546, 0.010098900645971298, -0.02731703594326973, -0.03792441263794899, -0.015817508101463318, -0.009500917047262192, 0.0106215700507164, 0.02059139683842659, 0.0114043103531003, -0.027401117607951164, -0.013894591480493546, -0.0022589743603020906, 0.019451433792710304, -0.0017784432275220752, -0.014216063544154167, -0.021999334916472435, 2657.2335356584554, 0.059926837682724, 6517.249273255814]",63,cat
5153,data/audio_cat-classification/NAYA_DATA_AUG1X/MotherCall/Cat_pills0172.mp3,cat,"[-312.3755798339844, 53.66423797607422, 7.787501335144043, 10.964460372924805, 3.8736419677734375, 16.306344985961914, -3.411904811859131, 10.454689025878906, 9.136348724365234, -1.592054843902588, 5.645273685455322, -2.742202043533325, 16.037063598632812, 7.531659126281738, 0.976809561252594, 2.9400064945220947, 0.8359339237213135, -4.642284393310547, -1.1168636083602905, 6.796115398406982, 1.0937414169311523, -0.2871609628200531, -0.12416578829288483, 0.1087595671415329, 0.06934984773397446, 0.17928959429264069, 0.05357315391302109, 0.05587281659245491, -0.006558395456522703, -0.0543317086994648, -0.07501371204853058, -0.05488920956850052, -0.07275204360485077, -0.06461460888385773, 0.0046294149942696095, -0.01985299587249756, 0.03201746195554733, 0.02603444643318653, 0.04603125900030136, 0.012384931556880474, -0.35816502571105957, 0.11381275206804276, 0.04501727595925331, 0.051900506019592285, 0.007491777651011944, -0.05049581825733185, -0.0008236150024458766, -0.014829704537987709, 0.005785494577139616, 0.016010724008083344, 0.016123110428452492, 0.021438246592879295, 0.012281755916774273, 0.006655304227024317, 0.01211851928383112, 0.01275094784796238, 0.021807178854942322, 0.025023650377988815, -0.010051448829472065, 0.0011162078008055687, 3581.9218168857037, 0.05865529552102089, 6841.002395033171]",63,cat
3519,data/audio_cat-classification/NAYA_DATA_AUG1X/Angry/cat_flickr0163.mp3,cat,"[-139.22662353515625, 59.911598205566406, -15.87028980255127, -1.3228901624679565, -7.994872570037842, -9.897370338439941, 1.0578292608261108, 0.22387340664863586, 0.30976974964141846, 7.463407039642334, -10.918599128723145, 1.9997059106826782, -3.801361560821533, -6.09415340423584, 1.8588768243789673, -6.4590253829956055, -3.402294158935547, -5.407970428466797, -1.1755229234695435, 3.919508218765259, 0.7559572458267212, -0.06965017318725586, 0.006163944955915213, -0.05807529389858246, -0.08495575189590454, -0.07264441251754761, 0.04325079917907715, -0.039593324065208435, -0.0365208275616169, 0.005201510153710842, -0.1409839540719986, -0.08414408564567566, -0.012190863490104675, -0.10484118014574051, -0.0555049292743206, -0.0971614271402359, -0.004213722888380289, 0.06212133169174194, 0.15706925094127655, 0.0027290787547826767, -0.4874715209007263, 0.04281095415353775, 0.03315446898341179, -0.011035237461328506, 0.0039161210879683495, -0.011785710230469704, 0.021173978224396706, 0.007400497328490019, -0.011913010850548744, -0.015013552270829678, 0.004600351210683584, -0.009526518173515797, -0.02935469150543213, -0.0359317846596241, -0.007937544956803322, 0.04342580586671829, 0.01928553357720375, 0.003868012223392725, 0.02458071894943714, -0.026236090809106827, 3185.6079833262884, 0.09024755656719208, 6872.660836066989]",63,cat
1650,data/audio_cat-classification/NAYA_DATA_AUG1X/Happy/cat01108_aug1(1).mp3,cat,"[-185.97164916992188, 121.72323608398438, -32.321990966796875, 36.93608856201172, 10.381734848022461, 4.570108413696289, 1.8676353693008423, 8.515632629394531, -3.446620225906372, 1.5499154329299927, 1.54971444606781, 0.07610903680324554, -2.0003535747528076, -1.8005235195159912, -5.479214191436768, -0.23378731310367584, 1.7347294092178345, 2.095923900604248, 1.8317722082138062, 3.278353214263916, -1.4392848014831543, -0.5675835609436035, 0.10733843594789505, -0.09241031855344772, -0.06645157188177109, -0.01206917129456997, 0.0015358543023467064, -0.030220381915569305, 0.046697646379470825, -0.02335588075220585, -0.07769446074962616, -0.004341650754213333, 0.043338023126125336, 0.03114824928343296, 0.041358135640621185, -0.0015468517085537314, 0.031544387340545654, 0.06570228189229965, 0.017186205834150314, -0.02720964327454567, -0.23383861780166626, 0.004342266358435154, 0.037727613002061844, 0.01717284880578518, 0.0036317305639386177, 0.001478796824812889, 0.003443947760388255, -0.007156233303248882, -0.027574414387345314, 0.008695720694959164, 0.031443383544683456, -0.005597434472292662, -0.011756869964301586, -0.0004265278112143278, 0.008193052373826504, 0.01700175367295742, -0.001347930170595646, -0.014579963870346546, 0.007771792821586132, -0.00044342383625917137, 1530.065159489829, 0.08172513544559479, 2784.779222705696]",63,cat
325,data/audio_cat-classification/NAYA_DATA_AUG1X/Paining/LastEntry_cat1281Hlp_aug1(1).mp3,cat,"[-223.22328186035156, 57.01142501831055, -39.118064880371094, 16.588787078857422, -10.314117431640625, -3.2039852142333984, 1.294599175453186, -11.379084587097168, 0.2247965931892395, -12.823493003845215, -5.400577068328857, -8.409980773925781, -14.066045761108398, 5.306522369384766, 2.500828504562378, 4.390495300292969, -0.8581564426422119, -15.538256645202637, -6.870573043823242, 3.1138429641723633, 0.2504364252090454, 0.6244016885757446, 0.3375880718231201, -0.10946735739707947, -0.035540539771318436, -0.011283854022622108, -0.007502258289605379, -0.12379127740859985, -0.17731896042823792, -0.06259314715862274, -0.021317467093467712, 0.11681483685970306, -0.07615640759468079, -0.1749056726694107, -0.02899996004998684, -0.04157556593418121, 0.03165367990732193, -0.03379039466381073, -0.14577659964561462, -0.09184040129184723, -0.13135528564453125, -0.05792567878961563, -0.014786319807171822, 0.042806968092918396, 0.08644542098045349, -0.0011691697873175144, 0.01825845241546631, 0.039669860154390335, -0.0065233903005719185, 0.02060774154961109, 0.058710068464279175, -0.004681193735450506, -0.017941076308488846, 0.04285340756177902, 0.049760472029447556, 0.0033400908578187227, 0.05365481227636337, 0.06776633858680725, 0.006898463238030672, -0.02650955133140087, 2766.7154732709446, 0.04312944784760475, 5110.8440423467355]",63,cat
3014,data/audio_cat-classification/NAYA_DATA_AUG1X/Angry/YashLL_Cat0265Ang (2)_aug1(1).mp3,cat,"[-224.85089111328125, 134.11814880371094, -4.348206996917725, -11.464712142944336, -3.37375807762146, -2.958325147628784, -5.936491012573242, -8.299836158752441, -1.9740409851074219, 3.5049033164978027, -6.226722240447998, -5.568291664123535, -1.1763166189193726, 0.8658554553985596, -2.218705415725708, -2.8951528072357178, -7.622898578643799, -9.28129768371582, -5.993551254272461, -3.638234853744507, -0.08115043491125107, -0.022140352055430412, 0.039811693131923676, -0.03150864690542221, 0.07798560708761215, 0.06332673132419586, 0.03336970880627632, -0.039284706115722656, -0.08369254320859909, -0.09530504047870636, -0.021089952439069748, 0.04811447858810425, 0.011445064097642899, -0.0167444609105587, 0.025071285665035248, 0.05430416017770767, -0.018472876399755478, -0.026895515620708466, -0.01066442672163248, 0.01030814927071333, -0.16370755434036255, 0.017147256061434746, 0.0029976549558341503, -0.038552261888980865, 0.01935446821153164, 0.034153930842876434, 0.03909923508763313, 0.03343850374221802, 0.001278171082958579, -0.0322926864027977, -0.009055042639374733, 0.015936756506562233, 0.004645700566470623, 0.010583510622382164, -0.02754174917936325, -0.020821236073970795, 0.008526538498699665, 0.030587051063776016, 0.03182799369096756, -0.015142612159252167, 1495.4170370727738, 0.004869402851909399, 2343.913816495706]",63,cat
1773,data/audio_cat-classification/NAYA_DATA_AUG1X/Mating/cat_youtube64390.mp3,cat,"[-304.8193664550781, 74.01468658447266, 39.537654876708984, 6.57633113861084, 9.651698112487793, 1.7863236665725708, 1.2263367176055908, 1.0572627782821655, -4.427375316619873, -0.38655778765678406, -5.5230326652526855, -1.5823417901992798, -6.584811687469482, -0.6533141136169434, -0.8754341006278992, 5.038330554962158, 4.764848709106445, 1.1136038303375244, 0.2853016257286072, -2.7316324710845947, 0.66280597448349, 0.14334040880203247, 0.06084788963198662, -0.08097724616527557, -0.11649031937122345, -0.022378040477633476, -0.0002974037197418511, -0.015304956585168839, -0.03060619719326496, -0.012998472899198532, 0.040710434317588806, -0.02639325149357319, -0.08560435473918915, -0.10356277227401733, -0.055982235819101334, 0.00963886734098196, 0.00010259039117954671, 0.007298784796148539, 0.025859463959932327, 0.03238619118928909, -0.5588557720184326, 0.07031930983066559, 0.01452541071921587, -0.020934419706463814, -0.04093591868877411, -0.0635804608464241, 0.016116557642817497, 0.03709022328257561, 0.03672165796160698, -0.01390878390520811, -0.04040857404470444, 0.006304455455392599, 0.010361377149820328, -0.005814203526824713, 0.013853965327143669, 0.005781573709100485, -0.03304380923509598, -0.0008274098508991301, 0.007475303020328283, -0.015736566856503487, 3299.9390525892363, 0.06489293277263641, 8107.420529343011]",63,cat
2002,data/audio_cat-classification/NAYA_DATA_AUG1X/Mating/LastEntry_cat1075Mat_aug1(1).mp3,cat,"[-277.12823486328125, 79.32882690429688, 30.48066520690918, 2.131819486618042, -7.751176834106445, -4.4424214363098145, -8.278486251831055, -9.929908752441406, -4.882297039031982, -3.226289987564087, -4.819247722625732, -2.153101921081543, -1.6963770389556885, 2.8508918285369873, 9.2610445022583, 9.914653778076172, 8.180953979492188, 2.7325305938720703, -0.009982634335756302, 1.0416942834854126, 2.592078685760498, 0.62068110704422, 0.26162290573120117, 0.1562492400407791, -0.15500052273273468, -0.1269516944885254, -0.0993899255990982, -0.10895935446023941, -0.05897476524114609, -0.07948971539735794, -0.042156632989645004, 0.01834748685359955, -0.039458077400922775, -0.05875946208834648, 0.02158796787261963, 0.08599613606929779, 0.12105852365493774, 0.26025527715682983, 0.20703083276748657, 0.026808900758624077, 0.07216598838567734, -0.07642275840044022, -0.06440366804599762, 0.04693296179175377, 0.013688240200281143, -0.003639855422079563, 0.01529422402381897, 0.022918004542589188, 6.353368462441722e-06, -0.008857708424329758, 0.013708922080695629, 0.021471980959177017, 0.03594039008021355, 0.011471536010503769, 0.00876209419220686, 0.01601514033973217, -0.009758463129401207, -0.03159154951572418, -0.0283687524497509, -0.030669663101434708, 1895.577730833359, 0.20184971392154694, 3820.166015625]",63,cat
3217,data/audio_cat-classification/NAYA_DATA_AUG1X/Angry/car_extcoll0155_aug1(1).mp3,cat,"[-250.25233459472656, 47.76176452636719, -5.2860002517700195, 16.933462142944336, -0.5319643616676331, -5.235276222229004, 5.414626598358154, 7.4026360511779785, 7.20771598815918, -1.3766628503799438, -0.5431707501411438, -3.994098663330078, -4.44773006439209, 5.982371807098389, 10.693033218383789, 20.2706241607666, 15.501557350158691, 2.1854074001312256, -2.0526673793792725, -4.5074357986450195, -0.8405511379241943, -0.541006326675415, 0.16903941333293915, 0.13069570064544678, 0.12422329187393188, 0.06120720133185387, -0.04514533281326294, -0.16509707272052765, -0.17647548019886017, 0.006426571402698755, 0.08240240067243576, 0.06919734179973602, 0.026218775659799576, -0.13417764008045197, -0.06159422919154167, -0.04078695923089981, -0.07485949248075485, 0.022017281502485275, 0.05983937159180641, 0.07285816967487335, -0.12111083418130875, 0.05899853631854057, -0.010192588903009892, -0.10927403718233109, -0.03154708817601204, -0.06800581514835358, -0.0064935204572975636, 0.034281861037015915, -0.010617149993777275, 0.014614737592637539, 0.008328389376401901, 0.01316839549690485, 0.013683116063475609, -0.040998514741659164, -0.046688519418239594, -0.0579594150185585, -0.02282319962978363, -0.01335994154214859, -0.009859678335487843, 0.005409879609942436, 3002.5211291355963, 0.05057663470506668, 6252.018999630178]",63,cat
5717,data/audio_cat-classification/NAYA_DATA_AUG1X/Resting/cat_flickr01396_aug1(1).mp3,cat,"[-185.43539428710938, 81.00223541259766, 39.47563552856445, 13.18044662475586, 7.36141300201416, 9.98938274383545, -1.8601317405700684, 11.630962371826172, -2.430370569229126, 1.3674906492233276, -6.861891746520996, -4.385319232940674, -2.7686989307403564, -7.225388050079346, 1.5640851259231567, -2.836109161376953, 1.4789193868637085, -3.306001663208008, -3.836172342300415, -2.173041582107544, 0.6307581067085266, 0.19831937551498413, 0.05024844780564308, -0.029939614236354828, -0.1726164072751999, -0.07219874113798141, -0.00032058515353128314, 0.08558906614780426, 0.07527311891317368, -0.05848006531596184, -0.08275071531534195, -0.05868183448910713, -0.06100042909383774, -0.08067412674427032, -0.015700507909059525, -0.002702261321246624, 0.03201935812830925, -0.020375199615955353, -0.019076596945524216, -0.040020883083343506, -0.35532042384147644, -0.004221480805426836, 0.003297135466709733, 0.001856628223322332, 0.020237764343619347, 0.0037154939491301775, -0.01307010930031538, -0.026492802426218987, -0.003593126777559519, 0.011669166386127472, -0.0011729971738532186, -0.002317864913493395, 0.0037869527004659176, 0.0049669030122458935, 0.00468223262578249, 0.020101314410567284, -0.013135898858308792, -0.0024102372117340565, 0.010675637051463127, -0.005541365128010511, 2965.3212705713045, 0.05567002296447754, 7100.072451448634]",63,cat
2517,data/audio_cat-classification/NAYA_DATA_AUG1X/Warning/LastEntry_cat1318Grl.mp3,cat,"[-121.1744384765625, 95.78718566894531, -58.9184455871582, 25.237510681152344, -50.711971282958984, 4.381246566772461, -11.276904106140137, 12.35128402709961, -9.669756889343262, 15.45627212524414, -20.24965476989746, 3.8825440406799316, -17.180795669555664, -4.600213527679443, -14.496957778930664, -0.030816903337836266, -2.0500776767730713, 5.832430839538574, 0.7275607585906982, 9.576061248779297, 0.45709022879600525, -0.7552785277366638, 0.25476112961769104, 0.9402185678482056, -0.24448062479496002, -0.16477245092391968, -0.23556765913963318, 0.3298489451408386, 0.1961146742105484, -0.34642159938812256, -0.19298896193504333, 0.396253377199173, 0.12586697936058044, -0.04361594840884209, -0.0792592316865921, 0.12840920686721802, 0.26190462708473206, 0.20991946756839752, -0.29441767930984497, -0.025067780166864395, -0.8886899352073669, -0.053314197808504105, 0.10356638580560684, -0.14965055882930756, 0.15053914487361908, -0.2167941927909851, 0.18618859350681305, 0.009983113966882229, 0.09664510935544968, -0.1388138383626938, 0.027813579887151718, -0.08494122326374054, 0.060580525547266006, -0.029179943725466728, 0.13631968200206757, -0.0464792437851429, 0.061133306473493576, 0.021560391411185265, 0.013416031375527382, -0.03392151743173599, 2309.375218004003, 0.007749960292130709, 3763.6547191722975]",63,cat
63,data/audio_cat-classification/NAYA_DATA_AUG1X/Paining/Cat_YoutubeLLT42388.mp3,cat,"[-237.27842712402344, 46.900020599365234, -45.92285919189453, -18.836578369140625, -12.510100364685059, -10.04584789276123, -10.539788246154785, -13.381966590881348, -15.190382957458496, -13.592517852783203, -14.949382781982422, -11.805776596069336, -6.805479049682617, 1.7263776063919067, -0.5026344656944275, -4.710663795471191, -13.05494499206543, -7.9637908935546875, 1.3768960237503052, 4.068460941314697, -1.0958555936813354, -0.15353518724441528, 0.24165382981300354, 0.30587679147720337, -0.14818282425403595, -0.28196752071380615, -0.2216341644525528, -0.11645938456058502, -0.2049453854560852, -0.17197850346565247, 0.013558144681155682, 0.17370325326919556, 0.11993030458688736, 0.07804837822914124, -0.07451282441616058, -0.08719757199287415, 0.19130121171474457, 0.24772192537784576, 0.023915914818644524, -0.17127981781959534, 0.3540442883968353, 0.3127519190311432, 0.10513489693403244, 0.15524157881736755, 0.04709166660904884, -0.056386902928352356, -0.016656577587127686, 0.12353996187448502, 0.11208724975585938, 0.13517655432224274, 0.14678256213665009, 0.12550710141658783, -0.03862757980823517, 0.11442659795284271, 0.031719647347927094, 0.07295525819063187, 0.09580758959054947, 0.00817522406578064, 0.08348863571882248, 0.03910958394408226, 2901.8742544151182, 0.060571733862161636, 5775.76411320613]",63,cat
4183,data/audio_cat-classification/NAYA_DATA_AUG1X/Fighting/Last_addCat273Fit_aug1(1).mp3,cat,"[-209.75144958496094, 43.881221771240234, -23.183507919311523, 16.511857986450195, 12.558035850524902, 8.65880298614502, -1.9992340803146362, 10.161579132080078, 2.822283983230591, 2.90995454788208, 5.9809746742248535, 4.586452960968018, 3.0824990272521973, 3.083759307861328, 4.474945545196533, 5.82127571105957, 2.5704100131988525, 3.744272232055664, -1.156723141670227, 0.9994164705276489, -1.7570619583129883, -0.11459461599588394, 0.7223345637321472, 0.2704397439956665, -0.05807626247406006, -0.07033506780862808, 0.12016697227954865, -0.03840429335832596, 0.02999667450785637, -0.025284629315137863, -0.13851305842399597, 0.09129085391759872, -0.02245470881462097, -0.05402945354580879, 0.04309114068746567, -0.045088719576597214, -0.08479562401771545, -0.1681944727897644, -0.023253431543707848, -0.014507711865007877, -0.133070170879364, 0.018030758947134018, 0.05150511860847473, 0.022955600172281265, 0.03280653804540634, 0.032965533435344696, 0.03910864517092705, 0.0016563307726755738, 0.0038652641233056784, 0.02211136184632778, -0.024011394008994102, -0.0349481999874115, 0.008594844490289688, -0.019092634320259094, 0.04865117371082306, 0.0430896021425724, 0.027618762105703354, -0.010140885598957539, 0.005257498472929001, -0.030229462310671806, 2885.776401904245, 0.04533417522907257, 5929.567065681379]",63,cat
2067,data/audio_cat-classification/NAYA_DATA_AUG1X/Mating/LastEntry_cat1399Mt_aug1(1).mp3,cat,"[-194.0892791748047, 71.30059051513672, -21.506229400634766, 5.864496231079102, 6.153684616088867, -10.233370780944824, -5.8869853019714355, 1.8565653562545776, -0.4046150743961334, -2.99350643157959, -9.328141212463379, -5.181527137756348, -0.6404053568840027, -9.240822792053223, -4.204436779022217, -0.777975857257843, -4.570834636688232, -8.915433883666992, -5.732895851135254, -1.7200905084609985, 1.7093613147735596, 0.4210863411426544, 0.22549748420715332, 0.06210766360163689, 0.11266973614692688, 0.07541165500879288, 0.020828669890761375, 0.060371022671461105, 0.0476183257997036, 0.04227123782038689, 0.01122418511658907, -0.002989867003634572, 0.047902416437864304, -0.003526588436216116, -0.019886260852217674, -0.0014150928473100066, 0.004823524970561266, 0.022674817591905594, -0.0064377449452877045, 0.025704603642225266, -0.050950683653354645, 0.016262972727417946, -0.02058631367981434, -0.0429215207695961, -0.007297599222511053, -0.03730179741978645, -0.023183360695838928, 0.0022877512965351343, 0.011243145912885666, -0.018721386790275574, -0.03273054212331772, -0.01967685855925083, 0.008806384168565273, 0.012475098483264446, -0.007254780735820532, 0.018892114982008934, 0.025076162070035934, 0.013341308571398258, 0.0089129488915205, -0.014451355673372746, 2748.7785722711747, 0.06650592386722565, 5253.461386190878]",63,cat
4402,data/audio_cat-classification/NAYA_DATA_AUG1X/Fighting/YashLL_Cat0239Fit.mp3,cat,"[-58.26177215576172, 50.647647857666016, -102.88096618652344, 28.58767318725586, 4.687397480010986, 22.783939361572266, -19.297269821166992, 21.930927276611328, -7.407526016235352, 9.331167221069336, -2.6733949184417725, 4.261756420135498, 3.5028882026672363, -2.799825429916382, -2.4775238037109375, 0.4425542652606964, 1.9770164489746094, 1.7795430421829224, 3.3724896907806396, -3.4562673568725586, 1.5651309490203857, -0.44240155816078186, -0.05152067914605141, 0.44790396094322205, 0.09827001392841339, -0.047120921313762665, 0.0011667287908494473, -0.15298305451869965, 0.018727848306298256, 0.09264262020587921, -0.23043149709701538, -0.10166993737220764, 0.0868985652923584, -0.021590305492281914, 0.007432263810187578, -0.13995221257209778, 0.07849635183811188, 0.0021779765374958515, 0.043740008026361465, 0.07660859078168869, -0.7765434980392456, -0.18811145424842834, 0.25005242228507996, 0.06860026717185974, -0.09113946557044983, -0.16750407218933105, 0.14499634504318237, 0.08699982613325119, 0.08525041490793228, -0.005333906039595604, -0.03545885905623436, 0.046971678733825684, 0.0836581364274025, -0.04455304518342018, -0.06860720366239548, -0.08174680173397064, -0.03462705761194229, 0.0398070365190506, -0.058088380843400955, 0.01380804181098938, 2662.130522771394, 0.013181652873754501, 4261.917818509615]",63,cat
5129,data/audio_cat-classification/NAYA_DATA_AUG1X/MotherCall/Last_addCat129Pil.mp3,cat,"[-364.79412841796875, 60.865318298339844, -2.197234869003296, 3.6292474269866943, 6.775228500366211, 6.705819606781006, 6.151523113250732, 5.470898151397705, -3.4160733222961426, -3.2516777515411377, -1.004875898361206, -2.0615885257720947, -2.0318539142608643, -3.0955965518951416, -4.288904190063477, -3.3829808235168457, 2.6417860984802246, -0.6578159928321838, -2.2848644256591797, 1.425301432609558, 0.27175572514533997, 0.0498848482966423, -0.03453035280108452, -0.0017304100329056382, -0.017610792070627213, 0.05017577111721039, 0.07756254822015762, 0.03671599552035332, 0.007823058404028416, -0.019994597882032394, 0.05174919590353966, 0.10497651249170303, 0.05286601558327675, 0.025642430409789085, -0.030466152355074883, -0.03618790954351425, -0.008589142933487892, -0.016384730115532875, 0.00723890820518136, 0.01480991393327713, -0.2950594425201416, -0.019108908250927925, 0.013572879135608673, 0.00019310502102598548, 0.0165791604667902, -0.009933529421687126, -0.010864566080272198, 0.005391058977693319, 0.007408792618662119, 0.028784336522221565, -0.0031552023719996214, 0.0009338415111415088, 0.0225933026522398, 0.010462997481226921, -0.001827139756642282, 0.0181464534252882, 0.012780276127159595, 0.006231420207768679, 0.005912435241043568, -0.007293628994375467, 3245.016410108002, 0.0946345254778862, 6905.59871897978]",63,cat
1992,data/audio_cat-classification/NAYA_DATA_AUG1X/Mating/cat03557.mp3,cat,"[-478.9968566894531, 113.07561492919922, 31.958574295043945, 24.418426513671875, 18.078126907348633, 5.127640247344971, -0.5746633410453796, 2.6682159900665283, 4.992788314819336, -1.1081550121307373, -1.1698143482208252, 4.1036481857299805, 4.265308856964111, 3.368744134902954, 0.8441815972328186, -4.063277244567871, -5.706387519836426, -5.3925299644470215, -5.062092304229736, -3.245845079421997, 0.07174769788980484, 0.07585546374320984, 0.15793560445308685, -0.07168374955654144, 0.0004925321554765105, 0.06455536186695099, 0.021029647439718246, -0.019655004143714905, 0.004210293758660555, -0.007077590562403202, -0.004849289543926716, -0.012903272174298763, -0.040462471544742584, 0.007933790795505047, 0.0014339012559503317, 0.001916945562697947, 0.03897625207901001, 0.030792949721217155, 0.007174570579081774, -0.03293308988213539, -0.2536931037902832, 0.007175568025559187, 0.006254526320844889, -0.06418071687221527, -0.04021110013127327, 0.0022460452746599913, 0.002244640840217471, -0.02563559077680111, -0.010870758444070816, -0.002247481606900692, -0.01553820725530386, 0.00890944991260767, -0.0015208021504804492, -0.007037127856165171, -0.00814743060618639, -3.248835855629295e-05, 0.013120870105922222, 0.0024767534341663122, -0.022323423996567726, -0.005485856905579567, 1636.4255750445861, 0.005846606567502022, 3970.7522890983373]",63,cat
3443,data/audio_cat-classification/NAYA_DATA_AUG1X/Angry/YashLL_Cat0295Ang_aug1(1).mp3,cat,"[-308.1534423828125, 116.62487030029297, 4.84786319732666, -16.869728088378906, -11.455516815185547, -4.196484088897705, -6.595981121063232, -0.9851043224334717, 2.1644351482391357, 0.8023728132247925, -6.773543357849121, -1.0924855470657349, -0.7018197178840637, -5.495991230010986, -10.36470890045166, -7.234433174133301, -3.6351377964019775, 6.290685653686523, 6.704522132873535, 7.681981086730957, 1.4267503023147583, 0.5642148852348328, 0.03338586166501045, -0.100169338285923, -0.1253526508808136, -0.030895035713911057, -0.03347459435462952, 0.012485598213970661, 0.01651485450565815, 0.015168150886893272, -0.03908604383468628, -0.014827797189354897, -0.011258051730692387, -0.043800756335258484, -0.08451426029205322, -0.044760093092918396, -0.018765537068247795, -0.006040680687874556, -0.03972073271870613, -0.07072258740663528, -0.2723342180252075, -0.06989442557096481, 0.1202412024140358, 0.08371638506650925, 0.02460765838623047, -0.01838274672627449, -0.017736637964844704, -0.019748251885175705, -0.03612056374549866, 0.008496185764670372, 0.059998296201229095, 0.03653425723314285, 0.0012643566587939858, 0.017967920750379562, 0.02865435555577278, 0.0004932169686071575, -0.020326729863882065, 0.005110183730721474, 0.04440418630838394, 0.007567309308797121, 1651.904102782468, 0.05190311372280121, 2762.3579758864184]",63,cat
5044,data/audio_cat-classification/NAYA_DATA_AUG1X/MotherCall/Cat_YoutubeLLT42333_aug1(1).mp3,cat,"[-230.46156311035156, 17.077484130859375, 2.8285388946533203, -4.410562992095947, 9.69759464263916, 6.813589096069336, 3.3504672050476074, -7.818910121917725, -13.058868408203125, -1.1433206796646118, 1.7645245790481567, -5.019343376159668, -6.238587856292725, -3.7424817085266113, -4.657535076141357, -0.7416638135910034, -1.976601481437683, -3.7054989337921143, 0.5411563515663147, 0.040039367973804474, -0.333671897649765, -0.07381631433963776, 0.018502116203308105, 0.02402682974934578, 0.008934457786381245, 0.0012148102978244424, -0.013419438153505325, -0.030330924317240715, -0.04835478961467743, -0.011244503781199455, 0.025365445762872696, 0.0408676378428936, 0.059167440980672836, 0.05079277977347374, 0.054693084210157394, -0.01115685049444437, -0.056217193603515625, -0.059868067502975464, -0.02027297578752041, 0.017123492434620857, -0.5008208155632019, -0.048352740705013275, 0.029556915163993835, 0.022247646003961563, 0.016161372885107994, 0.015871724113821983, 0.009347694925963879, 0.01827608048915863, 0.005670061334967613, -0.004555275663733482, 0.005918132606893778, 0.016793260350823402, 0.00011399432696634904, -0.014305150136351585, 0.005497946869581938, 0.022787993773818016, 0.0566236637532711, 0.034326955676078796, 0.001344142248854041, 0.026286035776138306, 4643.6783832852725, 0.1843571811914444, 9009.020813899253]",63,cat
1161,data/audio_cat-classification/NAYA_DATA_AUG1X/Defence/Edit9073Hiss.mp3,cat,"[-170.90232849121094, 89.02243041992188, -16.12535285949707, 8.417262077331543, -11.505860328674316, -32.12012481689453, -17.326303482055664, -7.1269001960754395, -8.982699394226074, 1.3855944871902466, -15.791060447692871, -4.7989702224731445, -16.624462127685547, -9.55220890045166, 1.462388515472412, -6.9047112464904785, -0.7373276948928833, -3.2065248489379883, -1.916680932044983, -2.903418779373169, 6.761223793029785, 0.8944393396377563, -0.1352314054965973, 0.17959532141685486, 0.3472851812839508, 0.5968536734580994, 0.37627843022346497, -0.1357819139957428, 0.15287235379219055, 0.6050336360931396, -0.19086110591888428, 0.3473850190639496, -0.059030838310718536, 0.18757571280002594, 0.18405039608478546, 0.19157123565673828, 0.3438206911087036, -0.10322442650794983, 0.3453368842601776, -0.012575928121805191, -7.160129547119141, -1.468202829360962, 0.5156617164611816, 0.008069263771176338, 0.08900126069784164, 0.4728604257106781, 0.1747724711894989, -0.2258840650320053, 0.22334350645542145, 0.12666255235671997, 0.26500204205513, 0.29321977496147156, 0.22462819516658783, 0.13112232089042664, 0.04555749520659447, 0.17309777438640594, -0.005168586038053036, 0.004444037564098835, -0.07103957235813141, 0.03392855077981949, 2449.781333369191, 0.04278905317187309, 4991.188098538307]",63,cat
2431,data/audio_cat-classification/NAYA_DATA_AUG1X/Warning/LastEntry_cat1308Grl_aug1(1).mp3,cat,"[-202.97669982910156, 144.58494567871094, -16.792741775512695, 10.963810920715332, -44.6702880859375, -2.7766172885894775, -12.558032989501953, -2.906339406967163, -20.899288177490234, 0.4949285089969635, -16.572538375854492, -0.6638034582138062, -0.4941459894180298, -5.67993688583374, 1.4422625303268433, -0.3178330361843109, -5.914040565490723, -3.258190155029297, 1.6071330308914185, -5.074098110198975, 2.228170156478882, 0.779904305934906, 0.024901339784264565, 0.04401577264070511, -0.3644038736820221, -0.1874488890171051, 0.01790650561451912, -0.1405317187309265, -0.17614169418811798, 0.0768212229013443, -0.0702117457985878, -0.041303884238004684, 0.06492089480161667, -0.04319392517209053, 0.00648482283577323, 0.031013982370495796, -0.056121136993169785, -0.05891209468245506, -0.061640918254852295, 0.004355181008577347, -0.34300482273101807, -0.20592451095581055, 0.09213393181562424, -0.004932696931064129, 0.21185573935508728, 0.0412716381251812, 0.0739399716258049, -0.03626056760549545, 0.05662087723612785, -0.030580509454011917, 0.0491255484521389, 0.007517377845942974, 0.02415388636291027, -0.001745171146467328, -0.020908178761601448, -0.033676475286483765, 0.034151554107666016, 0.04485185071825981, -0.029928065836429596, -0.007534516043961048, 1295.6094658032082, 0.0027760693337768316, 2379.7808478860293]",63,cat
1033,data/audio_cat-classification/NAYA_DATA_AUG1X/Defence/Cat_Hiss1073.mp3,cat,"[-421.1891174316406, 128.0322723388672, -59.607818603515625, 41.235206604003906, -41.635257720947266, 35.175804138183594, -34.57670593261719, 16.158464431762695, -12.856147766113281, 2.751911163330078, 1.6704967021942139, -5.666872978210449, 9.283427238464355, -10.267559051513672, 10.864996910095215, -6.232608795166016, 10.556056022644043, -3.4046711921691895, 4.771900653839111, -4.050627708435059, 2.5335826873779297, 0.4831888675689697, -0.41419339179992676, 0.3011928200721741, 0.10768324881792068, 0.16182269155979156, -0.3795335292816162, -0.16848860681056976, -0.0718347504734993, 0.6735869646072388, 0.1757747381925583, -0.2692367732524872, 0.022246161475777626, 0.2878876328468323, 0.03025156632065773, -0.29263681173324585, 0.030476367101073265, -0.0804181769490242, 0.14965538680553436, 0.05014188215136528, -0.6218587160110474, -0.10941879451274872, -0.041996218264102936, -0.1688293069601059, 0.0466647706925869, -0.18222108483314514, 0.0920950397849083, 0.02563636004924774, -0.013304398395121098, -0.055821798741817474, 0.17661543190479279, 0.074907585978508, -0.18679586052894592, 0.10100245475769043, 0.16323144733905792, 0.18369068205356598, -0.01598341390490532, -0.13456986844539642, -0.19471633434295654, 0.07684266567230225, 2288.4156607874966, 0.008625423535704613, 4911.47030101103]",63,cat
4410,data/audio_cat-classification/NAYA_DATA_AUG1X/Fighting/car_extcoll0299.mp3,cat,"[-241.90496826171875, 96.53540802001953, -138.78309631347656, 51.43717575073242, -23.100547790527344, -6.394928932189941, 5.270719051361084, 7.908872604370117, 0.161185622215271, 0.6563775539398193, -5.521538734436035, -11.411958694458008, -2.105116128921509, -6.169482231140137, 5.0055036544799805, 9.536880493164062, 2.8881659507751465, 1.3962910175323486, 1.3552662134170532, -3.389029026031494, 0.011105701327323914, 0.07821600884199142, -0.3445291221141815, -0.04728125035762787, 0.009937341324985027, 0.2517719268798828, -0.0520942248404026, -0.026803497225046158, -0.031369347125291824, -0.17537254095077515, -0.0032124179415404797, -0.15511618554592133, -0.05849958211183548, -0.005323546472936869, 0.14549951255321503, 0.0016208036104217172, 0.14689341187477112, -0.0691152811050415, -0.18230761587619781, -0.1135382428765297, -0.16287405788898468, -0.3836483061313629, 0.34280410408973694, -0.03976859524846077, 0.21600750088691711, -0.15583571791648865, 0.013067003339529037, 0.023998117074370384, 0.0012678930070251226, 0.06655896455049515, 0.025586210191249847, 0.06653039902448654, -0.07967394590377808, -0.02965296246111393, -0.04957881569862366, 0.043595731258392334, 0.0425027497112751, 0.12380384653806686, -0.00662319315597415, -0.039308737963438034, 2414.6951639006147, 0.0038251548539847136, 3497.76123046875]",63,cat
3586,data/audio_cat-classification/NAYA_DATA_AUG1X/HuntingMind/Last_addCat212Chat_aug1(1).mp3,cat,"[-148.62222290039062, 81.32845306396484, 17.38060188293457, 37.244564056396484, 31.046525955200195, 13.679838180541992, 8.892258644104004, 8.198954582214355, 5.395264625549316, 0.020600100979208946, -5.322122573852539, -5.788251876831055, -3.387660026550293, -8.728638648986816, -10.876500129699707, -9.858036994934082, -12.136295318603516, -8.369640350341797, -9.520051956176758, -3.5326216220855713, -0.9924642443656921, -0.5050249099731445, -0.17726418375968933, -0.16063182055950165, -0.13593459129333496, -0.05760864168405533, -0.08007340878248215, -0.051157478243112564, 0.015767253935337067, 0.012402081862092018, 0.04184921458363533, 0.021108802407979965, 0.0046349260956048965, 0.04199038818478584, 0.07546240836381912, 0.04314403608441353, 0.032109882682561874, 0.048227597028017044, 0.05584768205881119, -0.007177233230322599, -0.3835376501083374, 0.018506623804569244, -0.024152863770723343, -0.03219650313258171, -0.05422527715563774, -0.027186168357729912, 0.007562629878520966, -0.002387390471994877, -0.020167382434010506, -0.0036741711664944887, 0.03213852643966675, 0.045938890427351, 0.012028397060930729, -0.020898964256048203, 0.004145053680986166, 0.01924801431596279, 0.0437917597591877, 0.027017103508114815, -0.00015779383829794824, 0.014476906508207321, 2060.440108353597, 0.02385038509964943, 4697.178557981928]",63,cat
5502,data/audio_cat-classification/NAYA_DATA_AUG1X/Resting/cat_flickr01398_aug1(1).mp3,cat,"[-200.844970703125, 73.30069732666016, 39.29209518432617, 8.544238090515137, 6.787988185882568, 3.31192684173584, 4.816972732543945, 9.925741195678711, -0.20278817415237427, -1.2658700942993164, -6.580077648162842, -1.0159296989440918, -5.05698823928833, -1.3325248956680298, 0.03572847694158554, -3.7943711280822754, -1.7913892269134521, -4.961066722869873, -0.9212966561317444, -2.0619826316833496, -0.8709051012992859, -0.20923671126365662, -0.09566433727741241, -0.03173830360174179, -0.05211275815963745, 0.008355177007615566, 0.011771720834076405, -0.02290950156748295, 0.02042420208454132, 0.027146054431796074, 0.02092907205224037, 0.01586967147886753, 0.021073514595627785, -0.003318269271403551, -0.015531309880316257, 0.0012202119687572122, -0.008980371989309788, 0.019205091521143913, 0.009384273551404476, 0.008179637603461742, -0.21760347485542297, -0.008981986902654171, -0.0028416505083441734, -0.006164181046187878, 0.012067395262420177, 0.020490869879722595, 0.0071143596433103085, 0.0071300482377409935, -0.001985222101211548, -0.009283456020057201, -0.0022271869238466024, -0.003769375616684556, -0.006066571921110153, -0.012384407222270966, 0.010172477923333645, -0.0028277775272727013, 0.00362722622230649, 0.0022308696061372757, -0.012054615654051304, -0.001739446772262454, 3258.5717608985747, 0.07843432575464249, 7633.166537350171]",63,cat
5374,data/audio_cat-classification/NAYA_DATA_AUG1X/Resting/catpurring254.mp3,cat,"[-279.4261474609375, 107.16438293457031, 2.2452259063720703, 30.98818016052246, -16.692392349243164, 14.479942321777344, -13.020349502563477, -0.7418377995491028, 8.945259094238281, -6.050766468048096, -5.13608455657959, -13.01529598236084, -5.012988567352295, 1.6434115171432495, 3.9484493732452393, 3.7843739986419678, -6.1432929039001465, 4.596229553222656, -0.4880064129829407, -1.733500599861145, 0.6818894147872925, 0.19932344555854797, -0.07486949861049652, 0.04773823544383049, 0.030403485521674156, 0.07898787409067154, -0.05311814695596695, -0.06852936744689941, 0.0335957407951355, 0.08415528386831284, -0.0238701943308115, -0.014056478627026081, -0.0412910096347332, -0.0977739617228508, -0.047784123569726944, -0.06131719797849655, -0.026535918936133385, -0.08601239323616028, -0.10145311802625656, -0.06437251716852188, -0.5094550251960754, -0.011995273642241955, 0.04465590417385101, -0.017768850550055504, 0.09936539083719254, -0.039689965546131134, 0.025036554783582687, 0.011193644255399704, -0.01420948002487421, 0.04438535124063492, 0.039495065808296204, 0.04146746173501015, 0.018258322030305862, 0.01909342035651207, -0.003091638209298253, 0.01536475494503975, -2.1225250748102553e-05, -0.005517484154552221, 0.008995967917144299, 0.003609955310821533, 2058.4092259244326, 0.017828254029154778, 4830.547519899764]",63,cat
1509,data/audio_cat-classification/NAYA_DATA_AUG1X/Happy/cat_flickr0188 (2)_aug1(1).mp3,cat,"[-169.938720703125, 52.34072494506836, -30.11098289489746, 3.797714948654175, -7.468499183654785, 29.94556427001953, -15.35330867767334, 15.378938674926758, -3.400451183319092, -13.087928771972656, -1.4145334959030151, 6.126412868499756, 8.05261516571045, 8.599294662475586, 8.137121200561523, 2.7437708377838135, -4.816675662994385, 2.939706802368164, -0.8568693399429321, -3.506209373474121, -0.4620482623577118, 0.06970226019620895, 0.272795170545578, 0.3890535831451416, -0.0820559710264206, -0.2692466974258423, -0.12504617869853973, -0.15540044009685516, 0.03524366766214371, -0.02550652250647545, -0.2036050260066986, 0.05932389199733734, 0.03004423901438713, 0.06599800288677216, 0.15277805924415588, 0.1183665543794632, 0.06528116762638092, 0.02301574870944023, -0.14554938673973083, -0.14333763718605042, -0.8533951640129089, 0.13788285851478577, -0.036131057888269424, -0.1388542503118515, -0.03623497858643532, 0.022953690961003304, 0.07071156054735184, 0.0012317493092268705, 0.030479570850729942, 0.01340408343821764, 0.05442947894334793, -0.04653390869498253, -0.01961297169327736, -0.03846896067261696, -0.01654091104865074, 0.017619946971535683, 0.00732898386195302, -0.07545331120491028, -0.023750539869070053, 0.05405773967504501, 2765.9388538602616, 0.025667184963822365, 5622.162471543874]",63,cat
3253,data/audio_cat-classification/NAYA_DATA_AUG1X/Angry/Cat_Angry1048_aug1(1).mp3,cat,"[-244.98475646972656, 108.77032470703125, -31.09300422668457, -23.320518493652344, -2.9422621726989746, 3.3169944286346436, -9.461414337158203, -9.315524101257324, -2.771430730819702, 1.138834834098816, -9.794525146484375, -6.539944648742676, -0.9555690884590149, -8.070108413696289, -2.3579611778259277, -3.34672212600708, -1.6901023387908936, -0.7281060814857483, 2.8779067993164062, 6.2107367515563965, 0.5398455262184143, -0.4530703127384186, 1.3149220943450928, 0.364777147769928, -0.2752395570278168, 0.22542254626750946, 0.3508225679397583, -0.4951373338699341, -0.44758132100105286, 0.020078394562005997, -0.3893693685531616, -0.23099511861801147, 0.1799243837594986, 0.22215597331523895, -0.27121829986572266, -0.06708403676748276, -0.010497595183551311, -0.12524069845676422, 0.14356167614459991, 0.07695838809013367, -1.7964646816253662, 0.5006883144378662, 0.011319258250296116, 0.030617551878094673, 0.16370338201522827, -0.11918417364358902, -0.024935288354754448, -0.046046409755945206, 0.004209002945572138, 0.03893622010946274, -0.0385405570268631, 0.006765046622604132, -0.038220178335905075, -0.03359973430633545, 0.06891372799873352, 0.11869902163743973, -0.028006644919514656, -0.0002012907643802464, 0.018673717975616455, 0.06901048868894577, 1934.5638117190815, 0.01822344958782196, 3216.484306227993]",63,cat
4675,data/audio_cat-classification/NAYA_DATA_AUG1X/Fighting/Last_addCat335Fit_aug1(1).mp3,cat,"[-196.65109252929688, 46.32813262939453, -55.530155181884766, -5.988979816436768, -11.287052154541016, -6.414533615112305, -1.0500227212905884, -0.8535037636756897, -1.8250353336334229, 4.4868645668029785, -2.6154861450195312, -0.3397025167942047, -5.962971210479736, 0.8332304954528809, -1.9660052061080933, -0.9792749285697937, -0.2233947068452835, 2.562023878097534, -1.871671438217163, 1.7012608051300049, 1.5284879207611084, -0.4041932225227356, -0.4574104845523834, 0.02384224161505699, 0.0009056993294507265, -0.030657360330224037, -0.07710839062929153, -0.10901550203561783, 0.15181130170822144, 0.00785233173519373, -0.08754504472017288, -0.04569229856133461, -0.038910023868083954, 0.03518984094262123, -0.04739854112267494, 0.03983357921242714, -0.0064995805732905865, 0.0743303969502449, -0.0034070145338773727, 0.005414849147200584, -0.25993770360946655, 0.017474740743637085, 0.016663087531924248, -0.03963334485888481, -0.02517152763903141, -0.0602867417037487, -0.009901439771056175, 0.012660014443099499, -0.018854498863220215, -0.0029544769786298275, -0.012522673234343529, 0.004158961120992899, 0.006955103483051062, -0.038345638662576675, 0.0053234221413731575, 0.019853442907333374, -0.023017464205622673, 0.003344391705468297, 0.004575464408844709, 0.02643713168799877, 2912.8112383557077, 0.052902646362781525, 5128.731469828714]",63,cat
2164,data/audio_cat-classification/NAYA_DATA_AUG1X/Mating/YashLL_Cat0221Mating_aug1(1).mp3,cat,"[-42.107452392578125, 74.45182800292969, 6.849132537841797, 8.350369453430176, -0.07448643445968628, 5.531902313232422, -1.2743171453475952, -0.9816932678222656, -7.26875638961792, -2.925416946411133, -7.5617852210998535, -2.715510845184326, -5.4930739402771, -0.24384017288684845, -2.4357190132141113, -2.088289260864258, -2.864470958709717, -1.0058584213256836, -2.2821455001831055, -4.2046799659729, 0.6721176505088806, 0.09587743878364563, -0.026005394756793976, -0.05868733674287796, -0.09021351486444473, -0.007529091089963913, -0.002604981418699026, -0.011197438463568687, -0.015226442366838455, -0.09271785616874695, -0.043437808752059937, 0.049643248319625854, 0.0302877239882946, -0.03516435995697975, -0.009911302477121353, 0.035694919526576996, 0.02541300840675831, 0.010163389146327972, -0.031972736120224, -0.0634576678276062, -0.5394595861434937, -0.04425022006034851, -0.012612826190888882, -0.04138869419693947, 0.033169496804475784, 0.014283336699008942, -0.008236748166382313, 0.03514626622200012, 0.034829311072826385, 0.06438182294368744, 0.07541055232286453, 0.025570543482899666, -0.003433331148698926, 0.0003338644455652684, 0.004416857846081257, -0.02021624520421028, -0.04935826361179352, -0.02863335609436035, -0.03825585916638374, 0.004394761752337217, 3022.845901258507, 0.08971188217401505, 6962.237066971628]",63,cat
4355,data/audio_cat-classification/NAYA_DATA_AUG1X/Fighting/YashLL_Cat0291Fit.mp3,cat,"[-274.1614074707031, 114.3450927734375, -3.490251064300537, 12.20718765258789, 11.952402114868164, 17.989654541015625, 5.341794967651367, 13.863150596618652, 6.8994951248168945, 1.2232850790023804, 7.911138534545898, -2.172032594680786, -1.3940857648849487, -1.0149141550064087, -1.7626081705093384, -3.4807240962982178, -4.935581684112549, -6.117990493774414, -2.269753932952881, -5.802355766296387, -0.34455740451812744, 0.7777206897735596, -0.16367676854133606, -0.0712689608335495, 0.12457624822854996, 0.0656234547495842, 0.07338763028383255, 0.040122389793395996, 0.0622902512550354, 0.041424281895160675, -0.08715823292732239, 0.007525349967181683, 0.036656640470027924, 0.011687098070979118, 0.012979288585484028, 0.004723108373582363, 0.0314670130610466, 0.02905055694282055, 0.09705460071563721, 0.016836032271385193, -0.5095841884613037, -0.13401371240615845, 0.06781724840402603, 0.06318581849336624, 0.013129184022545815, -0.05464472621679306, -0.010992292314767838, -0.01120377704501152, -0.0008935508667491376, 0.06247773393988609, 0.013496081344783306, 0.02904772013425827, -0.028534328565001488, -0.009551336988806725, 0.023713190108537674, 0.013821172527968884, 0.04162966087460518, 0.03744293749332428, -0.005267311353236437, 0.015691231936216354, 1906.7984490417875, 0.012123361229896545, 3764.6401145241475]",63,cat
2874,data/audio_cat-classification/NAYA_DATA_AUG1X/Warning/LastEntry_cat1328Grl_aug1(1).mp3,cat,"[-191.56703186035156, 114.91374206542969, -51.18738555908203, 2.0622427463531494, -44.98830032348633, -7.53623628616333, -8.962287902832031, 4.291749000549316, -16.645469665527344, 3.5242457389831543, -3.595383405685425, 14.075851440429688, -12.592255592346191, -6.019002914428711, -0.34549927711486816, -0.7384006381034851, 2.388375997543335, 0.5154455900192261, -3.2457025051116943, -2.447112798690796, 1.7108268737792969, 0.6051188707351685, -0.08001522719860077, -0.20722709596157074, -0.33484989404678345, -0.13976259529590607, -0.3326837718486786, -0.01859736628830433, 0.04756622761487961, -0.09737528860569, -0.054079532623291016, 0.18620817363262177, -0.028302548453211784, -0.10154855251312256, 0.023976940661668777, 0.06015577167272568, -0.043012067675590515, 0.029317107051610947, -0.006209574639797211, -0.030665753409266472, -0.14671030640602112, 0.031060436740517616, 0.015880173072218895, -0.060606300830841064, -0.005454204510897398, -0.12478116154670715, 0.09423979371786118, -0.051711879670619965, -0.06516948342323303, -0.023064201697707176, 0.034845076501369476, -0.039814334362745285, -0.04170892760157585, -0.03469769284129143, -0.026938099414110184, -0.0911615863442421, -0.031625356525182724, 0.018418163061141968, -0.022670447826385498, 0.043412331491708755, 1689.9221407036362, 0.006106488406658173, 3128.7542895735983]",63,cat
1532,data/audio_cat-classification/NAYA_DATA_AUG1X/Happy/cat011016.mp3,cat,"[-391.0093994140625, 170.4761505126953, -81.21627044677734, 26.53963851928711, 19.353952407836914, -38.124855041503906, 19.359041213989258, -3.50192928314209, -23.37721061706543, 10.606708526611328, -14.351531982421875, -12.01883602142334, 8.540814399719238, -13.967376708984375, -1.8975149393081665, 6.875431060791016, -11.396785736083984, 3.3308229446411133, 3.6984145641326904, -7.615231513977051, 0.22116629779338837, 0.052669599652290344, -0.08591269701719284, 0.0023108383174985647, -0.01251616608351469, -0.04651465266942978, -0.006449231877923012, 0.004471964202821255, -0.012415696866810322, -0.021662263199687004, -0.04215853661298752, -0.01958225853741169, 0.00034775343374349177, -0.034843917936086655, -0.020214170217514038, 0.02161797508597374, 0.007414795458316803, -0.007135582156479359, -0.0034526956733316183, -0.0005995438550598919, -0.2044980674982071, -0.14539054036140442, 0.07392603904008865, 0.009253851138055325, 0.01491972804069519, 0.06742465496063232, -0.009529657661914825, 0.005189460702240467, 0.04301159456372261, 0.024111956357955933, 0.049799688160419464, 0.03274315595626831, -0.009698632173240185, 0.012524444609880447, 0.006567327305674553, -0.01681089960038662, -0.006181318778544664, -0.01095379889011383, -0.002945785876363516, 0.017044514417648315, 1512.0926404083673, 0.00023797221365384758, 2948.2474122993676]",63,cat
4895,data/audio_cat-classification/NAYA_DATA_AUG1X/MotherCall/Cat_pills0112_aug1(1).mp3,cat,"[-233.2510528564453, 48.37568283081055, -8.478231430053711, 28.260717391967773, 4.386801719665527, 24.021129608154297, 10.520370483398438, 0.9501942992210388, 4.451648235321045, 5.495013236999512, 7.874810695648193, -5.351107120513916, -2.8304827213287354, 1.0297949314117432, 0.7091538906097412, -0.2378295660018921, -3.470043659210205, -6.867171764373779, -3.5801029205322266, -2.744489908218384, 3.3546814918518066, 0.6782755851745605, 0.0888291671872139, 0.17714442312717438, 0.1861889660358429, 0.2766565978527069, 0.1800607144832611, 0.04044617339968681, -0.026321712881326675, 0.1844431310892105, 0.13891738653182983, -0.21475662291049957, -0.04726894944906235, 0.0804668739438057, -0.07216839492321014, -0.015382103621959686, 0.008181191980838776, -0.19884228706359863, -0.1385551393032074, 0.19953767955303192, 0.47652244567871094, 0.09103313833475113, -0.0334971658885479, 0.055986933410167694, 0.04826629161834717, 0.026507839560508728, 0.044809490442276, 0.015798160806298256, 0.0032105534337460995, 0.004802600014954805, -0.0147786233574152, -0.011239702813327312, 0.014450600370764732, -0.05088264122605324, -0.01988053508102894, 0.013550937175750732, -0.06272502988576889, 0.0019156663911417127, 0.06743466854095459, -0.030998265370726585, 3061.9812447700765, 0.08826674520969391, 5778.265059621711]",63,cat
4985,data/audio_cat-classification/NAYA_DATA_AUG1X/MotherCall/Last_addCat129558Pil_aug1(1).mp3,cat,"[-351.3136901855469, 88.61672973632812, 8.886341094970703, 16.889991760253906, 18.713287353515625, 22.73727035522461, 14.769474983215332, 5.785157680511475, 0.8984989523887634, 2.942537784576416, 0.48713430762290955, 1.604928970336914, 1.718815565109253, -2.6986467838287354, -0.8176481127738953, 1.2672067880630493, 0.7226123809814453, 0.3435192406177521, -0.9182103276252747, -1.8156548738479614, -1.0995888710021973, -0.6269877552986145, -0.24881510436534882, -0.20167183876037598, -0.18204012513160706, -0.1586006134748459, -0.09325255453586578, -0.013681533746421337, -0.009684938937425613, 0.01965380646288395, 0.039831746369600296, 0.0077049583196640015, -0.0026782117784023285, 0.003876384347677231, 0.026744183152914047, 0.027293477207422256, 0.016847316175699234, 0.02707580104470253, 0.024836035445332527, 0.0030050105415284634, -0.272431880235672, -0.020130818709731102, -0.005088137928396463, -0.0037144969683140516, -0.0016838988522067666, -0.00787992775440216, 0.003126667346805334, -0.021563254296779633, -0.03477701172232628, -0.0030057558324187994, 0.017204036936163902, 0.01086162868887186, -0.0041083041578531265, 0.010671699419617653, 0.009725409559905529, -0.00855102390050888, 0.003190348856151104, 0.020165596157312393, 0.001288465573452413, -0.012088906019926071, 1620.9160423450317, 0.15879623591899872, 3507.9721811655404]",63,cat
4812,data/audio_cat-classification/NAYA_DATA_AUG1X/MotherCall/Cat_pills0125.mp3,cat,"[-285.4093933105469, 57.47902297973633, 1.5781588554382324, 29.123727798461914, 8.305171966552734, 27.934778213500977, 2.5702316761016846, 2.64886736869812, 13.189788818359375, -4.561091899871826, -0.37522563338279724, 3.4540724754333496, -0.929882287979126, -2.951552391052246, 2.2150330543518066, -2.0447657108306885, -0.6376055479049683, -2.4048614501953125, -0.6717168092727661, 2.78701114654541, 1.676579475402832, -0.6927590370178223, 0.20216965675354004, -0.17483770847320557, -0.21341601014137268, 0.08760888129472733, -0.15239717066287994, -0.058386173099279404, -0.0017088301246985793, 0.04332459345459938, 0.09227711707353592, 0.09316308051347733, -0.043898891657590866, -0.0063836644403636456, -0.022805403918027878, 0.1455136388540268, 0.06380671262741089, -0.10294303297996521, -0.03591137006878853, -0.0011138354893773794, -0.0544845350086689, -0.30694690346717834, 0.031789764761924744, -0.0008216535206884146, -0.0044077374041080475, -0.019646933302283287, -0.09858786314725876, 0.02168906107544899, -0.04926219582557678, -0.044070228934288025, 0.008492567576467991, 0.05229727923870087, 0.007576321717351675, 0.008999383077025414, -0.026803137734532356, -0.03643813729286194, 0.01614690199494362, -0.03222106397151947, -0.036926738917827606, 0.03516998142004013, 3233.238243511815, 0.061792388558387756, 6091.838163488052]",63,cat
4011,data/audio_cat-classification/NAYA_DATA_AUG1X/HuntingMind/Cat_YoutubeLLT42396_aug1(1).mp3,cat,"[-189.9178009033203, 23.164302825927734, -31.842004776000977, 4.417208194732666, -21.279251098632812, 9.567970275878906, -12.102479934692383, -7.600371360778809, -2.007274866104126, -8.173166275024414, -2.688650131225586, -3.823270082473755, 4.512547969818115, 10.287538528442383, 2.446115732192993, -7.120124340057373, -4.781773567199707, -3.2783327102661133, -0.7131724953651428, -1.8595339059829712, -1.2350720167160034, -0.1506941169500351, 0.203060582280159, -0.09011975675821304, 0.05483762174844742, -0.04390140250325203, -0.024067919701337814, 0.029043380171060562, -0.023567458614706993, -0.0020562377758324146, -0.030840342864394188, 0.047671519219875336, 0.04911096394062042, -0.022088469937443733, -0.002499089576303959, 0.015996910631656647, 0.006277886684983969, 0.039772726595401764, 0.01833830401301384, 0.00822510477155447, -0.3982713520526886, -0.02033078670501709, 0.08164598047733307, 0.02745022624731064, 0.023055270314216614, 0.010160671547055244, 0.031217481940984726, 0.0019091152353212237, -0.0038231872022151947, -0.010188882239162922, 0.023595305159687996, 0.04300988093018532, 0.020350003615021706, -0.03757958859205246, -0.018810197710990906, 0.014819285832345486, 0.009833168238401413, -0.007260606624186039, -0.018206849694252014, -0.01410716027021408, 3849.286966398829, 0.16299450397491455, 6789.841164981618]",63,cat
2370,data/audio_cat-classification/NAYA_DATA_AUG1X/Warning/cat_flickr01466_aug1(1).mp3,cat,"[-233.5540771484375, 88.79561614990234, 29.051513671875, 6.630131721496582, 3.5415732860565186, 2.9477360248565674, -0.6512914896011353, 1.5813905000686646, -1.0567567348480225, -4.125831127166748, -4.184004783630371, -2.566019058227539, 0.32642194628715515, -2.4872214794158936, -2.0862622261047363, 0.21426044404506683, 4.062036514282227, 1.6306169033050537, -1.1604470014572144, -2.235419988632202, 0.06953950226306915, -0.031461164355278015, 0.01390518806874752, -0.04004336893558502, 0.03141249716281891, 0.04724055528640747, 0.002678359393030405, -0.06953735649585724, -0.03551853820681572, 0.0103207528591156, 0.049389030784368515, 0.0004140875244047493, -0.026622500270605087, 0.022260265424847603, -0.004491007886826992, -0.027941953390836716, -0.0134769631549716, 0.004039362538605928, 0.008688000030815601, -0.008430802263319492, -0.14371636509895325, 0.017656518146395683, -0.0200109351426363, -0.002546838950365782, -0.019488105550408363, -0.032593466341495514, -0.020028550177812576, 0.013439100235700607, 0.0181589238345623, 0.0013886819360777736, -0.027767859399318695, 0.005563484039157629, 0.024668212980031967, 0.013842422515153885, 0.004471614491194487, -0.017180249094963074, -0.007574006449431181, -0.0021774510387331247, 0.004936900455504656, 0.005508944392204285, 2338.2550977147826, 0.04089568182826042, 5051.713647735252]",63,cat
1514,data/audio_cat-classification/NAYA_DATA_AUG1X/Happy/Online_Cat0458hpy_aug1(1).mp3,cat,"[-186.9665069580078, 75.64413452148438, -73.3404312133789, 13.29857349395752, -11.472213745117188, -8.329838752746582, 2.0289554595947266, 5.727377414703369, -10.215567588806152, -14.958965301513672, -2.920024871826172, 6.129566669464111, 21.980459213256836, 27.9602108001709, 12.699333190917969, -0.7457225918769836, -14.71608829498291, -18.830888748168945, -6.495137691497803, -0.9756458401679993, -0.08799060434103012, 0.851153552532196, -0.7683226466178894, -0.5180713534355164, -0.4499458372592926, -0.7515501379966736, -0.08289886265993118, -0.06077941134572029, -0.38170376420021057, -0.4875158369541168, -0.5587468147277832, -0.37488946318626404, 0.11651899665594101, 0.6135690212249756, 0.9613868594169617, 0.7289956212043762, 0.16418562829494476, -0.015657266601920128, -0.3662720024585724, -0.043442245572805405, -4.867420196533203, -0.19482631981372833, 0.5862821936607361, 0.22362665832042694, 0.23298399150371552, 0.08687999099493027, -0.09964090585708618, -0.14506401121616364, 0.18563251197338104, 0.14428868889808655, -0.21663479506969452, -0.18284863233566284, -0.19297826290130615, -0.49965956807136536, -0.19410769641399384, -0.0663747563958168, 0.17127950489521027, 0.2130151391029358, 0.26387014985084534, 0.08626893162727356, 2015.3564417829255, 0.005123544484376907, 3190.0543212890625]",63,cat
3360,data/audio_cat-classification/NAYA_DATA_AUG1X/Angry/cat_flickr0139_aug1(1).mp3,cat,"[-215.17742919921875, 212.769287109375, -45.21712112426758, -16.211727142333984, 21.277559280395508, -26.39766502380371, -8.937262535095215, 5.976596832275391, -19.96056365966797, -1.8469136953353882, 8.198650360107422, -15.308460235595703, -5.784338474273682, 3.386784315109253, -11.853381156921387, -5.293557643890381, 0.9020373225212097, -8.628289222717285, -2.5786614418029785, -1.6265374422073364, 0.3303869366645813, 0.09126655012369156, -0.18010574579238892, -0.03674058988690376, 0.06153106689453125, -0.004758030641824007, -0.04014228656888008, -0.03302961215376854, -0.039614900946617126, -0.014905036427080631, -0.015966543927788734, -0.03254146873950958, 0.009691527113318443, 0.02314390055835247, -0.01269191037863493, 0.0019985453691333532, 0.02075587958097458, -0.0025235265493392944, 0.004855344537645578, 0.03397732228040695, -0.18889844417572021, -0.12680989503860474, 0.13390761613845825, 0.04581501707434654, -0.04503226280212402, 0.02769703045487404, 0.0013489600969478488, -0.020812692120671272, 0.011831105686724186, -0.010296466760337353, -0.004670084919780493, 0.03481382504105568, 0.006283494643867016, -0.005084788892418146, 0.023705193772912025, 0.00022252110647968948, -0.005188333801925182, 0.031000269576907158, 0.006097924429923296, -0.02367161028087139, 908.8498258639247, 7.107745477696881e-05, 1585.4803154938413]",63,cat
2499,data/audio_cat-classification/NAYA_DATA_AUG1X/Warning/cat_flickr01359.mp3,cat,"[-511.8962097167969, 117.85774230957031, -38.96308517456055, 50.47382354736328, -23.295080184936523, 32.1531867980957, -7.065056800842285, 12.43312931060791, -5.980668067932129, -1.3296347856521606, -0.8282602429389954, -9.634237289428711, 3.630357027053833, -7.903659343719482, 0.7415465116500854, -6.737894058227539, -1.4529215097427368, -1.605269193649292, 6.325799942016602, 3.7129244804382324, 0.4484037160873413, -0.018281325697898865, -0.07099473476409912, -0.06802784651517868, -0.12276609241962433, -0.015260920859873295, -0.06152278557419777, -0.0046946401707828045, -0.033009883016347885, -0.08975768089294434, -0.017604950815439224, -0.04639970511198044, -0.024575335904955864, 0.0024144803173840046, 0.09448906779289246, 0.06451284885406494, 0.03807048127055168, 0.04116053506731987, 0.032721616327762604, 0.0009388620965182781, -0.5533839464187622, -0.08639464527368546, 0.04782932996749878, -0.010819759219884872, 0.06410495191812515, -0.033150359988212585, 0.06921228021383286, 0.001182387350127101, 0.04215742647647858, 0.036397941410541534, 0.021787572652101517, 0.010413124226033688, 0.011680432595312595, 0.03748118877410889, -0.011123775504529476, 0.012731320224702358, -0.046246860176324844, -0.03808959946036339, -0.050233323127031326, -0.02972547709941864, 2093.766711420669, 0.01635141484439373, 4445.4497029958675]",63,cat
1173,data/audio_cat-classification/NAYA_DATA_AUG1X/Happy/cat_youtube01124.mp3,cat,"[-260.881591796875, 73.63005065917969, 7.237329483032227, 28.90129280090332, 3.16740345954895, 2.0976829528808594, 1.6373900175094604, 2.972256660461426, 0.3865203857421875, -12.843033790588379, 0.7103058099746704, -7.639595031738281, 1.7768654823303223, 0.06587844341993332, 3.633155345916748, 0.7134345173835754, -1.615046501159668, 5.259464740753174, 8.264228820800781, 8.258299827575684, 0.860752284526825, -0.0057770730927586555, 0.14156782627105713, -0.1264122575521469, 0.007348921615630388, -0.016090424731373787, -0.03772569075226784, -0.02831028401851654, 0.10984599590301514, 0.06305830925703049, 0.10659363865852356, -0.04620324447751045, 0.04680904746055603, -0.031634557992219925, 0.06971412897109985, 0.07984545081853867, -0.0041389320977032185, -0.006166393868625164, 0.07246869057416916, 0.012962715700268745, -0.6432169079780579, -0.08090764284133911, -0.014090090058743954, 0.08219728618860245, 0.03244498744606972, -0.022359197959303856, -0.0018862923607230186, 0.030205633491277695, -0.018951965495944023, -0.05828269571065903, -0.015558553859591484, 0.015776513144373894, -4.322066524764523e-05, 0.028939101845026016, -0.0203559547662735, -0.09486052393913269, -0.03344450145959854, -0.0007929716957733035, -0.019485026597976685, 0.004675011150538921, 2627.923622060708, 0.01879526488482952, 5278.271484375]",63,cat
324,data/audio_cat-classification/NAYA_DATA_AUG1X/Paining/cat10_aug1(1).mp3,cat,"[-207.56585693359375, 59.48802185058594, -30.2814998626709, -19.934921264648438, -15.63532829284668, -14.003578186035156, -22.098392486572266, -6.160621166229248, -1.614289402961731, -0.35164669156074524, -9.357282638549805, -21.262645721435547, -19.9126033782959, -4.453578948974609, -0.4381118416786194, -6.4799089431762695, -2.4997589588165283, 5.489214897155762, 0.20879966020584106, -12.172971725463867, 0.7634351253509521, 0.27874553203582764, -0.310525506734848, -0.0024487541522830725, 0.01977892965078354, -0.024454129859805107, -0.04912535101175308, -0.07874178886413574, -0.010799099691212177, 0.07507091015577316, 0.006425295490771532, -0.054184362292289734, -0.2804573178291321, -0.15891540050506592, 0.0040978966280817986, 0.09284190833568573, -0.09982935339212418, -0.07668819278478622, 0.0605863481760025, 0.1654236614704132, -0.655225396156311, -0.1163395494222641, 0.12862659990787506, 0.05423920601606369, -0.048560548573732376, 0.0231020525097847, 0.021621720865368843, 0.05555667728185654, 0.02558857761323452, -0.008049068972468376, -0.0325581394135952, 0.08964808285236359, 0.07185107469558716, 0.08155770599842072, 0.025643201544880867, -0.005795601289719343, 0.03780851140618324, 0.03362368792295456, -0.02797398902475834, -0.05600622668862343, 2824.202332113039, 0.025244712829589844, 5633.624267578125]",63,cat
787,data/audio_cat-classification/NAYA_DATA_AUG1X/Defence/Cat_YoutubeLLT42357 (2).mp3,cat,"[-171.25601196289062, 27.784774780273438, -33.160888671875, -19.543996810913086, -16.41790199279785, -5.950674533843994, -0.11522817611694336, -13.146141052246094, -7.566640853881836, 1.5586858987808228, 0.4649588167667389, -4.171480178833008, -11.455402374267578, 0.9367443323135376, -3.717536449432373, -10.962834358215332, -4.841497898101807, -0.09446081519126892, 2.2265126705169678, -4.301258087158203, -1.6930149793624878, 0.4460851550102234, 0.2884815037250519, 0.5528641939163208, 0.3139471113681793, -0.0584501251578331, -0.1201493889093399, 0.32601943612098694, 0.21265515685081482, -0.09615796059370041, 0.010065029375255108, 0.0006521297618746758, 0.17946524918079376, -0.10540821403265, 0.04214044287800789, 0.25248271226882935, 0.17134888470172882, -0.025326333940029144, -0.05521581694483757, 0.03887415677309036, -1.3443503379821777, 0.0028942490462213755, 0.07353585958480835, 0.000304058485198766, -0.04060312360525131, 0.1244574561715126, 0.008745034225285053, -0.08724670112133026, -0.08366057276725769, -0.035881876945495605, 0.03605104237794876, 0.12272229045629501, 0.08344025909900665, 0.01711839810013771, -0.019127003848552704, -0.04519037529826164, 0.03436087444424629, 0.009823422878980637, -0.020866943523287773, 0.1153254434466362, 3949.8639816279556, 0.21212981641292572, 7962.851849724265]",63,cat
2004,data/audio_cat-classification/NAYA_DATA_AUG1X/Mating/cat_youtube64302 (3).mp3,cat,"[-380.008544921875, 72.5278091430664, 6.9454169273376465, -12.830958366394043, -4.20464563369751, 6.815048694610596, 4.104432582855225, 4.389174461364746, -5.870234966278076, -4.780783653259277, -2.7304720878601074, 0.28667736053466797, 3.6796975135803223, -1.8254382610321045, -3.9603683948516846, -5.367280960083008, -0.6239780187606812, -2.3494064807891846, -1.4240561723709106, -5.403534889221191, 0.10557255148887634, -0.11262186616659164, 0.09080954641103745, 0.20079317688941956, 0.09586445987224579, -0.04118475690484047, 0.0007294580573216081, 0.0038289278745651245, 0.0030497582629323006, -0.005110892932862043, 0.023226482793688774, 0.0334000326693058, -0.007548580411821604, -0.021972043439745903, -0.033673204481601715, -0.0012764682760462165, 0.012471831403672695, -0.008451410569250584, -0.023905737325549126, -0.047638438642024994, -0.1892969161272049, 0.01231475081294775, -0.04078657180070877, -0.032814543694257736, -0.007405083626508713, 0.005844631232321262, -0.012067830190062523, -0.013765175826847553, 0.017628172412514687, 0.02050170488655567, 0.02144921012222767, -0.019627055153250694, -0.01919417828321457, 0.007854010909795761, 0.00011927133164135739, -0.013695899397134781, -0.0102848457172513, 0.0076642693020403385, -0.0061078486032783985, 0.0033971797674894333, 3376.7324154722714, 0.1376718282699585, 7456.652060583178]",63,cat
2025,data/audio_cat-classification/NAYA_DATA_AUG1X/Mating/cat_youtube64322.mp3,cat,"[-356.04498291015625, 104.5556640625, 29.8928165435791, 14.918933868408203, 24.30784797668457, 14.11489200592041, 15.548481941223145, 5.594025135040283, 9.57158374786377, -3.420079469680786, 8.488924980163574, -4.364157676696777, 7.994343280792236, -4.09165096282959, 7.024541854858398, -9.184564590454102, -1.240877389907837, -9.245491981506348, 0.7184086441993713, -1.6294217109680176, 0.24355049431324005, -0.018244491890072823, 0.013741061091423035, 0.018801605328917503, 0.013813009485602379, 0.0008490030304528773, 0.015705682337284088, -0.020450541749596596, -0.05070142820477486, 0.010491493158042431, 0.01646963320672512, -0.024941205978393555, -0.025183312594890594, 0.0319216363132, 0.06060194969177246, -0.01758945919573307, 0.008494998328387737, -0.004877016413956881, -0.03254750743508339, -0.008760611526668072, -0.28396546840667725, -0.016092782840132713, -0.041273415088653564, -0.03759550675749779, -0.02048157900571823, -0.00834352895617485, 0.00906510278582573, -0.006718459073454142, 0.008463851176202297, 0.013951634056866169, 0.0005246835062280297, -0.01270526833832264, -0.024984085932374, 0.0006793987122364342, 0.00012052428792230785, -0.010682963766157627, -0.00645454740151763, 0.013137429021298885, 0.007110754493623972, 0.004999232944101095, 2074.81997493044, 0.00854522455483675, 5385.220407885175]",63,cat
5628,data/audio_cat-classification/NAYA_DATA_AUG1X/Resting/cat_coll0133.mp3,cat,"[-446.37469482421875, 110.92234802246094, 44.47876739501953, 32.69407653808594, -3.526989698410034, 3.5327367782592773, 9.214527130126953, 9.130953788757324, 6.92875337600708, 6.185527801513672, 0.5308224558830261, 6.924308776855469, -3.4056191444396973, -6.757554531097412, 8.199685096740723, -1.5007153749465942, 3.6859805583953857, 10.487849235534668, -0.015010016039013863, 4.048304080963135, 0.8377173542976379, 0.2476712316274643, 0.12272521108388901, -0.14855168759822845, -0.012236883863806725, 0.029522312805056572, -0.12819772958755493, 0.05940813571214676, -0.00390204438008368, -0.02662290260195732, 0.009400177747011185, 0.0321430079638958, -0.014274935238063335, 0.02764720469713211, 0.024391792714595795, 0.11273319274187088, -0.01073748990893364, 0.006863718386739492, 0.013039159588515759, 0.005629925988614559, -0.38214436173439026, -0.031078122556209564, -0.07111140340566635, 0.04100353643298149, 0.058358967304229736, 0.03268931433558464, 0.016120875254273415, 0.005187613423913717, 0.024985063821077347, -0.00040626589907333255, -0.020634416490793228, -0.04127311706542969, -0.006253810599446297, -0.0009767550509423018, -0.016719702631235123, 0.004845959600061178, -0.01822378858923912, -0.008155333809554577, -0.005458194762468338, 0.022321293130517006, 1675.143484961799, 0.008163045160472393, 4280.693783967391]",63,cat
1745,data/audio_cat-classification/NAYA_DATA_AUG1X/Happy/cat_coll0158.mp3,cat,"[-247.9716339111328, 37.18888854980469, -66.4881820678711, -24.914180755615234, 3.8711562156677246, -30.686941146850586, -16.70347023010254, -9.992647171020508, -26.096094131469727, -13.97900390625, -12.802050590515137, -20.97184944152832, -10.980325698852539, -0.2622721791267395, -0.9260257482528687, 4.708653450012207, -5.344427585601807, -7.022583961486816, -10.52180290222168, -0.8164960741996765, 2.961620807647705, 0.026740562170743942, -0.9674673080444336, -0.5534563660621643, 0.3854953646659851, 0.2146216332912445, -0.15374699234962463, -0.2684703767299652, -0.09671779721975327, 0.1544545590877533, -0.05874042585492134, -0.1400618702173233, 0.12349618971347809, -0.05538620427250862, 0.03643656522035599, 0.09930901229381561, -0.061942208558321, -0.10818077623844147, -0.014750516042113304, 0.001699984073638916, -0.543938934803009, -0.1459418088197708, -0.1650688499212265, 0.11633355915546417, 0.04946133494377136, -0.05054975673556328, 0.046224575489759445, 0.08735042810440063, 0.003241217229515314, 0.08002808690071106, 0.1533357799053192, 0.057687193155288696, -0.04101868346333504, -0.06790877878665924, 0.029777128249406815, -0.014429849572479725, 0.1070970669388771, 0.1405848264694214, 0.10468141734600067, -0.04292939975857735, 3087.2289382876274, 0.06088673323392868, 6125.11962890625]",63,cat
3340,data/audio_cat-classification/NAYA_DATA_AUG1X/Angry/YashLL_Cat0282Ang_aug1(1).mp3,cat,"[-263.39300537109375, 109.08807373046875, -32.94667053222656, -10.678489685058594, -3.6840403079986572, -4.16525411605835, -2.4804418087005615, -7.107682704925537, 0.37173354625701904, -6.735945224761963, -4.234417915344238, 2.2975728511810303, -4.211367607116699, -6.921377182006836, -8.305549621582031, -10.399958610534668, -11.036646842956543, 3.460447072982788, 6.507077693939209, 8.069607734680176, -0.6831387877464294, -0.6923912763595581, -0.1854652464389801, -0.11186469346284866, -0.05189459025859833, -0.04495903477072716, -0.09554962813854218, 9.650622814660892e-05, -0.0002934455987997353, 0.01622561365365982, -0.015014340169727802, -0.04655243828892708, -0.0480734147131443, -0.05397888645529747, -0.03271116316318512, 0.002593809040263295, 0.08228866010904312, 0.10257292538881302, 0.04150303080677986, 0.00134742958471179, -0.11537502706050873, -0.042693473398685455, 0.05068781226873398, 0.022291798144578934, -0.026426637545228004, -0.011076744645833969, -0.0050285072065889835, -0.010579109191894531, -0.003576497547328472, -0.002618646714836359, -0.030911728739738464, -0.02571680210530758, -0.00020199382561258972, 0.01117796078324318, 0.018364839255809784, -0.028684666380286217, -0.03934648260474205, -0.0096762515604496, -0.0016572391614317894, -0.01279226504266262, 1413.2108648436895, 0.07450512051582336, 2172.3835305606617]",63,cat
2767,data/audio_cat-classification/NAYA_DATA_AUG1X/Warning/LastEntry_cat1005Grl_aug1(1).mp3,cat,"[-173.06130981445312, 82.92393493652344, -20.667348861694336, 7.442903995513916, -11.423935890197754, -9.1489839553833, -5.231284141540527, -9.303084373474121, 6.781396389007568, -6.578293800354004, 8.798155784606934, -12.820945739746094, 0.47495409846305847, -13.6295804977417, -1.688767910003662, -2.184643507003784, 6.562668323516846, 8.326170921325684, 0.7179561853408813, 8.109969139099121, -1.5937385559082031, -0.40533411502838135, 0.01629267819225788, -0.09199965000152588, 0.03229958936572075, 0.03290383145213127, 0.03871189430356026, 0.08598408848047256, 0.009073051624000072, 0.018132755532860756, -0.06247647851705551, 0.04517962038516998, -0.06256688386201859, 0.052300650626420975, 0.05041387304663658, 0.07172214239835739, 0.045427355915308, 0.029314642772078514, 0.04775235801935196, -0.053941886872053146, -0.18637463450431824, -0.05545059219002724, -0.017252439633011818, 0.04167206585407257, 0.029203783720731735, 0.04019756615161896, 0.04311303794384003, 0.018855996429920197, -0.0020965351723134518, 0.00481212604790926, 0.016606498509645462, -0.003061775118112564, 0.006436606869101524, 0.006565053015947342, 0.03167876973748207, 0.019188521429896355, 0.021341422572731972, 0.00914874766021967, -0.016975246369838715, -0.007324338890612125, 2370.50309148176, 0.06231662631034851, 4713.1875]",63,cat
2586,data/audio_cat-classification/NAYA_DATA_AUG1X/Warning/car_extcoll0270.mp3,cat,"[-221.2872772216797, 85.79215240478516, 6.0130815505981445, 14.960625648498535, -30.640262603759766, -6.455801963806152, -21.153873443603516, -14.735459327697754, -2.7095048427581787, -5.338053226470947, -0.3874107599258423, -4.383455276489258, -3.478910446166992, -2.654003381729126, -3.426327705383301, -0.7804805636405945, -4.708117961883545, -3.951908588409424, -4.688984394073486, -7.329678535461426, 1.1818158626556396, 0.08493542671203613, -0.2594311535358429, 0.015711180865764618, 0.2371535301208496, 0.41266703605651855, 0.10441026091575623, -0.1623278707265854, -0.11938025802373886, 0.185295969247818, -0.0604412816464901, -0.08553654700517654, -0.13691748678684235, 0.07261668890714645, -0.06102349981665611, -0.24470268189907074, -0.016877098008990288, -0.08521668612957001, 0.04292210191488266, 0.00430581159889698, -0.6588364243507385, -0.04869736358523369, 0.06184491515159607, 0.01371394656598568, 0.028603125363588333, -0.016850672662258148, -0.024306252598762512, -0.0010294954990968108, -0.012967923656105995, -0.05129089578986168, 0.10401184111833572, 0.013347555883228779, -0.01252281665802002, 0.018729666247963905, 0.09221556782722473, 0.03277119621634483, -0.013986456207931042, -0.016136180609464645, 0.002999327378347516, 0.016300376504659653, 2547.1514314880824, 0.05280919000506401, 5221.244864628233]",63,cat
2173,data/audio_cat-classification/NAYA_DATA_AUG1X/Mating/cat_youtube64316.mp3,cat,"[-309.6229553222656, 104.80084228515625, 7.645933628082275, 12.632281303405762, 14.251895904541016, 10.579957008361816, 19.897550582885742, 8.588411331176758, -1.0833872556686401, -3.968825340270996, 11.75014591217041, -9.00940990447998, 3.875427007675171, 1.4094375371932983, 3.2201149463653564, -7.072441577911377, -1.5885454416275024, -9.972121238708496, -2.9657950401306152, -2.1003284454345703, 0.2630826234817505, 0.02228649891912937, -0.024347323924303055, 0.05167407914996147, -0.015328329987823963, 0.005395192187279463, -0.002706481609493494, -0.027828823775053024, 0.0013791575329378247, 0.03918738290667534, -0.04413876309990883, -0.03107311576604843, 0.0522998608648777, -0.0071648284792900085, 0.005422728601843119, 0.007497780025005341, 0.011161988601088524, -0.039618875831365585, -0.019544405862689018, -0.034643590450286865, -0.14229781925678253, 0.07457432895898819, -0.02266569249331951, -0.07720251381397247, -0.06969577819108963, -0.022698553279042244, 0.009305661544203758, 0.0013441226910799742, -0.029442476108670235, -0.01602216064929962, -0.01815582439303398, 0.007090936880558729, -0.0028146072290837765, 0.0010350382653996348, -0.002947950968518853, -0.008415592834353447, -0.024255387485027313, 0.006134193856269121, 0.005310706794261932, 0.0034552731085568666, 2045.0231519836543, 0.010662565007805824, 4797.6221257990055]",63,cat
2114,data/audio_cat-classification/NAYA_DATA_AUG1X/Mating/cat034_aug1(1).mp3,cat,"[-219.66375732421875, 140.20010375976562, -14.128630638122559, 22.94361114501953, 0.8475631475448608, 1.4624383449554443, 5.008814811706543, 1.810322642326355, 5.958569526672363, -3.3400654792785645, -4.697455883026123, -12.248353004455566, -7.545530796051025, 4.824830532073975, -4.233089923858643, -4.303360462188721, 1.8662012815475464, -5.480377674102783, -9.324536323547363, -7.674306869506836, 1.409121036529541, -0.6648414731025696, -0.20621836185455322, 0.23282188177108765, -0.05238444358110428, 0.10082334280014038, 0.05755491182208061, 0.0008646183414384723, -0.022162970155477524, -0.010289382189512253, 0.05900876224040985, -0.03164416924118996, -0.10077810287475586, 0.05290057137608528, 0.05615665763616562, 0.007634555920958519, 0.00034406359191052616, 0.05829700455069542, 0.055873673409223557, -0.02995898947119713, -0.35667845606803894, -0.05784253776073456, 0.0438004806637764, -0.008252264931797981, -0.0018165449146181345, -0.02323184162378311, -0.003042912809178233, -0.00601808400824666, 0.021880142390727997, 0.03355661407113075, 0.021278778091073036, -0.025044353678822517, -0.03430318087339401, -0.038264039903879166, -0.0068499003536999226, 0.019809540361166, 0.01990225724875927, 0.0158246997743845, 0.01074261125177145, 0.015849405899643898, 1513.3390802795393, 0.006181068252772093, 2601.1277620372853]",63,cat
1351,data/audio_cat-classification/NAYA_DATA_AUG1X/Happy/Edit9086Hpy.mp3,cat,"[-315.10498046875, 99.73235321044922, -21.701799392700195, 34.00392150878906, -10.41659927368164, 31.435272216796875, -6.378416538238525, 11.959914207458496, -6.2771501541137695, 8.373022079467773, 8.619772911071777, 5.238424777984619, 6.305879592895508, -7.563873767852783, -1.1585012674331665, -11.72338581085205, 3.653903007507324, -1.6164146661758423, -1.5644749402999878, -3.6091010570526123, 1.1679267883300781, 0.4439479112625122, 0.04350142180919647, 0.19097332656383514, -0.07569354772567749, 0.07812362164258957, -0.029782610014081, 0.09413576126098633, -0.03900834545493126, 0.014516332186758518, -0.016584258526563644, -0.05669146776199341, -0.054081082344055176, -0.03273850306868553, -0.0046991705894470215, -0.03553878143429756, -0.015607229433953762, -0.05540578067302704, 0.025648409500718117, -0.015369337052106857, -0.5622166395187378, -0.2585034668445587, -0.01622162014245987, -0.0648137629032135, 0.010979199782013893, -0.08116582781076431, 0.012196401134133339, -0.01816720888018608, -0.004440280608832836, -0.02364792674779892, -0.005910957232117653, 0.015561499632894993, -0.029917282983660698, -0.007605379447340965, 0.002933201380074024, -0.005442911759018898, -0.019220387563109398, -0.008664933033287525, -0.019032573327422142, -0.011170678772032261, 2033.0780382519986, 0.00975349172949791, 4468.934908780185]",63,cat
3740,data/audio_cat-classification/NAYA_DATA_AUG1X/HuntingMind/cat_youtube01150.mp3,cat,"[-412.7514953613281, 130.71253967285156, -7.030084609985352, 22.029903411865234, 31.911121368408203, 34.51477813720703, 20.8625545501709, 17.94182014465332, 6.995942115783691, 2.4177753925323486, 2.273700475692749, -1.517058253288269, 1.484145164489746, -2.073864459991455, -0.25529906153678894, 2.8671960830688477, -1.6345151662826538, -4.070199489593506, -3.5783026218414307, -1.9923454523086548, 0.5447624921798706, -0.04269140213727951, 0.03094683773815632, -0.22796832025051117, 0.16408924758434296, -0.026730455458164215, -0.01607034169137478, 0.06959439069032669, 0.04981488361954689, 0.04517232999205589, 0.03653789311647415, 0.0804373100399971, 0.0451386384665966, -0.051785700023174286, 0.047552332282066345, 0.09433598071336746, 0.00318118161521852, -0.005120454356074333, -0.01934323087334633, -0.06193114072084427, -0.4781237244606018, -0.011399072594940662, 0.13712206482887268, -0.029957903549075127, -0.05570552498102188, -0.04716126620769501, -0.086247019469738, 0.0508020743727684, -0.011095437221229076, -0.05728749558329582, -0.03635263442993164, 0.0285473819822073, 0.03887813165783882, 0.015284431166946888, 0.014150631614029408, -0.004497348330914974, -0.006023704539984465, 0.013171808794140816, 0.01017408724874258, 0.004422403406351805, 1185.4879273232766, 0.002870653523132205, 2428.796807650862]",63,cat
2306,data/audio_cat-classification/NAYA_DATA_AUG1X/Mating/cat03545_aug1(1).mp3,cat,"[-399.92547607421875, 112.79705047607422, 14.285130500793457, 25.434736251831055, 3.50577449798584, 8.712392807006836, -0.1522396057844162, 3.890979528427124, 3.850270986557007, -4.2557525634765625, -5.05779504776001, 2.9805214405059814, -0.12122449278831482, 0.5802502632141113, 7.163784027099609, 0.33389437198638916, -1.7650840282440186, -4.020852565765381, -4.102699279785156, -3.718329668045044, -0.47614800930023193, -0.20673172175884247, 0.07830335199832916, 0.0779314637184143, 0.06577950716018677, 0.07170809060335159, 0.05422550439834595, 0.028342099860310555, 0.05044587329030037, 0.022345812991261482, 0.012744348496198654, 0.04908018186688423, -0.04814981669187546, -0.008336121216416359, 0.002030664822086692, 0.02630283497273922, 0.024273432791233063, 0.03614817187190056, 0.014778362587094307, 0.025714559480547905, -0.23290811479091644, -0.012079200707376003, 0.05652758106589317, -0.02894894778728485, 0.018744949251413345, 0.03830607235431671, 0.026288004592061043, 0.009813825599849224, 0.020156538113951683, 1.7248423318960704e-05, 0.009450450539588928, 0.03886185213923454, 0.004245297983288765, 0.01390912290662527, -0.021354729309678078, -0.02815326116979122, -0.005677768494933844, 0.006140002980828285, -0.0017804118106141686, 0.02755218930542469, 1574.5049664376559, 0.005550396628677845, 3422.5883011269357]",63,cat
3334,data/audio_cat-classification/NAYA_DATA_AUG1X/Angry/Last_addCat109Hiss (2).mp3,cat,"[-225.7885284423828, 82.83003997802734, -16.958650588989258, -0.6536203622817993, -16.930675506591797, -2.2913928031921387, -7.842651844024658, -14.588018417358398, -4.523581027984619, -19.88047218322754, 1.8970345258712769, -7.751809120178223, 2.141491174697876, -6.703426837921143, -3.6441421508789062, -8.228196144104004, -10.089755058288574, -8.508772850036621, -0.6337814927101135, 10.225006103515625, -0.3060898184776306, 0.1974240392446518, 0.008506707847118378, 0.0027118639554828405, 0.02373107150197029, 0.03831248730421066, -0.009780608117580414, -0.009694410488009453, -0.03157742694020271, -0.045731619000434875, 0.03163885325193405, -0.03338398411870003, -0.027224432677030563, -0.08856704086065292, -0.09097220748662949, -0.050498925149440765, 0.07508590817451477, 0.039265409111976624, 0.01830168068408966, 0.015483960509300232, -0.9942730069160461, 0.3054933547973633, 0.13202890753746033, -0.04879198223352432, -0.13560903072357178, -0.006456190254539251, -0.04642108455300331, 0.031540293246507645, 0.06767209619283676, 0.0033542118035256863, -0.08473418653011322, -0.03582925349473953, -0.0018311189487576485, 0.015635745599865913, -0.003220712300390005, 0.003899210598319769, 0.031991515308618546, 0.014174330048263073, -0.014913026243448257, -0.035064492374658585, 2252.6799994866246, 0.033021751791238785, 4284.986448823736]",63,cat
5662,data/audio_cat-classification/NAYA_DATA_AUG1X/Resting/catpurring027_aug1(1).mp3,cat,"[-133.2353515625, 138.574462890625, 27.427696228027344, 33.7443962097168, 4.263129234313965, -3.7246432304382324, 10.398972511291504, 3.6727023124694824, -3.517467737197876, -3.3668394088745117, 14.0027494430542, 8.861502647399902, 3.92728328704834, 13.74190902709961, 7.517825603485107, 5.111047744750977, -1.8387656211853027, -3.3523313999176025, 6.782567024230957, -1.489521861076355, 1.1928684711456299, 0.47155362367630005, -0.2041558176279068, 0.08879786729812622, -0.13828200101852417, -0.1671551614999771, -0.02612885646522045, -0.027382493019104004, -0.014211312867701054, -0.01012510433793068, 0.05319211632013321, -0.03874234855175018, -0.10189937800168991, 0.008003647439181805, 0.011605383828282356, 0.01832088828086853, -0.0026761277113109827, 0.0256018228828907, 0.05486088618636131, -0.12176551669836044, -0.50193852186203, -0.21005190908908844, 0.049684908241033554, 0.03511614724993706, 0.1033729761838913, -0.021655842661857605, -0.05338180437684059, 0.031718987971544266, -0.014895917847752571, -0.009226991795003414, -0.02430713176727295, -0.01898237317800522, 0.043931201100349426, -1.0441804079164285e-05, -0.005390566308051348, 0.007363579701632261, 0.01987617090344429, 0.027420639991760254, -0.021540885791182518, 0.0418291799724102, 1183.996522657321, 0.0031170560978353024, 2487.3140375664893]",63,cat
1186,data/audio_cat-classification/NAYA_DATA_AUG1X/Happy/Online_Cat0348hpy_aug1(1).mp3,cat,"[-307.76776123046875, 87.72510528564453, -5.5472731590271, 26.878849029541016, -13.800076484680176, 1.4197219610214233, -10.515289306640625, 9.409175872802734, -5.487936973571777, -4.313541889190674, 6.551707744598389, 4.448739528656006, 9.9576997756958, 0.2293655127286911, -6.479918956756592, -5.945958614349365, -1.0383542776107788, 6.50399112701416, 3.099447011947632, -1.4507596492767334, 0.9571580290794373, 0.6270266771316528, 0.07699553668498993, 0.1612118035554886, 0.05274404585361481, 0.019240757450461388, -0.011682028882205486, 0.019845128059387207, 0.022529512643814087, 0.0063130236230790615, 0.022195545956492424, -0.03544267639517784, -0.021452566608786583, -0.001089616445824504, -0.010415996424853802, -0.005331828724592924, -0.004809014964848757, 0.01781189814209938, 0.008226988837122917, 0.028873169794678688, 0.009090643376111984, -0.016590513288974762, -0.011504324153065681, -0.019248945638537407, -0.004136920440942049, 0.008511360734701157, 0.008537029847502708, 0.005315732676535845, -0.02094358019530773, 0.0058403462171554565, -0.002020037965849042, -0.00685437535867095, -0.003420813474804163, -0.0009264139225706458, 0.02260429412126541, 0.018131917342543602, 0.008399109356105328, 0.005314141511917114, 0.005938033573329449, -0.017798354849219322, 1745.6093776898726, 0.08216975629329681, 3447.524815389555]",63,cat
706,data/audio_cat-classification/NAYA_DATA_AUG1X/Defence/Cat_Hiss10054.mp3,cat,"[-293.571044921875, 31.816715240478516, -13.299854278564453, 6.615426540374756, -6.801429271697998, -0.8266248106956482, 0.7703195214271545, -2.910724401473999, -8.628497123718262, -4.062733173370361, -4.387814998626709, -5.468003273010254, -2.750633955001831, 1.9316833019256592, -1.0549527406692505, -3.393822431564331, 2.669893741607666, -2.9288177490234375, -5.898719310760498, -0.30440983176231384, 1.4471418857574463, 0.4672278165817261, 0.11600645631551743, 0.08696160465478897, 0.06866918504238129, 0.04368999972939491, 0.08295401185750961, 0.05112922564148903, 0.031031811609864235, 0.057326026260852814, -0.04012322425842285, 0.00640705693513155, 0.02736649289727211, 0.06409343332052231, 0.04883231967687607, 0.029393663629889488, 0.03514809533953667, 0.0005563949816860259, 0.012399529106914997, -0.049698762595653534, -0.4340163469314575, 0.11213623732328415, 0.10533507168292999, 0.07946708798408508, 0.045111414045095444, 0.06887933611869812, -0.01766500249505043, -0.05161195248365402, -0.014585645869374275, -0.05468377098441124, 0.024974865838885307, 0.032037101686000824, -0.028916602954268456, 0.012399504892528057, 0.01065823994576931, -0.010062215849757195, 0.019625471904873848, 0.011124633252620697, 0.012865334749221802, -0.002174957888200879, 3788.6506506678775, 0.1976027935743332, 7189.639513739224]",63,cat
1448,data/audio_cat-classification/NAYA_DATA_AUG1X/Happy/hpy9.mp3,cat,"[-241.7266845703125, 97.61138916015625, -54.032310485839844, 62.25441360473633, -25.160167694091797, 34.82987976074219, -14.303466796875, 31.747821807861328, 1.697741150856018, 17.385238647460938, 7.99327278137207, 17.537399291992188, 15.545694351196289, 1.4252840280532837, 7.2803955078125, -17.50535011291504, 7.248793125152588, -3.2818386554718018, 6.011142253875732, -13.355927467346191, 1.415859341621399, -0.40996554493904114, -0.06253121793270111, 0.544322669506073, 0.17119643092155457, 0.33909642696380615, 0.09211383759975433, 0.11812429875135422, -0.23680852353572845, -0.1412159651517868, -0.16343501210212708, -0.12597136199474335, 0.1410035938024521, 0.032424163073301315, 0.239276722073555, 0.13766421377658844, -0.08691789209842682, 0.07645846158266068, 0.1343342810869217, 0.08838127553462982, -0.46846505999565125, -0.2714685797691345, 0.3088129460811615, -0.44281092286109924, 0.23435749113559723, -0.36766883730888367, 0.15745845437049866, -0.20929378271102905, 0.03441353514790535, -0.17804527282714844, -0.06748152524232864, -0.015340984798967838, -0.000287610397208482, 0.15561406314373016, -0.03683850169181824, 0.14913126826286316, -0.07223665714263916, 0.1189085841178894, 0.009084132499992847, 0.0884326845407486, 2009.3637432897954, 0.0013246572343632579, 3928.7938531839623]",63,cat
5492,data/audio_cat-classification/NAYA_DATA_AUG1X/Resting/LastEntry_cat1027Purr_aug1(1).mp3,cat,"[-273.7448425292969, 88.27881622314453, -21.252269744873047, 19.705575942993164, -23.232393264770508, 29.815250396728516, -19.706083297729492, 17.402408599853516, -33.99331283569336, 5.739038944244385, -29.04912757873535, 10.877721786499023, -21.557880401611328, 6.213534832000732, -15.950457572937012, 9.556879043579102, -8.258796691894531, 2.9520998001098633, -5.219346046447754, -2.6458895206451416, 0.27816373109817505, 0.005852390080690384, 0.07113578915596008, 0.057037193328142166, 0.07531943917274475, -0.016461240127682686, -0.06919680535793304, -0.10671897232532501, -0.031929075717926025, 0.03557457774877548, 0.03877568617463112, 0.06412029266357422, 0.01614348217844963, 0.0010635569924488664, -0.023834863677620888, 0.006230776663869619, 0.010493068024516106, 0.007162102963775396, 0.036608416587114334, 0.030157960951328278, -0.3892505466938019, -0.08271583914756775, 0.05772290378808975, -0.06376785039901733, 0.03711540997028351, -0.06193346157670021, 0.049674954265356064, -0.09256083518266678, 0.014517956413328648, -0.04367091879248619, 0.05454862117767334, -0.018433375284075737, 0.042778585106134415, -0.004088302608579397, 0.010193077847361565, -0.020794950425624847, -0.006581835448741913, -0.005208405666053295, -0.0052750795148313046, -0.0004374957352411002, 2966.8294252733676, 0.041652508080005646, 6607.17555886448]",63,cat
3892,data/audio_cat-classification/NAYA_DATA_AUG1X/HuntingMind/Cat_YoutubeLLT42423_aug1(1).mp3,cat,"[-222.50927734375, 44.496402740478516, -0.851236879825592, -2.3086678981781006, 3.4710373878479004, -1.166714072227478, -3.6885793209075928, 2.5570499897003174, -6.478854179382324, -3.8436594009399414, -9.899516105651855, -3.538153886795044, -1.9689265489578247, -4.662591457366943, -10.002296447753906, -13.922323226928711, -8.863235473632812, -2.19892954826355, -5.258896350860596, -5.500337600708008, 0.37557467818260193, 0.0947762280702591, -0.01197411585599184, -0.03370850905776024, -0.013706736266613007, 0.020853038877248764, -0.018019139766693115, 0.005758978892117739, 0.018156489357352257, 0.010523278266191483, -0.015452632680535316, 0.011369563639163971, 0.031025895848870277, 0.05128644034266472, -0.055186353623867035, -0.051193539053201675, -0.005387919954955578, -0.004237672314047813, -0.010808930732309818, -0.033250994980335236, -0.2869563400745392, 0.007592771667987108, 0.042027100920677185, 0.04880360886454582, 0.02106749825179577, 0.0007937125628814101, 0.006928895600140095, 0.01774916611611843, 0.017435455694794655, -0.005557240452617407, 0.0005874422495253384, 0.0019022505730390549, 0.03484179452061653, 0.011949426494538784, 0.00931782741099596, -0.004002303816378117, -0.031422294676303864, -0.03180895373225212, 0.0048944116570055485, 0.0181035865098238, 3952.467141026825, 0.1786024123430252, 8088.705634158194]",63,cat
1235,data/audio_cat-classification/NAYA_DATA_AUG1X/Happy/cat_youtube01135_aug1(1).mp3,cat,"[-308.2535705566406, 88.19701385498047, -2.055434226989746, 12.831673622131348, 2.2652618885040283, 7.420540809631348, -6.643109321594238, 1.5424867868423462, 2.903853416442871, -2.4793686866760254, -1.1148333549499512, -1.8366224765777588, 6.673184871673584, 12.231351852416992, 5.8934783935546875, 4.668604373931885, -4.680665016174316, 0.4757383465766907, 4.974490642547607, 6.927897930145264, 2.5923094749450684, 0.6286907196044922, -0.27201664447784424, -0.09748168289661407, 0.03268522769212723, 0.057876165956258774, 0.010814942419528961, 0.09082741290330887, 0.06812389194965363, -0.05807562917470932, -0.10811931639909744, -0.010296354070305824, 0.10512906312942505, 0.1429581493139267, 0.19683298468589783, 0.049071718007326126, -0.13786551356315613, -0.045061904937028885, 0.06616147607564926, 0.1260332316160202, 0.1799035519361496, -0.04898945614695549, -0.061962924897670746, -0.04562154784798622, -0.024680983275175095, 0.017431365326046944, 0.05810387432575226, 0.04459254443645477, -0.0021797583904117346, -0.020548991858959198, 0.006672237068414688, 0.012738210149109364, -0.010859516449272633, -0.044142454862594604, 0.0029022754170000553, 0.035014741122722626, 0.021292943507432938, 0.015833895653486252, -0.009697344154119492, -0.0075577315874397755, 1992.8474438538124, 0.09352442622184753, 4311.3129237912735]",63,cat
811,data/audio_cat-classification/NAYA_DATA_AUG1X/Defence/Edit9045Hiss_aug1(1).mp3,cat,"[-187.97654724121094, -2.167526960372925, -0.9790878295898438, 5.1408586502075195, 7.019972324371338, 8.072779655456543, -0.30020907521247864, -3.4663989543914795, 5.684725284576416, 3.5471460819244385, -2.572155475616455, -3.3954877853393555, 1.0062153339385986, -4.284074306488037, -1.9847296476364136, -1.8992456197738647, 0.44598209857940674, 4.4649882316589355, 0.5217795372009277, 0.8110506534576416, 3.154172897338867, 0.7472947835922241, 0.06203944608569145, -0.10261384397745132, 0.296486496925354, 0.3101210296154022, -0.14274004101753235, -0.02466096356511116, 0.19017915427684784, 0.10304990410804749, -0.002009807387366891, -0.09997745603322983, -0.1835019886493683, -0.060546692460775375, -0.04420875385403633, 0.002565477741882205, 0.10789879411458969, -0.041657786816358566, 0.1960897594690323, 0.06183280423283577, -2.097590684890747, 0.03865605220198631, 0.09024816006422043, -0.14062297344207764, -0.028173299506306648, -0.23388561606407166, 0.028938187286257744, 0.17682568728923798, -0.16839227080345154, 2.3404809326166287e-05, 0.11657257378101349, 0.07567209750413895, 0.0917591005563736, 0.19388045370578766, 0.1768544763326645, 0.15618328750133514, -0.0005986131145618856, 0.09143806993961334, 0.19393692910671234, -0.18185469508171082, 5253.28549227402, 0.3852452337741852, 9237.97321725399]",63,cat
3524,data/audio_cat-classification/NAYA_DATA_AUG1X/Angry/cat_flickr01437.mp3,cat,"[-298.5434875488281, 81.78695678710938, 6.158529758453369, 5.844595909118652, -4.673800468444824, 6.879271030426025, 3.7619104385375977, 2.5434181690216064, -1.2687362432479858, 4.729367256164551, 2.025777578353882, 2.533480167388916, -3.267869472503662, 0.6201440691947937, -1.5497543811798096, -0.7331030964851379, -4.356065273284912, 1.6136345863342285, 5.079115390777588, 8.923733711242676, 1.9034249782562256, 0.4807756841182709, 0.0917757898569107, 0.034850671887397766, -0.09315891563892365, -0.04332269728183746, -0.02661309204995632, -0.2214035838842392, -0.19985893368721008, -0.06704998761415482, -0.06167079508304596, -0.025925688445568085, 0.00826126616448164, -0.139734148979187, 0.012447447516024113, 0.13899961113929749, 0.07098112255334854, -0.00871383585035801, -0.0777866467833519, -0.1497315913438797, -0.7495596408843994, 0.07162851095199585, 0.12088771164417267, 0.06489800661802292, 0.02179366536438465, -0.07074931263923645, -0.0916588306427002, -0.04693741723895073, -0.004520771559327841, 0.03212995454668999, 0.008231351152062416, -0.04236400127410889, -0.07647101581096649, 0.018748121336102486, 0.04142192006111145, 0.13557668030261993, 0.07056109607219696, -0.040318671613931656, -0.02373914234340191, -0.011779888533055782, 2578.041956057187, 0.048372119665145874, 5809.2275390625]",63,cat
5218,data/audio_cat-classification/NAYA_DATA_AUG1X/MotherCall/Online_Cat0488Pil.mp3,cat,"[-234.84390258789062, 94.59259796142578, -16.551725387573242, 17.426055908203125, 31.68331527709961, 31.411949157714844, -7.2911272048950195, 2.597054958343506, 8.723535537719727, 15.468160629272461, 34.31342315673828, 7.384113788604736, -19.59827423095703, -21.995935440063477, -17.80746841430664, 13.688307762145996, -5.673354625701904, -19.643903732299805, -7.494260787963867, 22.91565704345703, 3.434959650039673, 0.9814304113388062, 0.31609925627708435, 0.7805579900741577, 0.6859991550445557, 0.537185788154602, 0.3708555996417999, 0.3821217715740204, 0.48471561074256897, -0.30357202887535095, 0.2503458261489868, 0.6834385395050049, -0.4262608289718628, -1.3578274250030518, 0.2512180507183075, -0.1256234049797058, -0.301543653011322, -0.3011152744293213, -0.5812534093856812, 0.24310241639614105, -6.500300884246826, -0.9449602365493774, -0.19247791171073914, -0.9789769649505615, -0.951326310634613, -1.2335281372070312, -0.10579467564821243, 0.41451016068458557, -0.035986918956041336, -0.5398573875427246, -0.8634426593780518, -0.3042505383491516, 0.2362157106399536, 0.38792288303375244, 0.7438275218009949, 0.12610134482383728, -0.3438589870929718, 0.37903106212615967, 0.3237078785896301, -0.7281060814857483, 1806.0736314517178, 0.0046516223810613155, 2707.154296875]",63,cat
4644,data/audio_cat-classification/NAYA_DATA_AUG1X/Fighting/YashLL_Cat0259Fit.mp3,cat,"[-227.06422424316406, 34.318206787109375, -52.00849533081055, -9.337230682373047, -6.89198112487793, -0.9330652952194214, -6.57748556137085, 2.0818121433258057, 4.35033655166626, 0.5904489159584045, -0.3558874726295471, 8.526293754577637, 4.731685638427734, -2.613638401031494, -4.289915561676025, -1.0204254388809204, -2.3796615600585938, -4.067476749420166, -2.2738776206970215, 4.230913162231445, 0.3061152994632721, 0.14906835556030273, -0.12880688905715942, -0.1151248887181282, 0.1621713936328888, 0.1630016267299652, -0.21275700628757477, -0.05633128434419632, 0.1402515321969986, -0.04655851423740387, -0.1749679446220398, -0.0739535391330719, 0.09845543652772903, 0.019650617614388466, -0.04468650743365288, 0.0255995262414217, 0.06712640076875687, -0.03437193110585213, 0.008128353394567966, 0.04783084988594055, -0.2864062488079071, -0.0616719014942646, -0.03489841893315315, 0.06787295639514923, -0.0790650025010109, -0.02103893645107746, -0.018164724111557007, -0.004327510017901659, 0.02082226797938347, 0.004571486730128527, 0.014401674270629883, 0.014634449034929276, -0.007346141152083874, -0.005978052970021963, -0.02166115678846836, -0.008604682050645351, -0.021355200558900833, -0.027888555079698563, -0.015247738920152187, -0.04263615235686302, 3272.846209697663, 0.0927552878856659, 6055.981839087702]",63,cat
1393,data/audio_cat-classification/NAYA_DATA_AUG1X/Happy/Online_Cat0342hpy.mp3,cat,"[-361.9956970214844, 124.01528930664062, -57.31981658935547, 35.08843231201172, -16.769264221191406, 7.782159805297852, 16.567333221435547, -11.304461479187012, 15.393771171569824, -10.196176528930664, -3.260753870010376, 2.6803858280181885, -0.8508725166320801, 17.17430305480957, 5.595907211303711, 7.133343696594238, 1.0000847578048706, -5.001078128814697, 0.6538935899734497, -3.471543788909912, 3.1753149032592773, 1.507590889930725, -0.410751610994339, 0.4391613006591797, -0.19105307757854462, 0.0669379010796547, 0.1537753939628601, -0.19523657858371735, 0.05489109829068184, -0.10634522885084152, 0.02274816483259201, 0.058953043073415756, -0.02023729681968689, 0.11124582588672638, 0.026899605989456177, 0.20155371725559235, 0.22778917849063873, 0.08461406826972961, -0.005080792121589184, -0.1534290313720703, 0.43795040249824524, 0.24947015941143036, 0.03111698292195797, 0.1084602028131485, 0.017033668234944344, 0.056122299283742905, 0.07052116841077805, 0.03844752162694931, 0.03491625189781189, -0.02526334673166275, -0.004018073435872793, 0.03853067010641098, -0.013682308606803417, -0.051064494997262955, -0.058336108922958374, -0.020671827718615532, 0.035358741879463196, 0.08788331598043442, 0.14201916754245758, 0.053072117269039154, 1378.6408906829895, 0.05656940117478371, 2880.9159128289475]",63,cat
565,data/audio_cat-classification/NAYA_DATA_AUG1X/Paining/cat_youtube01198_aug1(1).mp3,cat,"[-217.75047302246094, 62.89244079589844, -4.25060510635376, 3.1252708435058594, -13.118569374084473, -20.7630615234375, -12.500961303710938, -25.772632598876953, -18.89683723449707, -21.647945404052734, -19.765928268432617, -22.318635940551758, -14.491439819335938, -10.666719436645508, -7.1791815757751465, -4.062376022338867, -10.493799209594727, -1.1657745838165283, -6.487893104553223, -10.63809585571289, 1.7765246629714966, 0.4252484142780304, 0.03243608400225639, -0.06972041726112366, 0.0008355092722922564, -0.03694396838545799, -0.0722905844449997, -0.09190597385168076, -0.10570608079433441, -0.1787373125553131, -0.10608246177434921, -0.060470856726169586, -0.038780201226472855, -0.03624438866972923, -0.02419210970401764, -0.011898866854608059, 0.002920315833762288, -0.047750167548656464, -0.05034446716308594, -0.04355090856552124, -0.8440579175949097, -0.2339402288198471, 0.01879259943962097, 0.052018601447343826, 0.02171838842332363, 0.077157162129879, 0.021946942433714867, 0.05689600110054016, 0.06691236048936844, 0.06503414362668991, 0.05739127844572067, 0.06974529474973679, 0.02234068512916565, 0.08879529684782028, 0.042930588126182556, 0.03443993255496025, 0.0689600482583046, 0.02107362635433674, 0.05366094037890434, 0.0001877269969554618, 2971.7076749639095, 0.028801213949918747, 6247.636336854051]",63,cat
297,data/audio_cat-classification/NAYA_DATA_AUG1X/Paining/cat05_aug1(1).mp3,cat,"[-237.44053649902344, 53.17892074584961, -47.52069091796875, -8.098920822143555, -21.441551208496094, -18.076719284057617, -20.512605667114258, -4.996068954467773, 3.7439277172088623, 6.8772664070129395, -0.27361515164375305, -16.325490951538086, -28.922325134277344, -6.772505283355713, -2.376863956451416, -8.02184772491455, -6.679303169250488, 6.525845050811768, 5.798274040222168, -18.533721923828125, 1.124009609222412, -0.2946983575820923, -0.5925803780555725, 0.21418775618076324, -0.08399930596351624, -0.17891933023929596, -0.32550716400146484, 0.04561157524585724, 0.07437627762556076, 0.19004368782043457, 0.05820085108280182, -0.05116572603583336, -0.18610841035842896, 0.1158425360918045, 0.21846364438533783, 0.05222773551940918, -0.29659053683280945, -0.27281349897384644, 0.19987788796424866, -0.04946960136294365, -0.9846988916397095, -0.4820934534072876, 0.23002618551254272, 0.37734469771385193, -0.031513940542936325, -0.05692011117935181, 0.2101176381111145, 0.15077701210975647, 0.14591030776500702, 0.15602409839630127, 0.0007785409688949585, -0.16365903615951538, -0.19663161039352417, -0.0690256878733635, -0.06526737660169601, -0.01687765121459961, -0.0019517459440976381, -0.0916559025645256, 0.10499799996614456, 0.05838097631931305, 2708.250085147451, 0.013318308629095554, 4615.691028941761]",63,cat
4046,data/audio_cat-classification/NAYA_DATA_AUG1X/HuntingMind/Cat_YoutubeLLT42419.mp3,cat,"[-431.5162353515625, 108.57575225830078, -9.403496742248535, 5.677631378173828, 16.4516544342041, 16.4438533782959, 12.498522758483887, 12.384045600891113, 4.294857025146484, 3.7368216514587402, -3.2817389965057373, -1.245216965675354, 5.480600357055664, 1.5559087991714478, -0.1413356512784958, -1.5536315441131592, -4.791324615478516, -0.6226188540458679, -3.241115093231201, -1.7938419580459595, -0.30875304341316223, 0.15607716143131256, 0.204268217086792, 0.023252369835972786, -0.11542849242687225, -0.012359174899756908, 0.10471589863300323, 0.017936747521162033, 0.004895471967756748, -0.0016271497588604689, 0.0099724642932415, -0.012633995153009892, -0.05500630661845207, -0.00865051057189703, 0.04286017641425133, 0.05370763689279556, -0.041835956275463104, -0.07576219737529755, 0.011002616956830025, 0.09505070745944977, -0.17002281546592712, -0.01358585711568594, -0.01851469837129116, -0.016971124336123466, -0.0175237488001585, 0.0030555834528058767, 0.013316364958882332, -0.018055079504847527, 0.0011461490066722035, 0.023873118683695793, 0.006037384271621704, -0.023827360942959785, -0.00477736908942461, -0.004869557451456785, -0.014182068407535553, 0.005038529634475708, 0.0023237138520926237, -0.011805127374827862, 0.010985148139297962, 0.03058144822716713, 1989.7397179998645, 0.016472160816192627, 4023.637530555023]",63,cat
4802,data/audio_cat-classification/NAYA_DATA_AUG1X/MotherCall/cat012_aug1(1).mp3,cat,"[-305.6101379394531, 48.511199951171875, 27.256757736206055, 22.668949127197266, -10.846014976501465, 9.91161823272705, 33.42931365966797, 1.8836086988449097, -10.248866081237793, -3.7902657985687256, 6.4695611000061035, 15.360060691833496, -1.4898051023483276, -7.894748687744141, 4.882091522216797, 3.646472215652466, 4.854063510894775, 3.9107213020324707, -6.03693151473999, -0.43655478954315186, -0.9715921878814697, -0.4398907423019409, -0.14282222092151642, -0.08460146188735962, 0.08302417397499084, 0.022618915885686874, -0.05168132856488228, 0.019655149430036545, 0.10019727796316147, 0.027668217197060585, -0.010245933197438717, -0.09511960297822952, -0.04517512768507004, -0.007895823568105698, 0.04792448878288269, 0.05125227943062782, -0.01771753653883934, -0.01652303710579872, -0.0565645694732666, -0.07418336719274521, -0.9499738812446594, -0.263876348733902, -0.06037743762135506, -0.05584381893277168, 0.054959408938884735, -0.05090809985995293, -0.10228423029184341, 0.04930765926837921, 0.030552947893738747, -0.013023065403103828, 0.0051695555448532104, -0.017038647085428238, 0.02018742263317108, 0.0291446540504694, -0.01014266163110733, -0.044232115149497986, -0.03471338003873825, 0.040980882942676544, 0.00478227948769927, -0.011169787496328354, 3361.9190875954773, 0.02979806251823902, 6474.755859375]",63,cat
4641,data/audio_cat-classification/NAYA_DATA_AUG1X/Fighting/Last_addCat110Fit_aug1(1).mp3,cat,"[-179.27415466308594, 26.521690368652344, -110.53610229492188, 13.476655006408691, 7.802088737487793, 3.067241668701172, -28.983901977539062, 15.715328216552734, -9.448480606079102, -6.447827339172363, -4.344778537750244, -11.48215103149414, -0.9693560004234314, -5.695005416870117, -5.201740264892578, -6.3568902015686035, 2.449564218521118, 1.7701739072799683, -4.243152618408203, -2.715488910675049, -0.02303934097290039, 0.044158935546875, 0.38965359330177307, 0.017633819952607155, -0.045109909027814865, 0.5315198302268982, 0.08889036625623703, -0.06358411908149719, 0.15013694763183594, -0.10607478022575378, -0.23745757341384888, -0.15786300599575043, -0.10606592893600464, 0.10162203758955002, 0.044223666191101074, -0.10066985338926315, 0.014147567562758923, -0.11298403143882751, -0.05881831794977188, 0.07973820716142654, -0.41121959686279297, 0.025449253618717194, 0.10949429869651794, -0.06523403525352478, 0.20421689748764038, 0.09639102965593338, 0.04520055279135704, 0.0013565797125920653, 0.0857195183634758, 0.049360062927007675, 0.02641841396689415, -0.02811899222433567, -0.018411997705698013, 0.0928104817867279, -0.022494470700621605, 0.01661629043519497, 0.004123287741094828, 0.010303515940904617, 0.007407698314636946, 0.006295930594205856, 2629.748632453365, 0.006217209156602621, 3712.0757587139424]",63,cat
1586,data/audio_cat-classification/NAYA_DATA_AUG1X/Happy/cat_youtube01128_aug1(1).mp3,cat,"[-264.61376953125, 108.28450012207031, 19.57513427734375, 19.733407974243164, 5.8662004470825195, 10.83617115020752, -1.6313592195510864, -1.4017380475997925, 0.7082122564315796, -2.9739184379577637, -2.3557469844818115, -2.8411662578582764, -5.854226112365723, 2.7432427406311035, 4.389163970947266, 8.218562126159668, -1.1128487586975098, -2.84147047996521, -0.8781799077987671, 3.6283209323883057, -0.022236794233322144, -0.08685439079999924, -0.0507902055978775, -0.03908674418926239, -0.011341160163283348, -0.05284161865711212, -0.016791779547929764, 0.03685588762164116, 0.0326707549393177, -0.0005162891466170549, 0.02487916499376297, -0.03717324882745743, -0.014593681320548058, 0.025629304349422455, -0.04047473147511482, -0.026161806657910347, -0.014413236640393734, 8.136347605613992e-05, 0.015066367574036121, 0.0012298094807192683, -0.42992979288101196, -0.008034605532884598, 0.020171482115983963, -0.004653621930629015, 0.001450228737667203, 0.007256106473505497, 0.0035775809083133936, 0.011832254007458687, -0.012436636723577976, 0.0038299416191875935, 0.016986222937703133, 0.010996175929903984, 0.009334889240562916, -0.008284777402877808, -0.0018433771329000592, 0.0019069697009399533, -0.011640834622085094, -0.021611928939819336, 0.004797725938260555, 0.012111174874007702, 1903.0149873730281, 0.006940301973372698, 4336.787109375]",63,cat
755,data/audio_cat-classification/NAYA_DATA_AUG1X/Defence/LastEntry_cat1097Hiss_aug1(1).mp3,cat,"[-206.25534057617188, 78.57189178466797, -53.4120979309082, 24.607341766357422, -33.044769287109375, 27.267087936401367, -27.274930953979492, 8.381502151489258, -24.86961555480957, 11.801043510437012, -17.730897903442383, 3.9796481132507324, -14.853793144226074, 8.632976531982422, -11.5261869430542, 5.7720947265625, -6.160152912139893, 9.886190414428711, -4.790153980255127, 6.9435834884643555, -4.324204444885254, 1.8762398958206177, -0.47023478150367737, -0.21214261651039124, 0.6853543519973755, -1.1641300916671753, 0.2241721898317337, -0.8281843066215515, 0.27336612343788147, 0.316048264503479, 0.3260018229484558, -0.14247006177902222, 0.06003514304757118, -0.6254871487617493, 0.2689509987831116, -0.10755345225334167, 0.1643761545419693, -0.07733679562807083, 0.4976174831390381, -0.03757312893867493, -2.678828239440918, 0.1742016226053238, 0.16867919266223907, -0.32375234365463257, -0.0562482587993145, -0.37200212478637695, 0.11620303243398666, -0.26262491941452026, 0.14369088411331177, -0.33819839358329773, 0.14393499493598938, -0.3365519642829895, 0.26125967502593994, -0.160888209939003, 0.017309250310063362, -0.29030218720436096, 0.09088358283042908, -0.19531361758708954, -0.020617594942450523, 0.06296531856060028, 2903.414352309712, 0.028174666687846184, 5442.631628158245]",63,cat
4454,data/audio_cat-classification/NAYA_DATA_AUG1X/Fighting/cat021.mp3,cat,"[-159.5830535888672, 87.98634338378906, -17.65152931213379, 5.55483865737915, 3.4074316024780273, 1.9651159048080444, 6.245668411254883, 7.333813190460205, 1.792270302772522, 3.352201461791992, -0.5633756518363953, -0.668191134929657, -1.8082059621810913, -2.5040392875671387, 3.7178239822387695, 3.1034624576568604, 1.5533974170684814, -2.3567707538604736, 0.4604773223400116, -0.25499439239501953, -0.3444797992706299, 0.22340720891952515, 0.15947072207927704, -0.09785157442092896, -0.143756702542305, 0.039838243275880814, 0.01095009595155716, -0.05630325525999069, 0.030199922621250153, 0.07117793709039688, -0.057816699147224426, -0.0225715059787035, -0.03414936736226082, 0.002651876537129283, 0.06167742609977722, 0.01974739320576191, 0.03519808501005173, 0.056586503982543945, -0.027246415615081787, -0.0584542341530323, -0.33068549633026123, 0.011921991594135761, 0.0402604378759861, -0.012020517140626907, 0.02300908975303173, 0.00847818236798048, -0.03400377184152603, -0.005447892006486654, 0.019741395488381386, -0.0034104434307664633, -0.022406574338674545, -0.007334984838962555, 0.0043965899385511875, 0.01575896330177784, -0.015822360292077065, -0.00010614252823870629, -0.0030033818911761045, -0.014642584137618542, -0.026041653007268906, -0.009146514348685741, 2443.3961629178043, 0.03827578201889992, 4506.827101066931]",63,cat
3424,data/audio_cat-classification/NAYA_DATA_AUG1X/Angry/FIGHT_CONFUSION (5).mp3,cat,"[-259.73126220703125, 74.44039154052734, -14.687862396240234, -3.493100166320801, 8.840291976928711, -15.155622482299805, -10.89972972869873, 20.444053649902344, -8.588207244873047, -19.160770416259766, 11.098098754882812, -3.7769999504089355, -7.972011566162109, -5.785231590270996, -10.157163619995117, 6.425314426422119, 5.827793598175049, 12.749561309814453, 13.771636009216309, -18.377395629882812, 0.9567386507987976, 0.2548362612724304, -0.13294042646884918, -0.08105029165744781, 0.11991403996944427, 0.1116323322057724, -0.06249647215008736, -0.13774709403514862, -0.1977977156639099, -0.16530416905879974, -0.1061912402510643, 0.06667536497116089, 0.0803930014371872, -0.02237994782626629, 0.0392003059387207, 0.10326939076185226, 0.12350273877382278, 0.15661729872226715, 0.016348043456673622, -0.16171245276927948, -0.3713158071041107, 0.0713302344083786, -0.005475487094372511, 0.014144081622362137, -0.0818556472659111, -0.036186542361974716, -0.0003057577705476433, -0.10265771299600601, -0.02825585938990116, -0.020872730761766434, -0.0659232959151268, -0.011274308897554874, 0.03210193291306496, 0.07038777321577072, 0.012493781745433807, -0.04792504757642746, 0.00016992950986605138, -0.03514411672949791, -0.016125023365020752, 0.13348710536956787, 2459.482878904179, 0.011723916977643967, 4481.7486328125]",63,cat
4250,data/audio_cat-classification/NAYA_DATA_AUG1X/Fighting/YashLL_Cat0905Fit.mp3,cat,"[-177.00135803222656, 67.09398651123047, -19.838577270507812, 21.36208724975586, -32.446250915527344, 13.756360054016113, -38.724708557128906, 16.151077270507812, -14.969161033630371, 18.014406204223633, -15.562776565551758, 13.511966705322266, -10.568211555480957, 3.566911458969116, -2.2192232608795166, 5.432305335998535, -3.155815839767456, 2.3018040657043457, -1.3192702531814575, -1.374558925628662, 0.7053306698799133, -0.32288816571235657, 0.3636278808116913, 0.41934946179389954, -0.16565589606761932, 0.050431836396455765, -0.13488179445266724, 0.14067241549491882, 0.034581851214170456, 0.15622977912425995, -0.24272817373275757, 0.06658858805894852, 0.09447216242551804, 0.09767614305019379, -0.09791816025972366, 0.04023098573088646, -0.014331837184727192, 0.023164113983511925, 0.011804835870862007, 0.12232096493244171, -0.3178558647632599, 0.00035583728458732367, 0.14057892560958862, -0.05818832293152809, 0.0018929382786154747, -0.05866863951086998, 0.04698086157441139, -0.014819130301475525, 0.09169051051139832, -0.04440266638994217, -0.026516152545809746, -0.019585849717259407, 0.048195935785770416, -0.05769296735525131, 0.0020038546063005924, 0.03484019637107849, 0.029293658211827278, 0.007607618346810341, 0.019869495183229446, 0.0010517616756260395, 3282.052099111313, 0.02821914479136467, 6390.3076171875]",63,cat
240,data/audio_cat-classification/NAYA_DATA_AUG1X/Paining/Cat_YoutubeLLT42382_aug1(1).mp3,cat,"[-213.2311553955078, 28.36233139038086, -20.816513061523438, -4.433819770812988, -11.558822631835938, -9.889829635620117, -11.564192771911621, -14.777244567871094, -12.431063652038574, -11.359338760375977, -9.260190963745117, -2.499399185180664, -4.470367908477783, -7.99288272857666, -9.079285621643066, -0.32743674516677856, 5.0811309814453125, 0.538223385810852, -7.011286735534668, -3.182257890701294, -2.16005277633667, -0.7038195729255676, -0.05400563403964043, -0.1571251004934311, 0.1979934275150299, 0.24087244272232056, 0.098001629114151, 0.18330620229244232, 0.1868937462568283, 0.07270289957523346, 0.19176940619945526, 0.1909688115119934, 0.08251991868019104, 0.02020462229847908, 0.006698926445096731, -0.03925652056932449, -0.16473031044006348, 0.02547186240553856, -0.059740398079156876, -0.041451793164014816, -0.031474754214286804, 0.14811056852340698, 0.0019640144892036915, 0.05608232319355011, 0.10359606146812439, 0.061744559556245804, 0.009267083369195461, 0.025603845715522766, 0.0276632122695446, 0.05830615386366844, -0.0254315547645092, -0.00299497926607728, -0.07734367251396179, -0.05785207077860832, -0.058070119470357895, -0.05141973868012428, -0.03835012763738632, 0.046894486993551254, 0.06459106504917145, -0.0011426705168560147, 3797.18786345861, 0.15267987549304962, 7179.78515625]",63,cat
2373,data/audio_cat-classification/NAYA_DATA_AUG1X/Warning/LastEntry_cat1363Grl_aug1(1).mp3,cat,"[-154.4272918701172, 146.7225799560547, 19.863252639770508, 26.866943359375, -25.896596908569336, -3.3891167640686035, -10.295408248901367, -5.67307710647583, -29.577085494995117, -7.558021068572998, -30.05691909790039, -7.082221031188965, -15.118803977966309, -8.767104148864746, -2.772165536880493, -7.265378952026367, 1.8782005310058594, -7.723814964294434, 0.9268204569816589, -11.357162475585938, -0.05669868737459183, -0.1292775571346283, -0.23739321529865265, -0.17793723940849304, -0.18620581924915314, 0.05663326010107994, -0.029101409018039703, 0.173126682639122, -0.03371905907988548, -0.012594637461006641, 0.054161231964826584, 0.10141359269618988, -0.027642978355288506, 0.012860262766480446, 0.10606184601783752, -0.05191310495138168, -0.014864371158182621, -0.005416052415966988, -0.03558291867375374, -0.061186231672763824, -0.5152548551559448, -0.18446087837219238, -0.004761507268995047, -0.013851368799805641, 0.09500911831855774, 0.001312049338594079, -0.0172518752515316, -0.0018227053806185722, 0.1349293440580368, 0.06157773733139038, 0.025959476828575134, 0.007283983286470175, 0.07225598394870758, 0.01893427222967148, -0.01059202291071415, 0.011254284530878067, 0.021579759195446968, -0.03390408307313919, 0.004134946968406439, 0.03649866208434105, 1263.6271083178713, 0.010441873222589493, 2196.980153481791]",63,cat
4382,data/audio_cat-classification/NAYA_DATA_AUG1X/Fighting/Last_addCat335Fit.mp3,cat,"[-112.99506378173828, 30.91693878173828, -56.023258209228516, -5.241223335266113, -10.424651145935059, -4.108344078063965, -0.7208849787712097, -1.2031036615371704, -1.0780816078186035, 4.183287143707275, -5.593779563903809, -2.274663209915161, -4.234228610992432, 1.1299744844436646, -1.945915937423706, -1.4397660493850708, 1.6361678838729858, 0.2836940884590149, 1.2838691473007202, 3.1146459579467773, 1.163652777671814, -0.10252396017313004, -0.5218076109886169, -0.24458396434783936, -0.08459252119064331, -0.019427239894866943, 0.021366598084568977, 0.0804617628455162, 0.04203200340270996, -0.017917174845933914, 0.13055449724197388, -0.04197246581315994, -0.028225626796483994, 0.045940205454826355, 0.007571156602352858, 0.06272289901971817, 0.0615682415664196, -0.04151776060461998, -0.03405875712633133, 0.032167382538318634, -0.3025301992893219, 0.04151293262839317, 0.000266852235654369, -0.0425516776740551, -0.06996219605207443, -0.0704900249838829, 0.03634412959218025, 0.019662633538246155, -0.026816636323928833, -0.03274257853627205, -0.008034663274884224, 0.05969177186489105, 0.04736264422535896, -0.01586156338453293, -0.014115997590124607, -0.014694396406412125, 0.0029544869903475046, 0.023154297843575478, -0.0034098674077540636, 0.012568902224302292, 3207.5437234298292, 0.09136815369129181, 5694.676304262553]",63,cat
3410,data/audio_cat-classification/NAYA_DATA_AUG1X/Angry/Last_addCat358Ang_aug1(1).mp3,cat,"[-235.9169464111328, 89.47785949707031, -86.9207992553711, -20.28002166748047, -45.24909210205078, -3.6049628257751465, -17.171329498291016, -12.326260566711426, 16.658506393432617, -7.509358882904053, -22.52546501159668, -17.34113311767578, -11.245124816894531, -9.996758460998535, -4.403838634490967, 6.031260013580322, 1.8244245052337646, 6.43673849105835, -0.5184772610664368, -10.893394470214844, 1.7733941078186035, 0.5964156985282898, -0.3260200619697571, 0.03125949203968048, -0.07128582894802094, -0.02796517126262188, -0.13576911389827728, -0.15458810329437256, 0.2509797215461731, 0.37509262561798096, 0.08791252225637436, 0.011615486815571785, -0.19645249843597412, -0.19469130039215088, 0.08265708386898041, -0.18584799766540527, 0.0897228941321373, 0.396744966506958, 0.3947334587574005, 0.045969318598508835, -0.08492094278335571, -0.020009560510516167, 0.14508603513240814, -0.13296392560005188, 0.1419636756181717, 0.01822958141565323, 0.031760528683662415, 0.04146414250135422, -0.02035381644964218, -0.047023702412843704, 0.1286901980638504, 0.07492882758378983, 0.07839275151491165, -0.026807745918631554, -0.0959826409816742, -0.046787191182374954, -0.007986711338162422, 0.09712031483650208, 0.017789388075470924, 0.031019985675811768, 1682.949707015002, 0.00047976477071642876, 2621.3560498450415]",63,cat
4056,data/audio_cat-classification/NAYA_DATA_AUG1X/HuntingMind/catchatter241_aug1(1).mp3,cat,"[-285.1786193847656, 93.54989624023438, -6.867175102233887, 21.386966705322266, -10.613592147827148, 15.161246299743652, -2.178689479827881, -10.096884727478027, 1.1742918491363525, -10.921899795532227, -5.121499061584473, -14.218783378601074, -4.891982555389404, -9.22570514678955, -5.922839164733887, 0.49950122833251953, -3.514680862426758, 0.2655611038208008, -2.6255950927734375, 1.8085968494415283, -2.0521795749664307, -0.6595521569252014, -0.1668936312198639, -0.1387099176645279, 0.01862952671945095, -0.025701075792312622, 0.032947838306427, 0.072992242872715, 0.016180405393242836, 0.06821035593748093, 0.062146637588739395, 0.08243401348590851, 0.03707411512732506, 0.08022403717041016, 0.04869171977043152, 0.013989975675940514, 0.040201954543590546, 0.014375262893736362, 0.007524132262915373, 0.007023935671895742, -0.193031907081604, 0.05503062158823013, 0.0633285790681839, -0.027295943349599838, -0.011155198328197002, -0.04921313747763634, -0.012552889995276928, -0.014641708694398403, -0.02229759283363819, 0.025282587856054306, -0.017501225695014, 0.01219142321497202, -0.011144512332975864, -0.0003115478320978582, 0.011626544408500195, 0.010346061550080776, 0.013907362706959248, 0.00036144006298854947, 0.00426903273910284, -0.009848286397755146, 2022.1845948395353, 0.0822710394859314, 4334.4071237664475]",63,cat
1374,data/audio_cat-classification/NAYA_DATA_AUG1X/Happy/Online_Cat0359Hpy_aug1(1).mp3,cat,"[-215.4853057861328, 23.447927474975586, -40.710941314697266, -3.6485495567321777, -8.527328491210938, -3.245100498199463, -22.011404037475586, 16.425046920776367, 14.927042007446289, 16.06760597229004, 17.794971466064453, -10.698027610778809, -10.266219139099121, -18.818195343017578, 5.414223670959473, 6.123532772064209, -1.2077418565750122, 1.9924882650375366, 5.97056245803833, 18.164941787719727, 5.2154316902160645, -0.6361410617828369, -0.8487818837165833, 0.18997716903686523, -0.24927319586277008, 0.15329082310199738, -1.253182053565979, -1.6739072799682617, -0.8102166056632996, 0.39003074169158936, 1.5135161876678467, 1.0714385509490967, 0.005574485287070274, -1.439138412475586, -0.9521840810775757, 0.17323441803455353, -0.576204240322113, -0.0888681709766388, 0.991534948348999, 1.2585440874099731, -2.942798614501953, 0.13214384019374847, 0.06790953129529953, 0.0017182554583996534, -0.3663622736930847, 0.01708744838833809, -0.017489705234766006, -0.25472262501716614, -0.3062736988067627, -0.19350816309452057, 0.03951724246144295, 0.10987985134124756, 0.2962590456008911, 0.046522971242666245, -0.3154103457927704, -0.044349897652864456, 0.045702047646045685, -0.17860643565654755, -0.13723032176494598, 0.182231143116951, 2904.0462265305955, 0.007840008474886417, 5813.6572265625]",63,cat
5754,data/audio_cat-classification/NAYA_DATA_AUG1X/Resting/Online_Cat0474Purr_aug1(1).mp3,cat,"[-221.8467254638672, 143.2283477783203, 27.5559139251709, 36.603702545166016, 15.109533309936523, 32.441741943359375, 17.188501358032227, 1.0080705881118774, -6.203850746154785, -0.8912718892097473, 0.43476587533950806, 1.5734803676605225, 8.333636283874512, 6.468725681304932, 11.937731742858887, 6.648800849914551, 6.089582920074463, 8.835532188415527, 1.4715170860290527, 0.2004861980676651, -0.038483064621686935, -0.19308143854141235, -0.033418696373701096, 0.07084247469902039, -0.05752420425415039, 0.10188408941030502, 0.055844977498054504, -0.013620675541460514, 0.009521863423287868, 0.08087370544672012, -0.052391450852155685, -0.07503446191549301, 0.0536755807697773, -0.03721712529659271, 0.05309272184967995, 0.07055020332336426, 0.006372814532369375, 0.005545568186789751, 0.0559091717004776, 0.05961999297142029, -0.1364337056875229, -0.16864126920700073, -0.021202784031629562, 0.05211669206619263, -0.08691350370645523, -0.05641121044754982, -0.07628319412469864, 0.0748537927865982, 0.036377914249897, -0.033704739063978195, 0.02280181646347046, -0.05300980806350708, 0.06235802173614502, -0.013722116127610207, -0.013265229761600494, 0.030836226418614388, -0.024348845705389977, 0.005914033390581608, -0.018139153718948364, 0.035129155963659286, 825.1481581819211, 0.0007114913896657526, 1542.5968910331158]",63,cat
4322,data/audio_cat-classification/NAYA_DATA_AUG1X/Fighting/Online_Cat0446Fit.mp3,cat,"[-341.6037902832031, 164.94015502929688, -35.03847885131836, -28.931175231933594, 0.6126896739006042, -25.727149963378906, -1.4336363077163696, -8.581138610839844, -10.707501411437988, -4.031998634338379, -2.1744589805603027, 3.563485622406006, -3.506342887878418, 6.201626777648926, -0.8286347985267639, 0.7332696914672852, -4.152172565460205, 7.414330959320068, 4.222700119018555, 9.195512771606445, -0.3657629191875458, -0.2640736997127533, -0.04959023371338844, 0.16291457414627075, 0.18786974251270294, -0.001985950628295541, -0.035895343869924545, 0.05273670703172684, -0.01527601107954979, -0.029993532225489616, -0.02513742819428444, 0.0034251082688570023, -0.10102793574333191, -0.012347718700766563, -0.025680067017674446, 0.05196022987365723, -0.018333902582526207, 0.021947143599390984, -0.04096442461013794, -0.06189859285950661, 0.11153902113437653, -0.04342970997095108, 0.05283327400684357, 0.08279013633728027, 0.018566224724054337, 0.11622811108827591, 0.04638393595814705, 0.002364121610298753, 0.00890880636870861, 0.04614219442009926, 0.030681004747748375, 0.030446205288171768, 0.03202269226312637, -0.00167174288071692, 0.03199164941906929, 0.0017290374962612987, 0.021712176501750946, -0.016029000282287598, -0.003833163995295763, -0.012862779200077057, 976.2830218006907, 0.0003429081989452243, 1584.7850992521887]",63,cat
4084,data/audio_cat-classification/NAYA_DATA_AUG1X/HuntingMind/Cat_YoutubeLLT42421.mp3,cat,"[-535.0491943359375, 34.78653335571289, 9.345995903015137, 0.07845903933048248, 2.527317762374878, 0.4845649003982544, -2.6361989974975586, 1.8706096410751343, -4.588348388671875, -3.4328832626342773, -9.924266815185547, -7.310170650482178, -6.504626274108887, -3.0883259773254395, -5.430025100708008, -1.5279043912887573, -6.157182693481445, -5.496383190155029, -3.58914852142334, -5.839938640594482, 0.45177313685417175, 0.03254174441099167, 0.011596884578466415, 0.016629578545689583, -0.009679054841399193, 0.012779530137777328, 0.047650717198848724, -0.008586499840021133, -0.019238684326410294, -0.023396097123622894, -0.015419119037687778, 0.012789233587682247, 0.01265151146799326, -0.037574030458927155, -0.0150130745023489, 0.007354621309787035, 0.01889604888856411, 0.0071104783564805984, -0.029286153614521027, -0.03707098960876465, -0.3018054962158203, -0.01854288950562477, 0.008180192671716213, 0.009696031920611858, 0.03620220348238945, 0.0014696046710014343, -0.03276630491018295, 0.004003324080258608, 0.01431176159530878, -0.01625320129096508, 6.501674943137914e-05, 0.01739361695945263, 0.011166500858962536, 0.02004319429397583, 0.00010479291086085141, -0.014934073202311993, -0.009871414862573147, -0.02463073655962944, 0.0183935035020113, 0.02118687517940998, 4479.996003971668, 0.2986131012439728, 8637.595825195312]",63,cat
5919,data/audio_cat-classification/NAYA_DATA_AUG1X/Resting/cat_youtube01303.mp3,cat,"[-358.8015441894531, 109.7591323852539, 8.450757026672363, 23.9760684967041, 4.879437446594238, -12.81246280670166, -2.0924582481384277, -2.6417086124420166, -9.120463371276855, -7.4755167961120605, -13.103209495544434, -6.9770426750183105, -9.058257102966309, -10.912820816040039, -4.3339924812316895, 0.4333082139492035, -3.8215081691741943, -4.599696636199951, -0.5548955798149109, -3.677856922149658, 0.22601935267448425, -0.011736840941011906, -0.012618888169527054, -0.00939740240573883, 0.03451680764555931, 0.033633965998888016, 0.032301533967256546, -0.018773650750517845, 0.035046789795160294, 0.015023898333311081, 0.030147813260555267, 0.006976410746574402, 0.014294855296611786, -0.01165031362324953, 0.01010246854275465, 0.00672173174098134, 0.03870478644967079, 0.01096616592258215, 0.007795168552547693, 0.004375307820737362, -0.25369977951049805, -0.022711245343089104, -0.013999177142977715, 0.022417781874537468, -0.011497756466269493, -0.024951010942459106, -0.02277490869164467, -0.0002699109900277108, 0.018791882321238518, -0.008403105661273003, -0.009128553792834282, -0.01380964182317257, 0.02080201543867588, 0.03886469081044197, 0.017626885324716568, -0.000684258877299726, -0.021779458969831467, -0.03289395198225975, -0.025159329175949097, -3.43029823852703e-05, 1991.238128304506, 0.024873139336705208, 4309.470073192193]",63,cat
2486,data/audio_cat-classification/NAYA_DATA_AUG1X/Warning/Edit9009Grl_aug1(1).mp3,cat,"[-155.61917114257812, 80.03368377685547, 2.7069857120513916, 16.040924072265625, -5.389673233032227, -3.1384308338165283, 0.24197272956371307, -9.16598129272461, 5.374380111694336, -12.740998268127441, 9.414957046508789, -11.38438892364502, 7.593135356903076, -5.161643028259277, 1.1170588731765747, -5.944739818572998, -3.6575005054473877, -2.879112958908081, -7.65443229675293, 2.2908706665039062, 5.071285247802734, 0.8473153114318848, -0.011957382783293724, 0.15290433168411255, -0.17491042613983154, -0.07498645782470703, 0.07353206723928452, 0.017780058085918427, 0.11012513935565948, -0.12534880638122559, 0.27555373311042786, -0.17242617905139923, 0.017604518681764603, -0.017325792461633682, -0.12367377430200577, -0.13581356406211853, 0.06607325375080109, 0.03613840788602829, -0.06322822719812393, 0.03699086979031563, -3.908396005630493, -0.31200188398361206, 0.16493405401706696, -0.14966848492622375, -0.012402567081153393, -0.06086791306734085, 0.02768377773463726, 0.07138124108314514, -0.1336853802204132, 0.011289605870842934, -0.0678401067852974, 0.038619514554739, -0.05241952836513519, -0.00208057533018291, -0.14417150616645813, -0.004251406993716955, -0.010752107948064804, 0.04546701908111572, 0.07426341623067856, 0.03372897580265999, 2960.90432290173, 0.09328792989253998, 6284.713792067308]",63,cat
5635,data/audio_cat-classification/NAYA_DATA_AUG1X/Resting/catpurring020_aug1(1).mp3,cat,"[-288.8197021484375, 192.24029541015625, -14.430237770080566, 59.669769287109375, 6.001325607299805, -10.758646011352539, 18.01129150390625, -4.2661967277526855, 3.564451217651367, -12.528971672058105, 0.5970907211303711, 18.688627243041992, -4.745604038238525, 10.263504028320312, 9.34839916229248, 3.497866630554199, 12.651480674743652, -8.080963134765625, -0.9778278470039368, 7.030069828033447, -0.6928877830505371, -0.061495911329984665, 0.06639150530099869, 0.04522702470421791, 0.04865047708153725, 0.0443170964717865, 0.15515455603599548, 0.10613062977790833, -0.018017560243606567, 0.01639026589691639, -0.0482526570558548, -0.015101688914000988, 0.017646560445427895, 0.044614411890506744, -0.015275461599230766, -0.009253587573766708, 0.08153777569532394, 0.00878574512898922, -0.0561186745762825, -0.03799767419695854, -0.2311771810054779, -0.1026826724410057, 0.18496161699295044, -0.1059623584151268, -0.04164740815758705, -0.03623612970113754, -0.06061457470059395, 0.016734078526496887, -0.05606333538889885, 0.0059023331850767136, 0.02469811402261257, -0.025749308988451958, 0.022919464856386185, -0.04422634467482567, -0.017286615446209908, 0.004882774315774441, -0.024121977388858795, 0.04896761104464531, 0.01679050363600254, -0.0011568637564778328, 696.4652238746141, 4.701795114669949e-05, 1479.3877210115131]",63,cat
2801,data/audio_cat-classification/NAYA_DATA_AUG1X/Warning/LastEntry_cat1099Grl_aug1(1).mp3,cat,"[-192.9327850341797, 134.6915740966797, -32.735164642333984, 27.136518478393555, -28.29803466796875, 8.64188289642334, -15.59073543548584, -2.851886749267578, -19.66679573059082, -8.037785530090332, -14.223611831665039, -3.030731678009033, -5.914412021636963, -2.3765077590942383, -4.289983749389648, -3.0192103385925293, -3.119267225265503, -1.665092945098877, -3.4756205081939697, -3.5561091899871826, 0.1676652580499649, -0.05569067224860191, -0.0033984517212957144, 0.11721371859312057, -0.11326227337121964, 0.04756733402609825, 0.11691034585237503, 0.14250671863555908, -0.0054061925038695335, -0.026745134964585304, 0.05893862247467041, 0.06261333078145981, 0.032848138362169266, -0.05161060392856598, -0.052953410893678665, 0.06927470862865448, 0.049806736409664154, -0.028672929853200912, -0.0018422093708068132, 0.07426797598600388, -0.35243305563926697, 0.014548984356224537, 0.004540475085377693, -0.05276230350136757, 0.037883661687374115, -0.08472291380167007, 0.03849700465798378, -0.015225118957459927, 0.041222091764211655, 0.019597399979829788, 0.06216488406062126, -0.024330539628863335, 0.03252086415886879, -0.002615580800920725, -0.0007203166605904698, -0.03793071582913399, -0.011553228832781315, 0.013870708644390106, 0.009157451801002026, -0.0260147862136364, 1631.1073740049674, 0.0052590155974030495, 3003.7407887554587]",63,cat
1883,data/audio_cat-classification/NAYA_DATA_AUG1X/Mating/LastEntry_cat1050mat.mp3,cat,"[-386.167724609375, 105.12525177001953, -16.1403751373291, 17.917972564697266, 12.85408878326416, 2.8763086795806885, -1.3187170028686523, -10.90735912322998, 0.03511643782258034, 4.722778797149658, -5.998185634613037, 0.3286150395870209, 3.16265606880188, -1.1668097972869873, 2.393613815307617, -1.6913789510726929, -7.428375720977783, -0.8465611934661865, -2.5814361572265625, -4.568284511566162, 0.3645593225955963, 0.06941114366054535, 0.0073266662657260895, 0.09152878820896149, -0.005564315710216761, -2.2730928321834654e-05, 0.019211353734135628, -0.01007307879626751, -0.008306853473186493, -0.008023899048566818, -0.030573712661862373, -0.05808829888701439, -0.022193046286702156, 0.024375831708312035, 0.023827029392123222, 0.010823189280927181, 0.02554147131741047, 0.03350154310464859, 0.05613710358738899, 0.03892449289560318, -0.44307440519332886, 0.014085952192544937, 0.0671798512339592, -0.08331166207790375, 0.03431319072842598, -0.02623518742620945, -0.00016206376312766224, 0.016939250752329826, 0.03887767344713211, -0.00021459574054460973, 0.006970589514821768, 0.037617407739162445, 0.010399946011602879, -0.03353647142648697, -0.006871948949992657, 0.0008836407796479762, -0.04511932656168938, -0.020776476711034775, 0.011951095424592495, 0.029278812929987907, 1918.5958133484628, 0.014885562472045422, 3791.848170503657]",63,cat
5866,data/audio_cat-classification/NAYA_DATA_AUG1X/Resting/Last_addCat306Purr.mp3,cat,"[-411.4046936035156, 67.5936279296875, 20.453880310058594, 6.135647773742676, -2.3769822120666504, -4.9327850341796875, -2.827767848968506, -3.59989595413208, -4.707369327545166, -2.3629214763641357, -0.7531167268753052, 0.18604819476604462, 0.12493465095758438, -0.6771670579910278, 0.918432891368866, 1.512363314628601, 2.834001302719116, 1.4592722654342651, 0.2446729838848114, -0.6973161697387695, 0.5332063436508179, 0.13056179881095886, -0.06725763529539108, -0.1041422113776207, -0.084495909512043, -0.037207528948783875, -0.010379131883382797, 0.0018860427662730217, 0.008508294820785522, 0.007476375438272953, 0.020058002322912216, 0.014233526773750782, 0.018261805176734924, 0.005176371894776821, -0.016041606664657593, 0.030366089195013046, 0.03571287542581558, 0.025324052199721336, -0.0042980024591088295, -0.024259211495518684, -0.3529431223869324, -0.03356373310089111, -0.0074628922156989574, 0.02540445700287819, 0.02192324958741665, 0.007246068213135004, -0.005697835236787796, -0.011567180044949055, -0.007904641330242157, -0.019495077431201935, -0.002985543804243207, 0.016948584467172623, -0.011668008752167225, -0.008314698934555054, 0.005605733022093773, -0.0005489048780873418, 0.009212740696966648, -0.008317929692566395, 0.011651093140244484, 0.01108488067984581, 3590.214242873835, 0.1710193157196045, 8108.514881963315]",63,cat
333,data/audio_cat-classification/NAYA_DATA_AUG1X/Paining/cat_coll0150_aug1(1).mp3,cat,"[-380.6282043457031, 18.83616065979004, -53.50554275512695, -5.151968479156494, 1.3170101642608643, -8.14542293548584, -8.651230812072754, -9.845049858093262, -17.069950103759766, -9.186769485473633, -4.67677116394043, -11.502071380615234, -3.6507492065429688, 9.401151657104492, 13.924687385559082, 5.946701526641846, -4.169526100158691, -8.042335510253906, -12.019431114196777, -2.667971611022949, 1.4906535148620605, 0.5820105075836182, 0.15776509046554565, 0.08284266293048859, 0.058254487812519073, -0.20093291997909546, -0.19161494076251984, -0.158258855342865, -0.2047591656446457, -0.2597728967666626, -0.12771061062812805, -0.10794970393180847, -0.0034726872108876705, 0.015700681135058403, -0.16421861946582794, -0.0524628572165966, -0.05288119986653328, -0.05598479136824608, -0.05152471736073494, -0.004954817704856396, 0.4428333342075348, 0.022925136610865593, 0.025556860491633415, 0.02367359772324562, -0.014604602009057999, 0.04024066403508186, -0.01523340679705143, -0.045281630009412766, -0.05703727528452873, -0.05011077970266342, -0.009752606973052025, -0.01660073548555374, 0.0053395978175103664, 0.022586345672607422, -0.07502378523349762, -0.02898603118956089, -0.08573313057422638, -0.09469816088676453, -0.003035053377971053, 0.034413352608680725, 2978.3993707207114, 0.15385636687278748, 5507.729986649525]",63,cat
1543,data/audio_cat-classification/NAYA_DATA_AUG1X/Happy/cat_coll0101.mp3,cat,"[-260.065673828125, 32.4041633605957, -9.158260345458984, 23.003522872924805, 9.061470985412598, -0.8837738633155823, 13.419892311096191, 9.522294998168945, 9.426911354064941, 7.687454700469971, 15.05274772644043, 23.396739959716797, 8.767107963562012, 5.8642497062683105, -3.3406965732574463, -4.322140216827393, 0.07167283445596695, 3.2072582244873047, -2.7483201026916504, -5.730530261993408, 3.3302230834960938, 1.0259288549423218, 0.6007152795791626, 0.3074164092540741, 0.31766775250434875, 0.18445493280887604, 0.12909406423568726, 0.15577612817287445, 0.24012137949466705, 0.21815116703510284, 0.15056806802749634, 0.14662586152553558, -0.010213528759777546, -0.030550511553883553, -0.02912665158510208, -0.06851872056722641, -0.06295152008533478, -0.07510065287351608, -0.09089487791061401, -0.031695809215307236, 0.5509686470031738, 0.3326842188835144, 0.19306685030460358, -0.050167929381132126, 0.010642983950674534, -0.0060967649333179, 0.022905031219124794, -0.021777570247650146, -0.018494311720132828, 0.08354898542165756, -0.0007042394718155265, -0.028225798159837723, -0.01946307346224785, 0.003152624238282442, -0.005186889320611954, -0.047932352870702744, -0.023361174389719963, 0.02136494778096676, -0.011850472539663315, -0.06066969409584999, 2914.4336608473436, 0.07153439521789551, 5748.359009929906]",63,cat
1073,data/audio_cat-classification/NAYA_DATA_AUG1X/Defence/Edit9036Hiss.mp3,cat,"[-213.89964294433594, 37.139339447021484, -11.225961685180664, 17.91153335571289, -7.013218402862549, 15.981437683105469, 2.8371095657348633, 1.8221125602722168, 0.26808539032936096, 7.579128742218018, 1.7304471731185913, 1.5782678127288818, -1.8080775737762451, -3.636151075363159, -1.158922553062439, -2.1900744438171387, -2.8280155658721924, -3.910069704055786, 1.2303986549377441, 1.1634910106658936, 8.739280700683594, -3.2703237533569336, -1.7296313047409058, -0.49054816365242004, -0.6210992336273193, -0.32331374287605286, -0.3838382959365845, 0.04481206461787224, -0.09634809195995331, -0.043952617794275284, -0.31114426255226135, -0.345403254032135, 0.07118675857782364, 0.32297828793525696, 0.06465092301368713, 0.1646382063627243, 0.11734098196029663, 0.25560256838798523, 0.22181575000286102, 0.024238917976617813, -6.480438709259033, -1.1715075969696045, -0.4556790888309479, -0.20450939238071442, -0.053602103143930435, -0.12670524418354034, -0.38016220927238464, -0.11705800145864487, 0.060057807713747025, 0.16482383012771606, -0.029346536844968796, -0.0872589498758316, 0.35119014978408813, 0.3455519378185272, 0.19269031286239624, 0.22880223393440247, -0.20067964494228363, 0.13653510808944702, -0.033666159957647324, 0.0818389430642128, 3472.2097754228007, 0.18331660330295563, 6464.823273689516]",63,cat
4053,data/audio_cat-classification/NAYA_DATA_AUG1X/HuntingMind/Cat_YoutubeLLT42430.mp3,cat,"[-328.7469177246094, 135.29107666015625, -30.889970779418945, -10.474332809448242, -12.293157577514648, -4.887248516082764, -11.220425605773926, -10.607458114624023, -12.689035415649414, -3.374262809753418, -2.730949640274048, -9.665900230407715, 0.36772429943084717, -0.8651707172393799, -3.277712106704712, -3.9034993648529053, -3.469440221786499, -1.7848777770996094, -5.612203598022461, -6.444738864898682, 0.1317640095949173, -0.05085306614637375, -0.016551729291677475, -0.12381668388843536, 0.03319355472922325, 0.05660912021994591, -0.022898511961102486, -0.020801737904548645, 0.02447567880153656, 0.011369465850293636, 0.03564881160855293, 0.010768317617475986, -0.025147775188088417, -0.05984308570623398, -0.04047228768467903, -0.04070395976305008, -0.07870660722255707, -0.003386389696970582, 0.0638355240225792, 0.021862369030714035, -0.5077604055404663, 0.15410786867141724, 0.1303103119134903, -0.04081664979457855, 0.015566090121865273, 0.015879902988672256, 0.015133059583604336, 0.025552501901984215, -0.04549318924546242, 0.009196811355650425, -0.008110390044748783, 0.06826508045196533, 0.010261602699756622, 0.02028687484562397, -0.008802885189652443, -0.046055279672145844, -0.0028779287822544575, -0.0016980390064418316, 0.00496339239180088, 0.019278427585959435, 1693.4332629072153, 0.013742402195930481, 2757.2843460016375]",63,cat
2680,data/audio_cat-classification/NAYA_DATA_AUG1X/Warning/Edit9120Grl_aug1(1).mp3,cat,"[-198.7315673828125, 91.69123077392578, -46.37467575073242, -17.679431915283203, -33.013431549072266, -7.427184581756592, 5.274355888366699, -5.3403706550598145, -4.676562786102295, 4.058251857757568, 4.576457500457764, 2.02437162399292, -14.385854721069336, 0.8148984909057617, 1.044971227645874, 3.2000057697296143, 1.5941413640975952, -7.263350963592529, -5.559331893920898, -1.0395264625549316, -1.6352647542953491, -0.24197548627853394, 0.011868800036609173, -0.4567863643169403, 0.2720777988433838, 0.3045475482940674, -0.17354053258895874, -0.2333558201789856, 0.10716695338487625, 0.011796455830335617, 0.047195687890052795, -0.12238509953022003, 0.013790559954941273, -0.05942102521657944, -0.04430917650461197, -0.2167717069387436, 0.032100532203912735, 0.08914762735366821, 0.010475756600499153, 0.03614397719502449, -4.7470269203186035, -1.169310450553894, 0.22265321016311646, -0.29558107256889343, 0.19210690259933472, 0.05400456115603447, -0.06164500117301941, 0.08972594887018204, 0.011776553466916084, -0.0825551375746727, 0.05687811225652695, 0.0029992975760251284, 0.17722062766551971, -0.029926510527729988, -0.06486435979604721, -0.10128571093082428, 0.02752450294792652, 0.08138301223516464, 0.12323558330535889, 0.07632001489400864, 1830.9104511746189, 0.05345507711172104, 3288.782677283654]",63,cat
696,data/audio_cat-classification/NAYA_DATA_AUG1X/Defence/car_extcoll0166.mp3,cat,"[-293.59173583984375, 52.461631774902344, 27.17083740234375, 5.375156402587891, 16.646806716918945, -1.6810725927352905, 12.018240928649902, 1.309828758239746, -0.3660769760608673, 4.678606033325195, -2.1421353816986084, 0.7554357647895813, 0.88431715965271, 4.0440263748168945, 5.915167808532715, 0.11983799934387207, 4.467249393463135, 0.10519517958164215, -0.14749816060066223, -0.3032568097114563, 2.4385485649108887, 0.2922537922859192, 0.15491285920143127, -0.23922276496887207, -0.047723010182380676, 0.14793743193149567, 0.17620815336704254, 0.22291967272758484, -0.14923612773418427, -0.10759352892637253, -0.029674017801880836, -0.18350856006145477, 0.17696671187877655, 0.13278919458389282, 0.009501796215772629, 0.06226532533764839, 0.08130396157503128, 0.14930236339569092, 0.054228685796260834, -0.04148729518055916, -3.6501376628875732, 0.44272539019584656, 0.34383296966552734, -0.08986442536115646, -0.09579546749591827, -0.07179191708564758, -0.16654697060585022, -0.07375767081975937, 0.07037492841482162, 0.08455156534910202, 0.06804055720567703, -0.08569686859846115, 0.1570233702659607, 0.004814541433006525, -0.021856343373656273, -0.17182520031929016, -0.05900459736585617, -0.06549687683582306, 0.06586545705795288, 0.05413194000720978, 4369.4594675079625, 0.15964627265930176, 8448.656439012097]",63,cat
5658,data/audio_cat-classification/NAYA_DATA_AUG1X/Resting/Online_Cat0434Purr_aug1(1).mp3,cat,"[-351.231689453125, 75.49004364013672, 58.59328079223633, 48.26026153564453, 28.946687698364258, 8.411749839782715, 5.694046974182129, -0.015330301597714424, -9.11917495727539, -9.356257438659668, -14.022822380065918, -15.270218849182129, -15.896415710449219, -12.017167091369629, -9.0665922164917, -15.394323348999023, -9.109501838684082, -7.375034332275391, -11.256613731384277, -12.981781005859375, -0.06965690851211548, -0.08452098816633224, -0.05591516196727753, -0.032965753227472305, -0.020331060513854027, -0.01184019260108471, -0.004108924884349108, -0.0012899553403258324, -0.003743023844435811, -0.0035242228768765926, 0.0014502565609291196, 0.006132562179118395, 0.007756045088171959, 0.006192976143211126, 0.003380580572411418, 0.0007209610193967819, -0.0014906559372320771, -0.0007075709290802479, 0.0019655630458146334, 0.0018523074686527252, 0.06332471966743469, 0.07683725655078888, 0.050831958651542664, 0.029968883842229843, 0.018482746556401253, 0.010763813741505146, 0.0037353881634771824, 0.0011726944940164685, 0.003402744885534048, 0.0032038369681686163, -0.0013184064300730824, -0.005575061775743961, -0.007050934713333845, -0.005629982799291611, -0.003073248313739896, -0.0006554303108714521, 0.0013551384909078479, 0.0006432453519664705, -0.0017868808936327696, -0.0016839135205373168, 1368.5607311803192, 0.06793814152479172, 3111.509940993618]",63,cat
4623,data/audio_cat-classification/NAYA_DATA_AUG1X/Fighting/LastEntry_cat1204Fit_aug1(1).mp3,cat,"[-194.8744354248047, 40.776634216308594, -56.593299865722656, 38.819366455078125, 14.624524116516113, 16.44687843322754, -6.1346001625061035, 6.258667945861816, 5.834690570831299, 6.629279136657715, 1.4452075958251953, 2.8705155849456787, -6.243942737579346, -14.568737030029297, -6.724035739898682, -2.34944224357605, -3.8953707218170166, 0.5178518295288086, -2.6097559928894043, 5.198081970214844, -1.4576760530471802, 0.4080383777618408, 0.8259301781654358, 0.4376356899738312, 0.06770050525665283, -0.18855075538158417, 0.03625781834125519, -0.018739840015769005, 0.06213104724884033, -0.16773611307144165, -0.31366121768951416, -0.11707361042499542, 0.1365123689174652, -0.08589231967926025, -0.289473295211792, -0.1811915636062622, -0.06283225119113922, 0.006093113217502832, -0.003448941046372056, 0.0006490780506283045, -0.0031794914975762367, -0.2470359206199646, -0.2529888451099396, -0.10371654480695724, -0.15566177666187286, -0.07205750793218613, 0.07061485946178436, -0.05091489851474762, -0.05438873544335365, -0.0314919538795948, 0.05366528034210205, 0.1124262586236, -0.009412258863449097, 0.0642351433634758, -0.02806222252547741, -0.07318253815174103, -0.031024929136037827, 0.032447218894958496, 0.0796082392334938, 0.0045387414284050465, 2618.612934448108, 0.013475790619850159, 3750.2557842548076]",63,cat
3469,data/audio_cat-classification/NAYA_DATA_AUG1X/Angry/Cat_Angry1047_aug1(1).mp3,cat,"[-238.56959533691406, 69.03494262695312, -37.27474594116211, -14.699580192565918, -5.896861553192139, -5.976792812347412, -18.665008544921875, -1.1541043519973755, 2.276139259338379, -12.591623306274414, -9.814720153808594, -4.345318794250488, -15.216408729553223, -3.5306849479675293, -1.877468466758728, -1.870766043663025, 4.717421054840088, 0.1862725019454956, 11.133535385131836, 11.501249313354492, 3.758491039276123, 0.8992254137992859, -0.5548513531684875, -0.12579578161239624, -0.36548054218292236, -0.12586523592472076, -0.21823753416538239, 0.09873389452695847, 0.09147341549396515, -0.30602988600730896, -0.07549554109573364, -0.010891642421483994, -0.2964199483394623, -0.00927860476076603, 0.09259569644927979, -0.061811305582523346, -0.01355462521314621, 0.027701398357748985, 0.14967034757137299, 0.05966900289058685, 0.026185909286141396, 0.08561016619205475, 0.01687547005712986, 0.004559700842946768, 0.00805431418120861, 0.007018812000751495, 0.02906165085732937, 0.038318194448947906, 0.012402164749801159, -0.023923177272081375, 0.011549681425094604, 0.027881119400262833, 0.02584572322666645, -0.048830050975084305, -0.04864424094557762, -0.06693465262651443, -0.03259703516960144, 0.01999834179878235, -0.009602636098861694, -0.002697295742109418, 1968.8936893888886, 0.13815683126449585, 3627.6403694509345]",63,cat
247,data/audio_cat-classification/NAYA_DATA_AUG1X/Paining/Last_addCat129561Res_aug1(1).mp3,cat,"[-265.226318359375, 128.62966918945312, -56.655067443847656, -7.263952732086182, -24.670320510864258, 1.7649672031402588, -2.595167636871338, 9.486739158630371, -11.762578010559082, -3.7321901321411133, -2.8896450996398926, -2.9550492763519287, -2.2033421993255615, -3.3989717960357666, -2.691614866256714, -6.864655017852783, -4.077788352966309, -0.2304385006427765, 0.8086147904396057, 1.989290714263916, -1.484373927116394, -0.3526175618171692, 0.12718071043491364, -0.06985728442668915, 0.15832637250423431, 0.013766098767518997, 0.07788444310426712, -0.0006547649390995502, 0.06531929969787598, -0.03238686919212341, 0.09087791293859482, 0.024141520261764526, 0.041879646480083466, -0.05404599383473396, -0.039670854806900024, -0.014834743924438953, 0.020741282030940056, -0.03816213458776474, -0.015174755826592445, -0.005401019938290119, -0.14618371427059174, 0.06370257586240768, -0.0434282161295414, -0.0878039300441742, -0.01563381217420101, -0.01892646960914135, 0.010668320581316948, -0.013865139335393906, -0.01936470903456211, -0.021687110885977745, -0.01201598159968853, 0.005674812942743301, 0.033438876271247864, 0.006816485431045294, 0.025988753885030746, 0.022445639595389366, 0.020512862130999565, -0.00308116408996284, 0.047343216836452484, 0.01627865806221962, 1571.0061205435343, 0.039133209735155106, 2682.73213267838]",63,cat
2623,data/audio_cat-classification/NAYA_DATA_AUG1X/Warning/car_extcoll0313.mp3,cat,"[-481.6103515625, 151.5692901611328, -20.007373809814453, -17.23594856262207, 4.603157043457031, -18.62116813659668, -12.693561553955078, -7.651482105255127, -16.539228439331055, -9.160773277282715, -7.32750940322876, -9.708661079406738, -2.4313788414001465, -4.777275085449219, -7.90280818939209, -1.938660979270935, -4.319133281707764, -7.842843055725098, -4.668033123016357, -5.214479446411133, -0.12731583416461945, -0.12370862066745758, -0.028150996193289757, 0.030097514390945435, 0.03242768719792366, -0.009585998952388763, 0.009391635656356812, 0.0814289003610611, 0.06893351674079895, 0.03439453989267349, 0.044442273676395416, -0.0011492008343338966, -0.019612595438957214, 0.05958252027630806, 0.04033053293824196, -0.056833311915397644, -0.04124819487333298, -0.005348168313503265, -0.017460985109210014, 0.012352708727121353, -0.23511925339698792, -0.12957166135311127, 0.10221433639526367, 0.06009247899055481, 0.020099632441997528, 0.058301959186792374, 0.032337725162506104, 0.02166120521724224, 0.051126062870025635, 0.03529112786054611, 0.013268223032355309, 0.001551659544929862, -0.01660137251019478, 0.008946800604462624, 0.03990386798977852, 0.012154935859143734, -0.016763515770435333, -0.017550302669405937, -0.017849434167146683, -0.006297425366938114, 1129.5477861975944, 0.003879982978105545, 1838.883026867378]",63,cat
2868,data/audio_cat-classification/NAYA_DATA_AUG1X/Warning/cat_Growl017_aug1(1).mp3,cat,"[-207.49765014648438, 113.24104309082031, -39.58924865722656, -14.915619850158691, -34.95547103881836, -6.2240309715271, -7.030794143676758, 7.627503871917725, -2.0413801670074463, -24.05974006652832, -15.360422134399414, -7.96563196182251, -13.545065879821777, -7.315467834472656, -8.961994171142578, -7.677181243896484, -7.989286422729492, -2.9940309524536133, -1.5974488258361816, -3.190232992172241, 1.5458767414093018, 0.0720122680068016, -0.21531128883361816, -0.2992743253707886, -0.20121316611766815, 0.08995328843593597, -0.09190959483385086, 0.04539630934596062, 0.0867229700088501, -0.03906670957803726, 0.045720335096120834, -0.10899325460195541, -0.07108673453330994, 0.051546528935432434, 0.13124904036521912, 0.11666472256183624, -0.007089708931744099, -0.10419761389493942, -0.03564807400107384, -0.044744253158569336, -0.5223885178565979, -0.15566252171993256, 0.09604111313819885, -0.06375769525766373, -0.09545104205608368, 0.09085388481616974, -0.03462011739611626, -0.054600249975919724, -0.004696073941886425, -0.008482751436531544, 0.15877209603786469, 0.013215566985309124, 0.006684501655399799, -0.01007839571684599, -0.06503523886203766, 0.02028542384505272, -0.05939694494009018, -0.07824894040822983, 0.03189243748784065, -0.029774077236652374, 2074.3039069860847, 0.04829008877277374, 3645.6400120511967]",63,cat
1188,data/audio_cat-classification/NAYA_DATA_AUG1X/Happy/Online_Cat0514Hpy_aug1(1).mp3,cat,"[-194.1275634765625, 100.14057159423828, -23.34852409362793, -12.483393669128418, 23.39876365661621, -4.259079933166504, -11.679606437683105, 4.682652950286865, -10.170172691345215, 9.414237976074219, -17.771821975708008, -1.9452956914901733, -21.554174423217773, 6.832464694976807, -1.2138699293136597, 22.49321746826172, 18.669069290161133, 14.194807052612305, -3.2469615936279297, -9.299983978271484, 3.0543947219848633, -0.8768842816352844, -1.5553771257400513, -0.40216952562332153, 0.8331409096717834, -0.056900206953287125, -0.8970339894294739, -0.2817041575908661, 0.1506582647562027, 0.7539221048355103, -0.35231444239616394, -0.0022011734545230865, -0.445697158575058, 0.24545569717884064, 0.12089406698942184, 0.4527899920940399, 0.3467607796192169, 1.1889108419418335, 0.6071728467941284, -0.6210372447967529, -1.477049469947815, -0.5496702194213867, 0.2511473298072815, 0.2657833695411682, 0.2477530986070633, 0.08806659281253815, 0.10710500925779343, 0.15312273800373077, 0.3918657898902893, 0.03819835186004639, 0.019882196560502052, 0.09325671941041946, 0.2221745401620865, 0.04513883590698242, 0.30215761065483093, 0.22764812409877777, 0.08087913691997528, 0.2639315128326416, 0.17337973415851593, 0.0019503068178892136, 1802.5512236256427, 0.0009310353198088706, 2474.3858924278848]",63,cat
3482,data/audio_cat-classification/NAYA_DATA_AUG1X/Angry/cat16_aug1(1).mp3,cat,"[-304.91998291015625, 84.92800903320312, 35.658775329589844, 3.5591468811035156, -0.6185552477836609, 0.7124813199043274, -2.1227712631225586, -3.606264114379883, -2.241929292678833, -3.648712158203125, -1.4754513502120972, 0.6817439794540405, 1.8541481494903564, 1.1094639301300049, -1.3580124378204346, -3.1481266021728516, -4.844643592834473, -2.6237285137176514, 0.2731070816516876, 3.3084399700164795, -0.2699972689151764, -0.28005266189575195, 0.09917342662811279, -0.04675197973847389, -0.06651775538921356, 0.07065682858228683, -0.012956218793988228, -0.14670757949352264, -0.0642922893166542, 0.0005284667131491005, 0.0037841082084923983, 0.04293997585773468, -0.05552240461111069, -0.13753172755241394, -0.12988802790641785, -0.057712726294994354, 0.016309356316924095, 0.1419149935245514, 0.04352466017007828, -0.09697861969470978, -0.8667410016059875, -0.4198436141014099, 0.014067059382796288, 0.07541419565677643, -0.04958086088299751, -0.053394198417663574, -0.08459299057722092, -0.1032237634062767, -0.03353317826986313, 0.061542950570583344, 0.01688838005065918, -0.0006589591503143311, 0.03634222224354744, 0.018630322068929672, 0.08440260589122772, 0.06832385063171387, 0.09384007751941681, -0.017198076471686363, 0.005626314785331488, 0.022073525935411453, 2608.9036927063394, 0.06796571612358093, 5739.002380371094]",63,cat
4618,data/audio_cat-classification/NAYA_DATA_AUG1X/Fighting/Last_addCat263Fit.mp3,cat,"[-109.64848327636719, 8.450519561767578, -38.912078857421875, -7.7712273597717285, -8.473072052001953, -13.228646278381348, -8.950613021850586, -13.3872709274292, -6.439058780670166, -1.2830595970153809, -8.877493858337402, 2.8079335689544678, -13.274011611938477, 2.8736495971679688, 0.22128929197788239, 12.067614555358887, 2.406301498413086, -1.5742976665496826, -8.196871757507324, 2.797841787338257, 1.2178378105163574, 0.16234761476516724, 0.07342873513698578, -0.09469079971313477, -0.08005321770906448, -0.007508264854550362, -0.0413973331451416, -0.06006651371717453, -0.04188709706068039, 0.03741680830717087, -0.06891059130430222, 0.061368443071842194, -0.008784632198512554, 0.018942371010780334, -0.00595620134845376, -0.02389923669397831, -0.02373901940882206, -0.04911879822611809, -0.023731794208288193, 0.010333838872611523, -0.14400582015514374, 0.03347453474998474, -0.0314054936170578, -0.07877496629953384, -0.0029706470668315887, -0.040193114429712296, 0.04855358228087425, 0.011594844050705433, 0.011602654121816158, 0.011119939386844635, 0.03314103186130524, -0.04007488116621971, 0.03235218673944473, -0.011961054988205433, -0.004897778853774071, -0.010226018726825714, 0.007649184204638004, -0.015836795791983604, 0.021016161888837814, -0.010969851166009903, 3705.1278791389104, 0.0867665633559227, 7372.3435924899195]",63,cat
5273,data/audio_cat-classification/NAYA_DATA_AUG1X/MotherCall/Cat_pills0144_aug1(1).mp3,cat,"[-323.63043212890625, 97.63211059570312, 20.203399658203125, 7.57293176651001, 9.642778396606445, 13.204687118530273, 3.7096006870269775, -1.398890495300293, 1.569502592086792, -1.1194509267807007, -3.9838383197784424, 0.911992609500885, -1.2597293853759766, -2.4547839164733887, -0.14553114771842957, 0.6488819122314453, -1.0567880868911743, -0.18229389190673828, -1.0070898532867432, -2.851755380630493, 2.894357919692993, 0.874172568321228, 0.16919797658920288, 0.006134411785751581, 0.0647788718342781, 0.09427078813314438, 0.01399597804993391, -0.045576468110084534, 0.08339892327785492, 0.04364148527383804, 0.0006234230822883546, 0.013186761178076267, -0.00528383394703269, -0.016965411603450775, -0.006930109579116106, -0.0005172821693122387, -0.0219230055809021, 0.0007223929278552532, 0.028045518323779106, 0.02773822285234928, -0.07321120798587799, -0.018054522573947906, 0.011794816702604294, -0.0012861142167821527, -0.016947468742728233, -0.018015902489423752, -0.02909134328365326, -0.01057047862559557, 0.0050808461382985115, -0.009210187941789627, -0.029332250356674194, -0.013731233775615692, -0.0027617299929261208, -0.005316911265254021, -0.01285729743540287, -0.03316223993897438, -0.017801381647586823, -0.0001723401073832065, 0.017236215993762016, -0.0035453103482723236, 1744.5948663759277, 0.2044476866722107, 3385.1584551411293]",63,cat
3708,data/audio_cat-classification/NAYA_DATA_AUG1X/HuntingMind/Last_addCat232Chat.mp3,cat,"[-399.40557861328125, 76.13597869873047, -47.28733444213867, 10.976306915283203, 12.227794647216797, -5.9729766845703125, -22.283517837524414, -3.1729071140289307, -0.01685456559062004, -8.311092376708984, -12.120841979980469, -14.580310821533203, -12.163959503173828, -9.697541236877441, -11.287358283996582, -6.441651344299316, -5.069721698760986, -7.4318342208862305, -4.95048189163208, -8.451824188232422, 0.4279273450374603, 0.0288823414593935, 0.03337761387228966, -0.01818808726966381, 0.0041993712075054646, 0.036213599145412445, 0.04023173078894615, -0.01043657585978508, -0.034465424716472626, -0.05186031013727188, -0.03687489777803421, -0.024234477430582047, 0.006635194644331932, -0.03360474482178688, -0.05234141647815704, 0.007821353152394295, 0.034604743123054504, -0.04444790631532669, -0.1101490706205368, -0.05764606595039368, -0.561443030834198, -0.03640848770737648, 0.031194236129522324, 0.06997950375080109, -0.013819272629916668, 0.02421446330845356, 0.011308690533041954, -0.038443293422460556, -0.019391193985939026, 0.07974545657634735, 0.06617772579193115, 0.022170351818203926, 0.03279672563076019, -0.02556082047522068, -0.058822840452194214, -0.04709659516811371, 0.014529363252222538, 0.06502329558134079, 0.027230367064476013, 0.05509685352444649, 2567.1988085591393, 0.05204669013619423, 4637.910573075457]",63,cat
2480,data/audio_cat-classification/NAYA_DATA_AUG1X/Warning/car_extcoll0238.mp3,cat,"[-285.268310546875, 114.4881362915039, 18.0963191986084, 11.019156455993652, -3.68546724319458, -3.151240110397339, -5.478240966796875, -2.2858219146728516, -6.003727912902832, -7.1122589111328125, -6.5151777267456055, -2.202763795852661, -2.912260055541992, -5.154626369476318, 1.2764933109283447, -3.9288954734802246, -2.420786142349243, -2.0713891983032227, -5.839789390563965, -3.735480308532715, -1.1653790473937988, -0.5078414082527161, -0.036758046597242355, -0.01684664376080036, 0.05043454468250275, 0.05389109253883362, 0.04877306893467903, 0.0802973285317421, 0.09103064984083176, 0.0802774652838707, 0.02360500395298004, -0.0020343742799013853, 0.0317361019551754, 0.011687745340168476, 0.009246011264622211, 0.07160994410514832, -0.006230888422578573, 0.027202622964978218, 0.10459849238395691, 0.032104164361953735, -0.2629148066043854, 0.021401461213827133, 0.0277403537184, -0.002629464492201805, -0.0011365448590368032, 0.022617317736148834, -0.022223707288503647, -0.015203430317342281, 0.011175336316227913, 0.0045993747189641, 0.0010379540035501122, -0.009763346053659916, -0.016561390832066536, 0.003624223405495286, 0.008540276437997818, 0.0042940289713442326, -0.0018466598121449351, 0.018617995083332062, 0.007540230173617601, -0.013224857859313488, 1376.7823374570467, 0.15965048968791962, 2674.1251924612225]",63,cat
1193,data/audio_cat-classification/NAYA_DATA_AUG1X/Happy/cat_coll0131_aug1(1).mp3,cat,"[-327.8616943359375, 10.888397216796875, -5.577291488647461, -11.000320434570312, -10.018668174743652, -3.981605052947998, -7.391749382019043, -6.984340190887451, 0.6685078144073486, -1.9454418420791626, -3.049412727355957, -0.14608924090862274, -2.587181806564331, -5.557875633239746, -5.140739917755127, -8.448539733886719, -10.888368606567383, -4.768649578094482, 4.60833215713501, 14.36241626739502, 0.32608750462532043, 0.10609225183725357, -0.11750176548957825, -0.18238508701324463, -0.037766218185424805, -0.0052659581415355206, -0.03954905644059181, 0.053338319063186646, 0.15435956418514252, 0.05157379060983658, -0.10575069487094879, -0.0693981871008873, 0.03243633732199669, -0.0051832618191838264, 0.0072296797297894955, 0.03953846916556358, 0.0052703749388456345, -0.13531039655208588, -0.13686032593250275, -0.05549633875489235, -0.21933366358280182, -0.10804823040962219, -0.18106326460838318, -0.06433165073394775, 0.0419495552778244, 0.0653594508767128, 0.04538987949490547, 0.020338838919997215, -0.006242852192372084, -0.060976091772317886, -0.03329245746135712, 0.06005318462848663, 0.08568789064884186, 0.060615167021751404, 0.06909535080194473, 0.05321129783987999, 0.021739810705184937, -0.00874787662178278, -0.00409617368131876, -0.012169812805950642, 4348.044656546575, 0.2264639139175415, 7912.6318359375]",63,cat
877,data/audio_cat-classification/NAYA_DATA_AUG1X/Defence/Edit9030Hiss.mp3,cat,"[-236.95257568359375, 35.2354736328125, -21.09272003173828, 3.4793741703033447, -14.066567420959473, 3.8447725772857666, -11.470490455627441, 9.63461685180664, -9.877192497253418, 10.135331153869629, -12.39516544342041, 3.5205118656158447, -9.838194847106934, -4.367761611938477, -4.866281032562256, -5.590724945068359, -2.186448097229004, 3.6244566440582275, 0.5062402486801147, 1.9391766786575317, 10.10055160522461, 0.9855943322181702, -0.3707171380519867, -0.1968381553888321, -0.23028551042079926, -0.16784881055355072, 0.003855536226183176, 0.2491471767425537, -0.059860121458768845, 0.24630236625671387, 0.055126991122961044, -0.2791445553302765, -0.35310685634613037, -0.17395108938217163, -0.1114029809832573, 0.10904619097709656, -0.05480291694402695, -0.08141085505485535, 0.052620455622673035, -0.016856571659445763, -6.069204807281494, -0.3797416687011719, 0.4913249909877777, -0.2016339749097824, 0.3266083300113678, -0.062432482838630676, 0.0738137885928154, -0.17778615653514862, 0.16001048684120178, 0.005247690249234438, 0.01941942609846592, -0.0017273142002522945, 0.07989367097616196, -0.05108599737286568, 0.11527716368436813, 0.06983926892280579, 0.003418545937165618, -0.02820746786892414, 0.09108202904462814, 0.0048841191455721855, 3945.2270112719852, 0.2008536458015442, 7309.298983487216]",63,cat
3149,data/audio_cat-classification/NAYA_DATA_AUG1X/Angry/Online_Cat0525veryAng_aug1(1).mp3,cat,"[-278.9273376464844, 84.95801544189453, 4.484378814697266, -10.524043083190918, -2.669776201248169, -7.419525623321533, -7.905623912811279, -7.69282341003418, -8.133463859558105, -3.3915295600891113, -0.7825887203216553, 1.0294092893600464, 7.322312355041504, 6.806736946105957, -0.9384418725967407, -3.8281095027923584, 0.11536354571580887, 2.5256149768829346, -1.9554188251495361, -9.593283653259277, 1.7933801412582397, 0.5197916030883789, 0.0036390135064721107, -0.048239272087812424, 0.0212835893034935, -0.023745261132717133, -0.01935998909175396, -0.002064270433038473, -0.01526546012610197, -0.06228748336434364, -0.050925008952617645, -0.020801808685064316, 0.016771893948316574, 0.04530101269483566, 0.035852499306201935, 0.04617582634091377, 0.024475574493408203, -0.06113816797733307, -0.0464450903236866, 0.00952541921287775, -0.03432031348347664, 0.02011697180569172, 0.011035776697099209, -0.020718995481729507, -0.00719703733921051, 0.019858671352267265, 0.0010142799001187086, -0.006250500679016113, 0.015083115547895432, -0.0003689182340167463, -0.011921728029847145, -0.01707892306149006, 0.013270248658955097, 0.00978455413132906, 0.0037894053384661674, 0.015888787806034088, -0.00041716996929608285, 0.005485472269356251, 0.005786405876278877, 0.0024147280491888523, 1870.1508567550925, 0.15354925394058228, 4035.983185720916]",63,cat
3834,data/audio_cat-classification/NAYA_DATA_AUG1X/HuntingMind/catchatter010.mp3,cat,"[-350.427734375, 91.6538314819336, -6.119322776794434, -1.9262752532958984, 8.35026741027832, 2.4043056964874268, 9.518315315246582, 0.5722051858901978, -2.4290595054626465, -2.7953429222106934, -2.5790469646453857, -3.9971706867218018, -1.986148715019226, 5.188800811767578, 4.769807815551758, 5.1038899421691895, 0.7684627771377563, 0.4701327681541443, 1.7758561372756958, -0.9705482125282288, 0.1609109789133072, 0.00235928688198328, 0.02132074162364006, -0.07642572373151779, -0.0866740345954895, -0.012938547879457474, 0.09070093184709549, 0.10482422262430191, -0.03381999582052231, -0.026596808806061745, 0.0462871715426445, 0.0328303724527359, 0.039937540888786316, 0.0026696338318288326, -0.013801375404000282, -0.008836149238049984, -0.025886060670018196, -0.028075100854039192, -0.03341228514909744, -0.03426910564303398, -0.13394685089588165, 0.03871145099401474, -0.048045672476291656, -0.0009491418022662401, -0.009961887262761593, 0.01031890232115984, -0.023357084020972252, -0.04800795763731003, 0.019390925765037537, -0.005564447958022356, -0.010244298726320267, 0.012410919182002544, 0.014408118091523647, 0.02554503083229065, -0.005865553393959999, -0.015250924043357372, -0.009505082853138447, 0.0015578399179503322, 0.02491636388003826, 0.02052191272377968, 2666.488277085661, 0.0710505023598671, 5921.514253581904]",63,cat
751,data/audio_cat-classification/NAYA_DATA_AUG1X/Defence/Edit9021Hiss.mp3,cat,"[-178.2801055908203, 44.8160400390625, 18.424264907836914, 11.436633110046387, -8.549646377563477, 0.67437744140625, -19.485437393188477, 10.595885276794434, -4.933972358703613, 6.943584442138672, -13.228485107421875, -2.0846750736236572, -4.752373218536377, -4.258886814117432, 1.485152006149292, -3.371715784072876, 2.0785133838653564, -4.929208755493164, 0.6078481674194336, -0.007626730483025312, 4.467206954956055, 1.435331106185913, 0.8205886483192444, 0.35630375146865845, -0.17710864543914795, -0.07601280510425568, 0.016540341079235077, 0.08669048547744751, -0.006466494873166084, -0.08012159168720245, 0.07291105389595032, 0.3717283606529236, 0.1559862494468689, 0.14906054735183716, -0.030822966247797012, -0.0598885640501976, -0.11522335559129715, 0.0778258666396141, 0.13319434225559235, -0.07848472148180008, -4.838278293609619, 0.43367692828178406, -0.17845536768436432, 0.07865893095731735, 0.3671318590641022, 0.0651286318898201, 0.22540660202503204, -0.2666460871696472, 0.16371940076351166, -0.07117655873298645, 0.409605473279953, 0.3752439618110657, -0.020190151408314705, 0.025075996294617653, 0.13130024075508118, 0.08108438551425934, -0.21148082613945007, 0.014583948068320751, 0.017287669703364372, -0.012114247307181358, 4098.1887519346965, 0.16363124549388885, 7267.690111243207]",63,cat
3366,data/audio_cat-classification/NAYA_DATA_AUG1X/Angry/cat_flickr0149_aug1(1).mp3,cat,"[-256.1175537109375, 100.71409606933594, -31.5108642578125, 44.55177688598633, -26.11265754699707, 32.386024475097656, -19.714115142822266, 15.185199737548828, 7.913081169128418, 7.206291198730469, -6.521549701690674, 3.9481515884399414, 12.082706451416016, 4.674899578094482, 14.323275566101074, 13.083717346191406, 8.014500617980957, 0.33081668615341187, 8.934078216552734, -10.174449920654297, 2.3459324836730957, 0.8045839667320251, -0.2180652767419815, 0.25333449244499207, -0.026377348229289055, 0.1655481904745102, -0.15584386885166168, 0.05641976371407509, 0.07807569950819016, 0.10950876772403717, -0.028275640681385994, -0.03552630543708801, 0.05522584170103073, 0.004073210526257753, 0.09828611463308334, 0.08579187095165253, 0.08430936932563782, 0.073133684694767, 0.10548058897256851, 0.0037574288435280323, -0.01702607236802578, 0.0270229522138834, 0.04447896406054497, -0.009052008390426636, 0.022898999974131584, -0.007571598049253225, 0.004068809561431408, -0.027769245207309723, 0.008090936578810215, 0.006371083669364452, 0.025145266205072403, -0.017841370776295662, 0.019398143514990807, 0.016353949904441833, -0.012806883081793785, -0.01287810318171978, -0.012201099656522274, 0.01256688591092825, 0.01506140735000372, 0.027761079370975494, 1786.9467567190243, 0.08213412016630173, 3488.5143352004716]",63,cat
4778,data/audio_cat-classification/NAYA_DATA_AUG1X/MotherCall/Last_addCat323Pill_aug1(1).mp3,cat,"[-299.6973876953125, 23.918546676635742, 8.507279396057129, 1.133391261100769, 13.42651081085205, 13.411483764648438, 15.096786499023438, 7.151559352874756, -3.4984073638916016, 3.54521107673645, 5.238528251647949, 3.295520544052124, -4.821897983551025, 1.7443935871124268, 4.609068870544434, 0.563526451587677, 1.4057815074920654, -0.8889820575714111, -1.9011725187301636, 3.929028272628784, 0.3450603485107422, 0.008166734129190445, -0.006727165542542934, -0.16674132645130157, -0.10559037327766418, 0.03159085661172867, 0.07976660877466202, -0.005786053836345673, -0.02307099662721157, 0.05453861132264137, 0.09735028445720673, 0.08868163079023361, -0.006515044718980789, -0.01770898699760437, 0.017464984208345413, -0.0025717439129948616, -0.05576248839497566, -0.06481063365936279, -0.10008846968412399, -0.037622418254613876, -0.19795559346675873, -0.04509755223989487, 0.06576387584209442, -0.04110568016767502, -0.04835308715701103, -0.02585010416805744, 0.002692622132599354, 0.015490241348743439, -0.05032337084412575, -0.03293445333838463, 0.03995418921113014, 0.06903818994760513, 0.03628202900290489, -0.008134590461850166, -0.003306752536445856, 0.0007474302547052503, -0.027797332033514977, 0.014035305939614773, 0.02708854340016842, 0.0284576416015625, 4602.68285858954, 0.172008216381073, 8834.387548009776]",63,cat
2836,data/audio_cat-classification/NAYA_DATA_AUG1X/Warning/LastEntry_cat1008Grl.mp3,cat,"[-352.20477294921875, 87.24276733398438, -3.112966299057007, 11.256699562072754, -12.86198902130127, -12.067602157592773, -8.64579963684082, -16.950855255126953, 2.8793535232543945, -7.4991865158081055, 13.161340713500977, -8.85566520690918, 7.111515522003174, -8.882343292236328, -1.4672751426696777, -9.431941986083984, -5.558939456939697, -3.4423727989196777, -5.781368255615234, 7.51674747467041, 0.26509734988212585, 0.010338705033063889, -0.027156446129083633, -0.0219203382730484, -0.023231161758303642, -0.029736990109086037, -0.006113884039223194, -0.012895327992737293, -0.00744420662522316, 0.013788501732051373, 0.02530650794506073, 0.0054225018247962, -0.0005795916658826172, -0.006264419294893742, -0.007869664579629898, -0.023330260068178177, -0.016903318464756012, -0.020875854417681694, -0.018808025866746902, 0.011059382930397987, -0.23702000081539154, -0.013107124716043472, 0.02055230364203453, 0.018502432852983475, 0.014801411889493465, 0.006751504261046648, 0.004831445403397083, 0.02297680824995041, 0.003548622829839587, -0.0031964259687811136, -9.72943234955892e-06, 0.0067674838937819, 0.008713224902749062, 0.020596938207745552, -0.006624327506870031, 0.006823827978223562, -0.014795303344726562, -0.010017011314630508, 0.017340684309601784, 0.003503125160932541, 2434.454436717278, 0.06886500120162964, 4947.200467469263]",63,cat
315,data/audio_cat-classification/NAYA_DATA_AUG1X/Paining/cat_flickr0183_aug1(1).mp3,cat,"[-226.76670837402344, 44.61708450317383, -15.895792961120605, 5.436102390289307, 0.27348798513412476, 13.269352912902832, -7.6587724685668945, 15.415473937988281, -7.518054962158203, -1.4783680438995361, -1.9082633256912231, -2.869453191757202, -2.4476609230041504, 3.229419231414795, 5.122291088104248, 1.119860053062439, -2.7369384765625, -0.9314168691635132, -4.516636371612549, -0.7720763683319092, 1.5955318212509155, 0.26953986287117004, 0.004631302319467068, 0.07933961600065231, 0.04590635374188423, 0.04389847069978714, -0.023046230897307396, 0.023592673242092133, -0.014066594652831554, -0.008271733298897743, -0.03569021448493004, 0.003427838208153844, -0.022895850241184235, -0.0310426764190197, -0.027460463345050812, 0.0009596910094842315, 0.028489023447036743, 0.05140063911676407, 0.020378202199935913, -0.005684139672666788, 0.17630229890346527, 0.021270351484417915, 0.017581138759851456, 0.011963973753154278, -0.01061272993683815, -0.006258562207221985, -0.005123119335621595, 0.01204743143171072, -0.009205980226397514, -0.002243291586637497, 0.0026273359544575214, -0.002691238420084119, 0.003311933483928442, -0.0023974271025508642, 0.0029062044341117144, 0.003199581988155842, 0.003072249237447977, 0.001035351655445993, -0.0009850935311987996, 0.0022868020460009575, 3395.969314695218, 0.12837734818458557, 6820.588435683139]",63,cat
5587,data/audio_cat-classification/NAYA_DATA_AUG1X/Resting/cat_flickr01319_aug1(1).mp3,cat,"[-120.26429748535156, 74.79891967773438, 28.803865432739258, 17.586013793945312, 5.170982837677002, -7.156226634979248, -12.66270637512207, -14.395520210266113, -8.95846176147461, -15.492708206176758, -13.456009864807129, -3.767298698425293, -5.328268527984619, -11.034000396728516, -3.8913605213165283, -5.099838733673096, -4.181527614593506, -12.944183349609375, -7.081298828125, -5.248979568481445, -2.208874225616455, -0.11824452131986618, 0.016651680693030357, -0.008783490397036076, 0.009793383069336414, -0.030452292412519455, -0.05661817267537117, 0.053757194429636, 0.07263799011707306, 0.08651204407215118, 0.03698099032044411, -0.025896809995174408, -0.09662628173828125, 0.04226742684841156, 0.08002103865146637, 0.08384308964014053, 0.0012332606129348278, -0.0032192268408834934, 0.024846481159329414, 0.02367549203336239, -1.198561429977417, -0.1577795445919037, -0.1301811933517456, -0.09038085490465164, -0.03969801962375641, 0.010830760933458805, 0.0731872096657753, 0.04554375633597374, -0.019689509645104408, -0.02846117503941059, 0.04001859948039055, 0.05477520078420639, 0.07470037043094635, 0.023045098409056664, -0.05595781281590462, -0.02686266228556633, 0.034490521997213364, 0.06464346498250961, 0.018413212150335312, 0.0031321828719228506, 2905.3835383846667, 0.06335115432739258, 7167.441431035851]",63,cat
3497,data/audio_cat-classification/NAYA_DATA_AUG1X/Angry/LastEntry_cat1281Ang.mp3,cat,"[-182.36582946777344, 88.34284210205078, -40.8086051940918, -17.952425003051758, -33.20134353637695, 11.239392280578613, -15.86558723449707, 16.133756637573242, -4.009459495544434, -16.543027877807617, -14.752336502075195, 7.546065330505371, 8.542922973632812, 5.055720806121826, 11.534248352050781, 2.6625688076019287, -7.299875259399414, -4.861748695373535, -1.6904127597808838, 11.874935150146484, 1.213609218597412, 0.38560184836387634, -0.23118780553340912, -0.26403722167015076, -0.19876205921173096, -0.17536108195781708, -0.17052751779556274, 0.07166766375303268, 0.035484444350004196, -0.004890045151114464, 0.022513074800372124, 0.048275891691446304, 0.029144110158085823, -0.06449402868747711, 0.03705810010433197, -0.03178220987319946, -0.10742679238319397, 0.11251864582300186, 0.14915964007377625, 0.18582025170326233, -0.36075538396835327, -0.3190896511077881, -0.034607041627168655, -0.05609767138957977, 0.15216849744319916, -0.021396122872829437, -0.040106821805238724, 0.050088562071323395, -0.03071916475892067, 0.00583128584548831, 0.005043651908636093, -0.04323570802807808, 0.02177976444363594, 0.13695043325424194, 0.08713278919458389, 0.01901986077427864, 0.028187349438667297, -0.011122221127152443, 0.0005313994479365647, -0.017969965934753418, 1904.135528965654, 0.001673527411185205, 3328.6185886548915]",63,cat
149,data/audio_cat-classification/NAYA_DATA_AUG1X/Paining/cat_youtube01211_aug1(1).mp3,cat,"[-142.780029296875, 86.83679962158203, -7.937802791595459, 27.799461364746094, 5.721994876861572, 13.476117134094238, -8.785298347473145, 4.228493690490723, 2.746518135070801, -2.993860960006714, -7.4947919845581055, -7.741078853607178, -4.85829496383667, -7.91318941116333, -1.1144638061523438, -2.9430572986602783, -1.6599774360656738, -0.3764256536960602, -5.793481826782227, -3.6097066402435303, -1.1471142768859863, -0.5868646502494812, -0.005127663258463144, -0.1266067773103714, -0.07459387183189392, -0.011703431606292725, -0.004822588991373777, -0.05264753848314285, -0.026817213743925095, -0.03152084723114967, 0.03884141147136688, 0.0071199131198227406, 0.03331126645207405, 0.032786693423986435, -0.0052451565861701965, 0.02027576044201851, -0.0012352762278169394, -0.03779127448797226, -0.04797475412487984, -0.0335577055811882, -0.08357216417789459, 0.10656849294900894, 0.006052709650248289, -0.02376093715429306, -0.02185121178627014, -0.0340317077934742, 0.02554456517100334, 0.00392331276088953, -0.017649466171860695, -0.02248476631939411, -0.019354701042175293, -0.008476112969219685, -0.018017597496509552, -0.030595682561397552, -0.018043288961052895, -0.0233463142067194, -0.00783594511449337, 0.008162187412381172, -0.0005732574500143528, 0.005373294465243816, 2397.647835360852, 0.03426090255379677, 5103.604905622719]",63,cat
2042,data/audio_cat-classification/NAYA_DATA_AUG1X/Mating/YashLL_Cat0230Mating_aug1(1).mp3,cat,"[-65.71385955810547, 54.08419418334961, 16.82230567932129, 6.075177192687988, 3.79937744140625, -18.031505584716797, -1.1861705780029297, -24.328718185424805, -7.4345903396606445, -9.198864936828613, -7.861813068389893, -2.3150203227996826, -3.165426731109619, -2.2867865562438965, -5.321254253387451, -5.2129411697387695, -5.378138065338135, -8.068645477294922, -4.061241149902344, -8.197622299194336, -0.6273623108863831, -0.07588876038789749, -0.046270668506622314, -0.08544394373893738, 0.004269670229405165, 0.06352537870407104, -0.031495966017246246, 0.023597868159413338, 0.020008178427815437, 0.00011411579907871783, 0.07436394691467285, 0.07952175289392471, 0.016359703615307808, 0.0325312614440918, 0.06495212763547897, -0.03181898966431618, -0.013781335204839706, -0.04443427547812462, -0.09973640739917755, -0.0037357101682573557, -0.9203004240989685, -0.08135490864515305, 0.021246103569865227, 0.004414966329932213, 0.0034084732178598642, -0.017341697588562965, -0.05694980546832085, 0.023934800177812576, 0.040342897176742554, 0.03974558040499687, 0.043208543211221695, -0.023872407153248787, -0.006548324599862099, -0.0036258967593312263, 0.014662131667137146, -0.002040339168161154, -0.02877507358789444, -0.029424430802464485, 0.009134311228990555, 0.03291182592511177, 4171.413442398754, 0.17519408464431763, 9212.907548384233]",63,cat
3985,data/audio_cat-classification/NAYA_DATA_AUG1X/HuntingMind/LastEntry_cat1024Chat.mp3,cat,"[-505.5912780761719, 67.0976791381836, -27.822187423706055, 37.87934875488281, -3.437730550765991, 24.673503875732422, -7.705468654632568, 24.363435745239258, -3.281768560409546, 9.618964195251465, -4.780912399291992, 14.36971378326416, 0.04839576780796051, 4.2723870277404785, -0.3280933201313019, 6.2934346199035645, -5.49345588684082, 5.043285846710205, 0.7376630902290344, 3.8061647415161133, 1.517263412475586, -0.07615971565246582, -0.32144299149513245, 0.26963409781455994, -0.06671848893165588, -0.16773156821727753, -0.10997383296489716, 0.4010028541088104, 0.058819275349378586, -0.015157760120928288, -0.2006763070821762, 0.13579025864601135, 0.13215768337249756, 0.13125982880592346, 0.04593811556696892, 0.0013292160583660007, -0.018843738362193108, 0.07795441895723343, 0.10341894626617432, 0.1907820850610733, -1.2742135524749756, 0.09019816666841507, 0.3660217821598053, -0.034178026020526886, 0.21706515550613403, 0.028932787477970123, 0.06832046806812286, -0.23678502440452576, 0.0697401836514473, 0.0915781557559967, 0.2173037976026535, -0.057899847626686096, -0.11775168031454086, -0.018916893750429153, 0.006180736236274242, 0.010601343587040901, 0.06529653072357178, 0.04956096038222313, -0.05275692045688629, -0.10014867037534714, 2773.367170873605, 0.0366249717772007, 5685.4546875]",63,cat
290,data/audio_cat-classification/NAYA_DATA_AUG1X/Paining/cat_youtube01210.mp3,cat,"[-271.0443115234375, 83.61030578613281, -23.814729690551758, 37.03444290161133, -2.02938175201416, 15.512279510498047, -11.38652229309082, 7.461268424987793, -1.551515817642212, 0.26430729031562805, -4.07029914855957, -10.255904197692871, 3.8362889289855957, -14.856952667236328, -1.6221065521240234, -1.2529034614562988, -3.933527708053589, 1.483805537223816, -4.05844259262085, -4.418968677520752, -0.036321625113487244, -0.17328427731990814, -0.010298510082066059, 0.044359300285577774, 0.02842666022479534, 0.02148091420531273, 0.06839590519666672, 0.023872919380664825, 0.021598635241389275, 0.026808543130755424, -0.02600187622010708, 0.02008041739463806, 0.007831620052456856, 0.02970854938030243, 0.011213626712560654, -0.014547943137586117, -0.015928788110613823, -0.055552367120981216, -0.02908332459628582, -0.021408068016171455, -0.2389250546693802, 0.0468473806977272, -0.014222594909369946, -0.048370711505413055, 3.3106960472650826e-05, 0.0009873714298009872, 0.029205167666077614, -0.0019912817515432835, -0.002051910385489464, -0.007655034307390451, -0.01789497397840023, -0.010349140502512455, 0.021816221997141838, 0.019710764288902283, 0.013730301521718502, 0.0021912837401032448, 0.01651056855916977, 0.027020404115319252, 0.01428384892642498, 0.0016467258101329207, 2519.784694625387, 0.02172187529504299, 5054.213426933914]",63,cat
453,data/audio_cat-classification/NAYA_DATA_AUG1X/Paining/Online_Cat0417hlp_aug1(1).mp3,cat,"[-296.9951171875, 67.64645385742188, -77.73497772216797, -20.8846378326416, -35.23941421508789, -9.231675148010254, -34.89106369018555, -10.885913848876953, -9.707832336425781, -14.751993179321289, -11.829473495483398, -19.728103637695312, -11.252327919006348, -1.0207879543304443, -4.873125076293945, 2.1265015602111816, -1.5039628744125366, 5.136372089385986, -5.670105934143066, -9.026567459106445, -0.7108571529388428, -0.6007534265518188, 0.17348818480968475, 0.32096371054649353, -0.007654472254216671, 0.03411758318543434, 0.07746610045433044, 0.10787561535835266, 0.08118322491645813, 0.030648963525891304, 0.012033744715154171, 0.03622174635529518, -0.021906182169914246, -0.014425637200474739, 0.04239076375961304, 0.06171530857682228, 0.029698794707655907, 0.021924270316958427, -0.026018917560577393, -0.05821887403726578, -0.2342788726091385, -0.10078388452529907, 0.08263581991195679, 0.06231509894132614, 0.017197836190462112, 0.07893777638673782, 0.061036333441734314, 0.02130201645195484, 0.006757650524377823, -0.002519723027944565, 0.0066757770255208015, 0.027869122102856636, 0.028071260079741478, 0.015325037762522697, 0.032138459384441376, 0.032486241310834885, 0.020439257845282555, -0.0018721054075285792, -0.010133993811905384, -0.010013643652200699, 2056.2718757944976, 0.08096520602703094, 3403.0668660664237]",63,cat
2273,data/audio_cat-classification/NAYA_DATA_AUG1X/Mating/cat_youtube64359.mp3,cat,"[-467.8634948730469, 89.73741912841797, 15.469624519348145, 8.717374801635742, 11.265802383422852, 16.33945083618164, 0.8520388603210449, 5.736774444580078, -7.059811115264893, 7.067500591278076, 2.7674663066864014, -3.986126661300659, -3.0813236236572266, 0.08418849110603333, -3.832533597946167, 0.11696210503578186, -4.346673965454102, -7.025455951690674, 0.08626823127269745, -0.8205708861351013, 0.2881576418876648, -0.10440491139888763, -0.03984339162707329, 0.024129342287778854, 0.09533274173736572, 0.1093800738453865, 0.05998869612812996, 0.07810050249099731, 0.03511965274810791, 0.013204800896346569, 0.03767427057027817, 0.03543347492814064, 0.021382592618465424, -0.009940335527062416, 0.011063886806368828, 0.061856575310230255, 0.0422116219997406, 0.045268669724464417, 0.040566083043813705, -0.027265338227152824, -0.3281371295452118, -0.013623084872961044, 0.006762214936316013, 0.01983337290585041, 0.015554637648165226, 0.031198007985949516, 0.017420725896954536, -0.006344028282910585, 0.005614641588181257, -0.0035706553608179092, 0.011250111274421215, 0.01416758168488741, 0.0014229916268959641, 0.019206639379262924, 0.016381574794650078, -0.005612003616988659, 0.032257430255413055, 0.017794162034988403, -0.0005736364983022213, -0.0004883126239292324, 2421.0780071267704, 0.03266920894384384, 6130.7295949835525]",63,cat
893,data/audio_cat-classification/NAYA_DATA_AUG1X/Defence/Cat_Hiss1088.mp3,cat,"[-147.15548706054688, 49.26428985595703, -39.17250061035156, -18.401277542114258, -24.585792541503906, -11.202548027038574, -3.8483664989471436, -8.164860725402832, -9.736705780029297, -1.7892398834228516, -4.29559326171875, -5.140264511108398, 0.44710567593574524, -1.4164930582046509, -1.663447618484497, -4.358048915863037, -4.032689571380615, -0.9199498891830444, -3.9554245471954346, 1.7663806676864624, 2.837608575820923, -0.017620636150240898, 0.34805387258529663, -0.1361745297908783, -0.6077472567558289, -0.1883334070444107, 0.11139571666717529, -0.16548146307468414, -0.14561320841312408, -0.17765343189239502, 0.12758740782737732, 0.21578605473041534, 0.09779320657253265, 0.0452428013086319, 0.13707968592643738, 0.191563218832016, 0.014445739798247814, 0.10776791721582413, 0.021385937929153442, 0.020556548610329628, -0.452862411737442, -0.2534662187099457, 0.1032055914402008, 0.020188553258776665, -0.2676873207092285, -0.07065258175134659, 0.010503994300961494, -0.04610876739025116, -0.00632401742041111, 0.007665685843676329, -0.05450956150889397, -0.02577398531138897, -0.052455686032772064, -0.06973755359649658, -0.018739912658929825, -0.0031631169840693474, 0.06933122873306274, -0.008871886879205704, 0.027991043403744698, -0.011130579747259617, 3279.9424970942537, 0.13799968361854553, 6471.4550121410475]",63,cat
1837,data/audio_cat-classification/NAYA_DATA_AUG1X/Mating/cat03105_aug1(1).mp3,cat,"[-481.8329772949219, 93.95438385009766, 2.4978840351104736, 12.19908618927002, 8.97491455078125, -6.33017110824585, -5.876108646392822, 2.517953634262085, -2.887877941131592, -6.20544958114624, 0.021015118807554245, 7.763823986053467, 2.629279613494873, 1.3293206691741943, -0.4365415871143341, -0.4561617374420166, -3.176072597503662, -1.7644189596176147, 4.942317008972168, -0.6659443974494934, -1.303507685661316, -0.4588727355003357, -0.047793760895729065, -0.07725480198860168, 0.044433582574129105, 0.017459481954574585, 0.007454857230186462, 0.053905293345451355, -0.0005346766556613147, 0.020027032122015953, 0.004137780983000994, -0.054328352212905884, 0.05881981924176216, 0.003525679698213935, 0.02934134192764759, 0.03194310888648033, -0.029681770130991936, 0.02268834039568901, -0.02339298464357853, 0.03595168516039848, -0.13475726544857025, 0.04413789138197899, -0.010119234211742878, 0.01604720950126648, 0.03115699626505375, -0.001940446556545794, -0.0053957728669047356, 0.0017924694111570716, 0.01639886200428009, 0.020692037418484688, -0.001981758512556553, -0.00045351136941462755, 0.008892567828297615, 0.0020829839631915092, -0.01195450872182846, 0.010842536576092243, 0.009849456138908863, 0.0008884140406735241, -0.0012451991206035018, -0.015246194787323475, 1909.0714114965187, 0.08385857194662094, 4377.850110017801]",63,cat
1557,data/audio_cat-classification/NAYA_DATA_AUG1X/Happy/cat_flickr0112_aug1(1).mp3,cat,"[-266.13677978515625, 96.34761047363281, -34.1162223815918, -8.656198501586914, -6.021002292633057, -7.036768913269043, 0.08234570920467377, -7.181328296661377, -1.8605194091796875, -5.121911525726318, -13.683982849121094, -7.509505271911621, -1.7943460941314697, -2.4041638374328613, -1.2180256843566895, -6.721611022949219, -6.188303470611572, -3.5779194831848145, 0.27041956782341003, 4.493005752563477, 0.41500797867774963, 0.28686341643333435, -0.03346293792128563, -0.230643630027771, -0.24369892477989197, 0.0472915880382061, -0.008992592804133892, -0.1883743554353714, -0.0031213080510497093, 0.0931202620267868, -0.2038550227880478, -0.11562453955411911, 0.27185600996017456, 0.07032021135091782, -0.18972301483154297, -0.05644857510924339, -0.008126119151711464, -0.01537174079567194, 0.17104630172252655, 0.13964495062828064, -0.5359387993812561, -0.1515585035085678, 0.058838166296482086, 0.00349649740383029, -0.002274608938023448, -0.01937001571059227, -0.00883444119244814, 0.05461044982075691, 0.0006750989123247564, 0.01655946671962738, 0.001848174026235938, 0.06118376925587654, 0.1072978749871254, 0.012556816451251507, -0.010846560820937157, 0.05679106339812279, -0.0254096407443285, -0.0656200721859932, 0.06998438388109207, 0.06698193401098251, 2276.1405694671116, 0.02826688438653946, 4128.1417043585525]",63,cat
5646,data/audio_cat-classification/NAYA_DATA_AUG1X/Resting/cat_youtube01301_aug1(1).mp3,cat,"[-122.00981903076172, 90.50841522216797, 26.9612979888916, -12.106466293334961, -13.990354537963867, -12.1389799118042, -6.929784774780273, 2.5709805488586426, 2.0472476482391357, -5.299835205078125, -9.712244033813477, -11.86617660522461, -13.615474700927734, -6.942556381225586, -5.8053507804870605, -7.282402992248535, -11.699576377868652, -8.312639236450195, -4.004885673522949, -2.4654903411865234, -2.9962656497955322, -0.4485701024532318, -0.0005953579675406218, 0.09265598654747009, 0.11569686233997345, 0.09231069684028625, 0.04397360607981682, -0.010960099287331104, 0.04149681329727173, 0.07347622513771057, 0.023585865274071693, 0.022858522832393646, 0.0915934294462204, 0.04319000244140625, -0.027453375980257988, -0.022214645519852638, 0.07863243669271469, 0.057399455457925797, -0.017867019400000572, -0.009636134840548038, -0.11319679766893387, 0.030761990696191788, -0.07706993818283081, 0.005434803199023008, 0.001192219089716673, -0.016497651115059853, -0.011016769334673882, -0.00038095208583399653, -0.025312043726444244, -0.017704788595438004, 0.04129954054951668, 0.0203603096306324, -0.022328561171889305, -0.03840808570384979, 0.0024077091366052628, 0.02159164845943451, -0.003808434586971998, 0.01655491068959236, 0.028987882658839226, -0.02044054865837097, 2469.464148212858, 0.12355722486972809, 6317.289072944519]",63,cat
2683,data/audio_cat-classification/NAYA_DATA_AUG1X/Warning/LastEntry_cat1348Grl_aug1(1).mp3,cat,"[-161.8831329345703, 68.58000946044922, -81.866455078125, -4.721728324890137, -33.43968963623047, 19.013916015625, -7.790588855743408, 3.5280637741088867, -22.52971076965332, 16.334760665893555, -3.580439329147339, 2.120121717453003, -9.312561988830566, 8.051025390625, -5.790608882904053, -1.2202491760253906, -2.4388792514801025, -0.20075932145118713, -1.4205678701400757, 8.737792015075684, 2.2429990768432617, 0.5313650369644165, -0.1711404025554657, 0.027096256613731384, -0.2660861313343048, -0.05490493029356003, 0.016061143949627876, 0.08957995474338531, -0.0663539320230484, 0.055447306483983994, -0.05170830339193344, -0.0013151803286746144, -0.09910207241773605, -0.011480269953608513, 0.0007190529140643775, -0.10306243598461151, 0.007545160595327616, -0.009147901087999344, -0.052877191454172134, 0.026534728705883026, 0.01967310532927513, -0.0504077672958374, -0.0010601949179545045, -0.007545954547822475, 0.038505300879478455, -0.05976656824350357, 0.05508743226528168, -0.002601731801405549, 0.01202201284468174, -0.0036500345449894667, 0.01825680024921894, -0.008910046890377998, 0.02742110937833786, -0.007922951132059097, 0.02125958539545536, 0.00042632303666323423, 0.0249628946185112, -0.02620399370789528, -0.014898015186190605, -0.02484174631536007, 1973.0224794937421, 0.13142840564250946, 3382.3920853641057]",63,cat
1074,data/audio_cat-classification/NAYA_DATA_AUG1X/Defence/Edit9073Hiss_aug1(1).mp3,cat,"[-82.74891662597656, 82.6469955444336, -17.850696563720703, 7.961137771606445, -10.851781845092773, -34.48771286010742, -20.361125946044922, -7.611903667449951, -9.857682228088379, -0.7965983152389526, -15.437088966369629, -5.823657512664795, -15.838611602783203, -11.090632438659668, 0.3598223626613617, -7.830287933349609, -1.9773391485214233, -3.521876811981201, -0.802223801612854, -2.046170473098755, 5.914146900177002, 2.0008654594421387, -0.6445109248161316, 0.13949231803417206, 0.26407191157341003, -0.07731471210718155, 0.2254735678434372, 0.11107366532087326, -0.06813374161720276, 0.24443863332271576, -0.08795192092657089, -0.13617034256458282, -0.2094832956790924, 0.12497901916503906, 0.1052585169672966, -0.04203467443585396, -0.10093734413385391, 0.12505365908145905, 0.25419682264328003, -0.16015486419200897, -6.213864803314209, -1.934983253479004, 0.19447612762451172, -0.14520548284053802, 0.22996510565280914, 0.5188335180282593, 0.13359181582927704, -0.30079904198646545, 0.11533685028553009, 0.00032676130649633706, 0.1547003835439682, 0.31146275997161865, 0.3028486967086792, 0.22212104499340057, 0.04830556362867355, 0.08200914412736893, 0.1380358636379242, -0.1140548512339592, -0.06717958301305771, 0.16858646273612976, 2605.7154334566067, 0.06850989907979965, 5055.440398185484]",63,cat
1281,data/audio_cat-classification/NAYA_DATA_AUG1X/Happy/LastEntry_cat1033Hpy.mp3,cat,"[-219.71705627441406, 121.16365814208984, -44.292545318603516, 23.67755126953125, 8.57913875579834, 2.54295015335083, -10.15317153930664, 9.550212860107422, -0.9540333151817322, -0.8878815770149231, 2.910905122756958, 2.3199069499969482, 0.6860432028770447, -1.4952179193496704, 0.2068191021680832, 2.321453094482422, 1.358734369277954, -0.5944036841392517, 0.32436874508857727, 1.2727018594741821, 0.2923315465450287, 0.028661301359534264, -0.01760195754468441, -0.01711384393274784, -0.0556439645588398, -0.018915900960564613, -0.025268295779824257, -0.01878008060157299, 0.011639167554676533, 0.00824933871626854, -0.005419779568910599, 0.014373979531228542, -0.0017251349054276943, -0.01971524767577648, 0.01191339734941721, 0.03821182623505592, 0.0222806204110384, 0.013645624741911888, -0.014973556622862816, -0.03156225383281708, -0.22650492191314697, -0.03322846442461014, 0.027156556025147438, 0.01683802530169487, 0.019699780270457268, -0.004321040585637093, 0.021525360643863678, 0.007629103492945433, 0.007759471889585257, 0.013488543219864368, 0.008531874045729637, -0.013159915804862976, -0.00964659545570612, 0.024033252149820328, -0.006215095520019531, -0.005407937802374363, 0.00480322539806366, 0.008550507947802544, -0.004512234590947628, 0.003214846132323146, 1874.4098964433608, 0.013023869134485722, 3181.839772941843]",63,cat
4550,data/audio_cat-classification/NAYA_DATA_AUG1X/Fighting/YashLL_Cat0232Fit.mp3,cat,"[-58.23467254638672, 83.95052337646484, -77.01155090332031, 29.585283279418945, -13.458328247070312, 32.31311798095703, -34.8347053527832, 33.985233306884766, -15.42453670501709, 3.343019485473633, -4.346238613128662, 2.4837396144866943, -4.524745464324951, 3.51473069190979, 0.7197054028511047, -2.9261207580566406, 0.5023148059844971, 0.4078708291053772, 5.798193454742432, -2.778191566467285, 0.7529020309448242, 0.31261947751045227, 0.1631588339805603, 0.06652969866991043, -0.20902355015277863, 0.23710386455059052, -0.06904025375843048, -0.04215016961097717, -0.014534118585288525, 0.03770803287625313, -0.013852611184120178, 0.015095902606844902, -0.09578751772642136, 0.10042748600244522, -0.018985413014888763, -0.053286872804164886, 0.06246286630630493, -0.005931519903242588, 0.03903265669941902, -0.06270544975996017, -0.3267042934894562, -0.11626345664262772, 0.0864974707365036, -0.0132297333329916, 0.07231772691011429, -0.05189104750752449, 0.053247421979904175, -0.01135028526186943, 0.07763078808784485, -0.019681552425026894, 0.0476645827293396, 0.00017190069775097072, -0.016957370564341545, -0.0331735797226429, -0.021872930228710175, -0.02503615990281105, 0.0004139000957366079, 0.02047811821103096, 0.02071092277765274, 0.06843011826276779, 2676.4560428052205, 0.009733137674629688, 4720.170035013339]",63,cat
4357,data/audio_cat-classification/NAYA_DATA_AUG1X/Fighting/Last_addCat100ang.mp3,cat,"[-357.9584045410156, 150.0305633544922, -127.46504974365234, 10.644898414611816, 37.04170608520508, -35.966182708740234, 11.615482330322266, 6.467868804931641, -10.30090618133545, 19.944034576416016, -4.547863483428955, -7.88284969329834, 14.705510139465332, -4.434529781341553, 2.58164644241333, 13.636037826538086, -3.8919460773468018, 4.041690349578857, 4.381741523742676, -6.315210819244385, 0.259944349527359, 0.2091377228498459, -0.060771394520998, 0.03644897788763046, 0.02147670090198517, -0.041338399052619934, 0.014368630945682526, -0.07398439943790436, -0.07852671295404434, 0.018538543954491615, -0.022898590192198753, -0.023708567023277283, 0.023854142054915428, -0.020650794729590416, 0.011147554032504559, 0.021632252261042595, -0.04182516410946846, -0.005502347368746996, 0.015850113704800606, -0.021100884303450584, -0.20241323113441467, -0.1323586255311966, 0.06034642457962036, -0.006507703568786383, -0.016613341867923737, 0.029887933284044266, 0.0026746015064418316, 0.030421165749430656, 0.03917786106467247, -0.01021285355091095, 0.007243959233164787, 0.01660502701997757, -0.01774006336927414, -0.0024100523442029953, 0.00023801298812031746, -0.017827047035098076, -0.0031056194566190243, -0.007642022334039211, -0.015850747004151344, 0.0062080505304038525, 1811.7594563122009, 0.00048470517504028976, 2800.3887769235557]",63,cat
1142,data/audio_cat-classification/NAYA_DATA_AUG1X/Defence/Edit9018Hiss_aug1(1).mp3,cat,"[-83.17290496826172, 54.73456954956055, 23.0919132232666, 25.69361114501953, -3.414252519607544, 12.945433616638184, -11.526482582092285, 11.16537094116211, -7.764883518218994, 8.3698148727417, -10.179793357849121, -0.48256874084472656, -1.0743870735168457, -8.314961433410645, -5.323753356933594, -4.042396068572998, -4.018126964569092, -2.5494203567504883, -0.18217740952968597, -5.278843879699707, 2.793471336364746, 0.6472554802894592, 0.10649116337299347, -0.13029144704341888, -0.22798794507980347, 0.25757014751434326, 0.0715276226401329, 0.3222263753414154, -0.1281549334526062, 0.011311566457152367, -0.00790511816740036, 0.20913977921009064, 0.12842422723770142, -0.09175434708595276, 0.027566807344555855, 0.10555014759302139, 0.11880936473608017, 0.02824530005455017, 0.17088037729263306, -0.016621964052319527, -2.0627341270446777, -0.33145010471343994, -0.06861109286546707, 0.08721144497394562, 0.02330067940056324, -0.01854909583926201, 0.14132294058799744, -0.16997160017490387, -0.023225538432598114, -0.07116102427244186, 0.12526170909404755, 0.05619426071643829, -0.00037892840919084847, 0.004571053199470043, 0.007420279551297426, 0.0607793927192688, 0.028860347345471382, 0.0721820518374443, 0.09909845143556595, 0.06756362318992615, 3607.2363597688936, 0.11900265514850616, 6964.4006902521305]",63,cat
4237,data/audio_cat-classification/NAYA_DATA_AUG1X/Fighting/cat0334.mp3,cat,"[-187.3255615234375, 43.3231315612793, -89.17311096191406, 31.48967742919922, -2.450293779373169, 17.16264533996582, -19.210803985595703, -2.6187899112701416, 2.0003504753112793, 0.45719197392463684, -10.620379447937012, 1.93211829662323, 8.043334007263184, -6.101686000823975, -6.439001083374023, -2.7635793685913086, -1.5221388339996338, -8.060399055480957, -4.918358325958252, -0.568681538105011, 0.01826024241745472, -0.0814855769276619, 0.4807661771774292, -0.20617026090621948, 0.3887414336204529, 0.2585827112197876, -0.048034053295850754, -0.2939473092556, -0.02098560333251953, 0.27846142649650574, 0.10355616360902786, 0.2057938128709793, 0.043944504112005234, -0.018321849405765533, -0.30047136545181274, -0.06169785559177399, 0.16679513454437256, 0.06854654848575592, 0.018093924969434738, -0.09335250407457352, -0.8995427489280701, -0.02380678430199623, 0.12849931418895721, -0.08633354306221008, -0.0648704394698143, -0.09421144425868988, 0.07175805419683456, 0.012544156052172184, -0.001213129493407905, -0.00029292222461663187, -0.02551422081887722, 0.011590112000703812, -0.021315641701221466, -0.049072522670030594, -0.04524529352784157, 0.030214298516511917, 0.03466179966926575, 0.11444709450006485, 0.0807560458779335, -0.022784149274230003, 2838.2762077943667, 0.033231932669878006, 4578.931451612903]",63,cat
3341,data/audio_cat-classification/NAYA_DATA_AUG1X/Angry/cat27_aug1(1).mp3,cat,"[-209.6211700439453, 75.70465850830078, -32.58560562133789, -18.640422821044922, -3.3695919513702393, -14.617661476135254, -10.57119369506836, 16.005598068237305, -9.88027572631836, -19.4721736907959, 1.8818283081054688, -7.038014888763428, -3.2142152786254883, -7.56116247177124, -16.0147762298584, 3.112112522125244, 3.336073398590088, 8.800121307373047, 24.681415557861328, 4.6390557289123535, 1.5215853452682495, 0.4533369839191437, -0.11829456686973572, -0.1030004620552063, -0.08964770287275314, -0.1591527760028839, -0.051891304552555084, 0.07655858248472214, 0.02809351310133934, -0.07705278694629669, -0.01762925088405609, -0.03728066757321358, -0.08622663468122482, -0.04100770503282547, -0.03107195533812046, 0.028556350618600845, 0.018952960148453712, 0.02950766310095787, 0.09307903051376343, 0.04254418611526489, -0.017118602991104126, 0.017497286200523376, 0.008315550163388252, 0.0021676053293049335, 0.014215133152902126, 0.0032396854367107153, -0.010343037545681, -0.01190456748008728, 0.0010316622210666537, 0.013347051106393337, -0.019347626715898514, 0.016176169738173485, -0.0012474952964112163, -0.013871638104319572, 0.007361660711467266, -0.0035550238098949194, 0.006360812112689018, 0.007373909931629896, -0.030142158269882202, -0.0007544101681560278, 1668.5406981479416, 0.1399235725402832, 2820.7658225924124]",63,cat
2985,data/audio_cat-classification/NAYA_DATA_AUG1X/Angry/Cat_Angry1034.mp3,cat,"[-363.6208190917969, 113.60601806640625, -33.28904342651367, -19.686450958251953, -16.808334350585938, -1.1782857179641724, -5.684038162231445, -7.2746992111206055, -9.096816062927246, 2.8911750316619873, 5.67400598526001, -14.844636917114258, -7.233492851257324, -6.553808212280273, 2.1788933277130127, -4.066503047943115, -4.296841144561768, 3.1701509952545166, 7.584285259246826, 15.325228691101074, 1.330302357673645, 0.6868883371353149, -0.18349437415599823, -0.19144274294376373, -0.06317325681447983, -0.3341479003429413, -0.06687501072883606, 0.0006709147128276527, -0.40589994192123413, 0.08037072420120239, 0.10266514867544174, -0.11683790385723114, -0.22257445752620697, 0.009677426889538765, 0.04233027994632721, -0.12754008173942566, -0.21150991320610046, -0.14718741178512573, -0.025608008727431297, 0.035659268498420715, -0.3779837191104889, -0.40472421050071716, 0.12729661166667938, 0.02971101738512516, 0.06779052317142487, 0.1485818773508072, -0.01243260595947504, 0.038672056049108505, -0.12357006967067719, -0.10382699966430664, 0.0049344878643751144, 0.09921517223119736, 0.024891125038266182, -0.03850135952234268, 0.004182171542197466, 0.014471778646111488, -0.015399453230202198, -0.02113674208521843, -0.028610710054636, -0.003341504605486989, 1523.6732234556996, 0.0033068794291466475, 2379.8530824722784]",63,cat
655,data/audio_cat-classification/NAYA_DATA_AUG1X/Defence/Edit9076Hiss_aug1(1).mp3,cat,"[-83.19584655761719, 64.59235382080078, -57.59994125366211, 18.46902847290039, -18.112051010131836, -19.398767471313477, -25.231077194213867, 8.10055923461914, -13.783265113830566, 2.4172542095184326, -8.40330982208252, -13.465219497680664, -5.255049228668213, -2.1861727237701416, -2.8941733837127686, 0.04400951415300369, 1.1222542524337769, -3.498744249343872, 8.257914543151855, 2.2125604152679443, 14.260486602783203, 4.477601528167725, -3.773545265197754, 0.3195561170578003, -0.46688979864120483, -1.2341749668121338, -1.1318680047988892, 0.10050399601459503, -0.4836910665035248, -0.32389166951179504, -1.003015160560608, -0.4518602788448334, 0.3977237045764923, -0.04239242151379585, -0.5173642039299011, -0.44428911805152893, 0.05846605822443962, -0.07175778597593307, 0.24149398505687714, -0.10479309409856796, -5.42763614654541, -1.1816914081573486, 0.31110432744026184, -0.4902172386646271, 0.4763239920139313, 0.4055098295211792, 0.7221205234527588, -0.11019634455442429, 0.34077808260917664, -0.12601125240325928, 0.08656105399131775, 0.14346474409103394, 0.09705431014299393, -0.006555359344929457, -0.17818517982959747, -0.1877761334180832, -0.08049032837152481, 0.17041143774986267, -0.10988681763410568, -0.20632265508174896, 2932.311888146252, 0.09576049447059631, 4980.19921875]",63,cat
2498,data/audio_cat-classification/NAYA_DATA_AUG1X/Warning/Last_addCat337Grl.mp3,cat,"[-441.2330322265625, 92.88444519042969, 21.632659912109375, 9.612953186035156, 4.774631977081299, 2.4938623905181885, 1.4964776039123535, -2.8123841285705566, -4.245661735534668, -3.67102313041687, -3.722715139389038, -0.7398459315299988, -3.0955586433410645, -3.059619426727295, -3.459312677383423, -1.843396782875061, -1.0202058553695679, -0.30380895733833313, -1.140134334564209, -1.625709056854248, 0.687794029712677, -0.013076809234917164, 0.12479141354560852, 0.008791681379079819, -0.02815691940486431, 0.00620084535330534, -0.017292914912104607, 0.03566615656018257, 0.09308697283267975, 0.0757417231798172, 0.026685219258069992, 0.06126744672656059, 0.06630828231573105, 0.013370444998145103, 0.00886681117117405, -0.012787044048309326, 0.013428117148578167, 0.044500116258859634, -0.008046249859035015, -0.03466278687119484, -0.5349822044372559, 0.03457926958799362, -0.058010950684547424, 0.010456441901624203, -0.010300001129508018, -0.011895974166691303, 0.0025233887135982513, -0.025177747011184692, -0.04444466531276703, -0.057311154901981354, 0.009307991713285446, 0.06141657754778862, 0.006908000912517309, 0.013329770416021347, 0.05054458603262901, 0.027444390580058098, -0.0066972775384783745, 0.0130953099578619, -0.0014840596122667193, 0.036957260221242905, 2388.786930296044, 0.06389284133911133, 5518.23185982464]",63,cat
5515,data/audio_cat-classification/NAYA_DATA_AUG1X/Resting/cat_flickr01381 (3)_aug1(1).mp3,cat,"[-328.0287170410156, 128.7935333251953, 15.240739822387695, 36.24562454223633, -11.011930465698242, 23.501930236816406, -13.070640563964844, 18.944202423095703, -18.618072509765625, 12.77499771118164, -13.222054481506348, 8.700925827026367, -9.527345657348633, 2.6364495754241943, -10.365036964416504, 6.66103982925415, -14.182040214538574, 1.0312579870224, -7.31049919128418, -0.816369354724884, 0.08804332464933395, 0.09854596108198166, 0.13979505002498627, -0.02634178288280964, -0.03304996341466904, -0.03431873023509979, 0.09698736667633057, -0.025657786056399345, 0.11941221356391907, -0.038167890161275864, -0.011513843201100826, -0.028988324105739594, 0.006868258118629456, 0.006273826118558645, 0.07459130138158798, -0.00596235366538167, -0.07973989099264145, -0.06755853444337845, 0.01992415450513363, 0.06815161556005478, -0.6008513569831848, -0.13771937787532806, 0.033029451966285706, -0.07473494857549667, 0.07888604700565338, -0.07602768391370773, 0.023091744631528854, -0.03439086675643921, 0.027351049706339836, -0.057930074632167816, 0.034832555800676346, -0.02401782013475895, 0.04575350508093834, -0.0031748409382998943, 0.02756981924176216, 0.0008165677427314222, 0.020444050431251526, 0.006127605214715004, 0.004440348595380783, -0.01598706841468811, 1646.7894808368812, 0.008466408587992191, 4104.0234375]",63,cat
1652,data/audio_cat-classification/NAYA_DATA_AUG1X/Happy/cat01103.mp3,cat,"[-245.32122802734375, 123.946533203125, -55.57380676269531, 36.687294006347656, 8.844582557678223, 0.038967449218034744, -0.7480763792991638, 6.521566867828369, -3.364849805831909, -5.299302101135254, 3.9204916954040527, 2.8330790996551514, -1.9130516052246094, -2.3561084270477295, -6.110194206237793, -4.51020622253418, -2.3888490200042725, -3.7341129779815674, 2.207000970840454, 5.534978866577148, 0.4564304053783417, 0.05147465690970421, -0.13400985300540924, -0.07687907665967941, -0.046356283128261566, -0.04717467352747917, -0.11119799315929413, -0.03835982829332352, 0.015162556432187557, 0.048141058534383774, -0.06448893249034882, -0.05249819904565811, 0.07011257857084274, 0.01675681583583355, -0.07518409937620163, -0.07164184749126434, -0.036855656653642654, -0.021126428619027138, -0.0638381615281105, -0.028038060292601585, -0.5060924291610718, -0.04992322623729706, 0.06305380910634995, -0.01729416847229004, 0.031107360497117043, -0.001448476454243064, 0.009214455261826515, 0.007858510129153728, 0.005887671839445829, -0.04977967217564583, 0.0008922985289245844, 0.02208820916712284, -0.01862780936062336, -0.01393682137131691, 0.02639048546552658, 0.01126860175281763, -0.006125748623162508, 0.008273430168628693, 0.02281617745757103, 0.02045435830950737, 1868.3321207746187, 0.0036920609418302774, 2907.6942633006197]",63,cat
5015,data/audio_cat-classification/NAYA_DATA_AUG1X/MotherCall/Cat_pills0193.mp3,cat,"[-351.69427490234375, 100.47938537597656, 18.02002716064453, 12.063828468322754, 9.23238754272461, 9.921439170837402, 5.9769110679626465, 1.4891060590744019, -5.037071228027344, -0.21746113896369934, 3.3608503341674805, 1.417991280555725, 6.8643717765808105, -4.1815924644470215, -2.122720718383789, 1.271379828453064, -4.592877388000488, -1.4189521074295044, -3.597111701965332, -2.2279388904571533, 0.2657190263271332, 0.0993894413113594, 0.004008913412690163, -0.1289464384317398, 0.01547838095575571, 0.020453736186027527, -0.02981283701956272, -0.03147440031170845, 0.008211687207221985, -0.004923091735690832, -0.06570497155189514, 0.005692958831787109, -0.0037857273127883673, -0.05112692341208458, 0.029681872576475143, -0.0030761449597775936, 0.020045815035700798, 0.009493900462985039, -0.01768367551267147, -0.032004937529563904, -0.2511962354183197, 0.0016216227086260915, 0.010478973388671875, 0.009329493157565594, 0.018921898677945137, 0.00229904567822814, 0.01706530712544918, 0.024052923545241356, 0.03280802443623543, 0.005498400889337063, 0.011486545205116272, 0.02836005762219429, 0.022411955520510674, 0.035993482917547226, -0.013050612062215805, -0.026050515472888947, 0.01348061952739954, 0.009301654994487762, -0.021220259368419647, 0.005019547883421183, 2403.444258481798, 0.026783861219882965, 5498.3054669983185]",63,cat
